game_id,date,gameType,away_team,home_team,away_score,home_score,away_sog,away_faceoffWinningPctg,away_powerPlay,away_powerPlayPctg,away_pim,away_hits,away_blockedShots,away_giveaways,away_takeaways,home_sog,home_faceoffWinningPctg,home_powerPlay,home_powerPlayPctg,home_pim,home_hits,home_blockedShots,home_giveaways,home_takeaways
2023020001,2023-10-10,regular,NSH,TBL,3,5,31,0.433333,1/4,0.25,10,23,10,7,10,34,0.566667,2/5,0.4,8,22,17,8,8
2023020002,2023-10-10,regular,CHI,PIT,4,2,36,0.322034,0/4,0.0,4,13,16,2,12,41,0.677966,0/2,0.0,8,23,19,8,11
2023020003,2023-10-10,regular,SEA,VGK,1,4,33,0.408163,0/4,0.0,8,21,18,4,6,28,0.591837,0/4,0.0,21,29,21,13,16
2023020004,2023-10-11,regular,OTT,CAR,3,5,30,0.477612,0/4,0.0,14,24,16,9,3,42,0.522388,1/6,0.166667,10,25,9,13,5
2023020005,2023-10-11,regular,MTL,TOR,5,6,24,0.518519,1/4,0.25,25,43,15,10,8,42,0.481481,2/4,0.5,15,29,13,13,10
2023020006,2023-10-11,regular,CHI,BOS,1,3,21,0.37037,0/3,0.0,23,24,24,6,3,33,0.62963,0/3,0.0,13,25,9,6,4
2023020007,2023-10-11,regular,WPG,CGY,3,5,37,0.38961,0/4,0.0,6,26,14,5,7,22,0.61039,1/3,0.333333,8,19,25,15,8
2023020008,2023-10-11,regular,COL,LAK,5,2,37,0.484375,1/3,0.333333,19,25,23,6,5,36,0.515625,0/5,0.0,15,20,13,8,5
2023020009,2023-10-11,regular,EDM,VAN,1,8,27,0.539683,1/4,0.25,17,26,10,5,1,32,0.460317,3/6,0.5,13,25,13,7,7
2023020010,2023-10-12,regular,NYR,BUF,5,1,31,0.633333,1/4,0.25,8,18,23,3,4,25,0.366667,0/3,0.0,10,29,14,9,6
2023020011,2023-10-12,regular,PHI,CBJ,4,2,37,0.462963,0/3,0.0,10,18,17,6,8,33,0.537037,0/4,0.0,8,22,24,7,10
2023020012,2023-10-12,regular,DET,NJD,3,4,35,0.576271,2/4,0.5,12,25,14,9,10,27,0.423729,1/6,0.166667,8,33,11,17,7
2023020013,2023-10-12,regular,STL,DAL,1,2,24,0.474576,0/3,0.0,8,26,18,15,7,34,0.525424,0/4,0.0,6,18,15,13,14
2023020014,2023-10-12,regular,FLA,MIN,0,2,41,0.596774,0/3,0.0,12,11,11,7,9,21,0.403226,1/4,0.25,10,17,26,9,8
2023020015,2023-10-12,regular,SEA,NSH,0,3,23,0.4375,0/2,0.0,8,22,19,11,6,35,0.5625,0/3,0.0,6,33,21,11,6
2023020016,2023-10-12,regular,VGK,SJS,4,1,32,0.446429,0/1,0.0,9,16,10,6,9,23,0.553571,0/2,0.0,7,25,17,13,7
2023020017,2023-10-13,regular,ARI,NJD,4,3,33,0.508197,2/7,0.285714,12,22,16,2,2,36,0.491803,2/5,0.4,16,23,13,7,10
2023020018,2023-10-13,regular,PIT,WSH,4,0,35,0.552239,2/3,0.666667,13,19,22,14,4,19,0.447761,0/3,0.0,13,20,18,12,4
2023020019,2023-10-14,regular,PHI,OTT,2,5,21,0.383333,1/6,0.166667,19,23,8,9,3,31,0.616667,3/5,0.6,21,21,18,13,6
2023020020,2023-10-14,regular,FLA,WPG,4,6,33,0.397059,1/7,0.142857,19,16,10,10,2,35,0.602941,2/6,0.333333,21,16,16,13,6
2023020021,2023-10-14,regular,NSH,BOS,2,3,36,0.578125,0/7,0.0,10,33,21,8,8,30,0.421875,2/5,0.4,14,30,16,7,1
2023020022,2023-10-14,regular,NYR,CBJ,3,5,42,0.576271,1/3,0.333333,2,23,12,2,7,21,0.423729,1/1,1.0,6,25,27,5,8
2023020023,2023-10-14,regular,TBL,DET,4,6,25,0.54,1/2,0.5,4,27,11,2,2,42,0.46,0/1,0.0,6,22,21,8,6
2023020024,2023-10-14,regular,CHI,MTL,2,3,30,0.25,0/7,0.0,8,23,21,12,4,36,0.75,0/2,0.0,20,15,20,17,4
2023020025,2023-10-14,regular,CGY,PIT,2,5,36,0.53125,1/3,0.333333,6,12,5,3,3,29,0.46875,0/3,0.0,8,19,24,9,10
2023020026,2023-10-14,regular,MIN,TOR,4,7,32,0.485714,0/1,0.0,13,41,10,8,6,33,0.514286,2/3,0.666667,9,26,19,10,10
2023020027,2023-10-14,regular,BUF,NYI,2,3,28,0.353846,0/2,0.0,6,25,16,9,7,29,0.646154,0/3,0.0,4,32,15,20,9
2023020028,2023-10-14,regular,SEA,STL,1,2,31,0.596154,1/1,1.0,8,23,13,8,8,25,0.403846,0/4,0.0,2,21,17,14,13
2023020029,2023-10-14,regular,VAN,EDM,4,3,16,0.517241,1/3,0.333333,14,36,25,21,8,40,0.482759,2/7,0.285714,6,39,9,19,8
2023020030,2023-10-14,regular,COL,SJS,2,1,52,0.421875,0/5,0.0,8,20,18,11,7,21,0.578125,0/4,0.0,10,26,27,1,9
2023020031,2023-10-14,regular,ANA,VGK,1,4,23,0.482143,0/3,0.0,22,29,18,5,8,38,0.517857,2/6,0.333333,17,22,14,5,11
2023020032,2023-10-14,regular,CAR,LAK,6,5,19,0.470588,0/4,0.0,16,13,17,7,3,30,0.529412,2/7,0.285714,10,24,14,12,4
2023020033,2023-10-15,regular,TBL,OTT,2,5,24,0.576271,0/2,0.0,8,26,15,8,4,38,0.423729,0/2,0.0,6,17,15,8,5
2023020034,2023-10-15,regular,CAR,ANA,3,6,35,0.5,2/6,0.333333,20,13,9,5,4,25,0.5,0/2,0.0,28,16,29,2,5
2023020035,2023-10-16,regular,DET,CBJ,4,0,28,0.672727,2/5,0.4,13,11,13,2,2,23,0.327273,0/4,0.0,15,15,10,5,7
2023020036,2023-10-16,regular,FLA,NJD,4,3,30,0.516129,1/4,0.25,12,31,22,4,2,34,0.483871,2/5,0.4,10,40,9,7,5
2023020037,2023-10-16,regular,ARI,NYR,1,2,27,0.541667,1/5,0.2,44,20,14,4,3,28,0.458333,1/3,0.333333,38,23,15,11,10
2023020038,2023-10-16,regular,CHI,TOR,4,1,31,0.372881,1/4,0.25,11,42,28,13,5,36,0.627119,0/3,0.0,13,27,23,5,7
2023020039,2023-10-16,regular,CGY,WSH,2,3,40,0.612903,1/5,0.2,6,11,14,7,7,23,0.387097,0/3,0.0,10,17,20,12,16
2023020040,2023-10-17,regular,TBL,BUF,2,3,25,0.490566,0/4,0.0,11,20,10,7,4,31,0.509434,0/3,0.0,13,14,12,6,7
2023020041,2023-10-17,regular,MIN,MTL,5,2,35,0.454545,3/8,0.375,44,10,7,10,6,28,0.545455,0/5,0.0,40,29,20,15,4
2023020042,2023-10-17,regular,VAN,PHI,0,2,26,0.5,0/3,0.0,22,21,11,7,2,42,0.5,0/4,0.0,20,15,15,11,5
2023020043,2023-10-17,regular,ARI,NYI,0,1,14,0.34,0/3,0.0,8,18,13,8,3,34,0.66,1/3,0.333333,8,28,14,9,8
2023020044,2023-10-17,regular,EDM,NSH,6,1,30,0.491803,2/3,0.666667,11,26,13,14,11,44,0.508197,1/3,0.333333,11,28,10,19,8
2023020045,2023-10-17,regular,LAK,WPG,5,1,29,0.45283,1/5,0.2,17,20,17,8,5,27,0.54717,0/4,0.0,29,24,9,9,5
2023020046,2023-10-17,regular,COL,SEA,4,1,28,0.419355,0/2,0.0,15,11,22,4,10,38,0.580645,0/4,0.0,11,22,15,2,8
2023020047,2023-10-17,regular,CAR,SJS,6,3,42,0.530303,3/7,0.428571,22,12,10,5,12,16,0.469697,2/6,0.333333,14,13,32,6,3
2023020048,2023-10-17,regular,DAL,VGK,2,3,26,0.521127,0/2,0.0,18,23,17,2,3,34,0.478873,0/4,0.0,14,49,19,8,6
2023020049,2023-10-18,regular,WSH,OTT,1,6,24,0.396226,0/2,0.0,19,20,22,1,5,29,0.603774,1/5,0.2,13,16,14,4,10
2023020050,2023-10-18,regular,PIT,DET,3,6,33,0.54386,0/3,0.0,13,14,8,10,2,29,0.45614,2/3,0.666667,13,14,20,13,5
2023020051,2023-10-19,regular,CGY,BUF,4,3,36,0.553846,0/5,0.0,12,12,17,3,10,27,0.446154,1/5,0.2,12,22,12,12,9
2023020052,2023-10-19,regular,TOR,FLA,1,3,30,0.428571,1/5,0.2,8,31,17,11,5,24,0.571429,0/4,0.0,10,23,26,17,6
2023020053,2023-10-19,regular,NSH,NYR,4,1,27,0.46,2/4,0.5,8,25,21,3,4,24,0.54,1/4,0.25,8,33,10,7,6
2023020054,2023-10-19,regular,EDM,PHI,1,4,23,0.477612,0/2,0.0,8,17,6,4,2,32,0.522388,0/4,0.0,4,16,19,6,7
2023020055,2023-10-19,regular,VAN,TBL,3,4,29,0.542373,0/1,0.0,11,21,11,2,3,36,0.457627,2/3,0.666667,7,18,23,3,4
2023020056,2023-10-19,regular,LAK,MIN,7,3,27,0.393939,0/0,0.0,8,22,8,6,3,32,0.606061,0/4,0.0,0,28,13,9,2
2023020057,2023-10-19,regular,ARI,STL,6,2,42,0.554054,3/4,0.75,14,15,9,5,6,26,0.445946,0/2,0.0,8,26,14,9,17
2023020058,2023-10-19,regular,VGK,WPG,5,3,27,0.595745,2/2,1.0,4,23,17,12,9,39,0.404255,1/2,0.5,4,25,22,13,9
2023020059,2023-10-19,regular,DAL,ANA,3,2,24,0.634615,2/5,0.4,8,18,19,5,3,29,0.365385,0/4,0.0,10,27,12,13,4
2023020060,2023-10-19,regular,CAR,SEA,4,7,36,0.455882,1/2,0.5,13,16,17,1,8,36,0.544118,2/4,0.5,9,23,19,7,8
2023020061,2023-10-19,regular,CHI,COL,0,4,18,0.471698,0/4,0.0,6,17,16,2,6,41,0.528302,1/3,0.333333,8,9,9,5,6
2023020062,2023-10-19,regular,BOS,SJS,3,1,36,0.467742,0/1,0.0,6,15,18,8,3,27,0.532258,0/3,0.0,2,27,10,6,8
2023020063,2023-10-20,regular,CGY,CBJ,1,3,37,0.425926,0/2,0.0,24,23,18,4,4,29,0.574074,0/2,0.0,11,9,17,6,6
2023020064,2023-10-20,regular,NJD,NYI,5,4,39,0.483333,4/5,0.8,6,15,9,7,7,32,0.516667,0/2,0.0,12,28,24,12,7
2023020065,2023-10-21,regular,DET,OTT,5,2,23,0.381818,3/5,0.6,23,23,17,9,4,37,0.618182,1/6,0.166667,21,25,11,16,2
2023020066,2023-10-21,regular,ANA,ARI,1,2,33,0.409091,1/3,0.333333,19,34,16,5,2,27,0.590909,1/5,0.2,15,24,16,12,6
2023020067,2023-10-21,regular,NYI,BUF,1,3,25,0.321429,0/3,0.0,11,44,22,5,4,42,0.678571,0/3,0.0,11,19,12,6,7
2023020068,2023-10-21,regular,VAN,FLA,5,3,31,0.471698,2/3,0.666667,4,28,16,7,3,36,0.528302,0/2,0.0,6,31,13,15,5
2023020069,2023-10-21,regular,WSH,MTL,2,3,33,0.415094,0/5,0.0,12,20,19,13,4,28,0.584906,1/6,0.166667,10,22,17,12,5
2023020070,2023-10-21,regular,TOR,TBL,4,3,52,0.412698,0/2,0.0,8,14,20,2,7,31,0.587302,2/4,0.5,4,15,15,5,6
2023020071,2023-10-21,regular,VGK,CHI,5,3,24,0.576271,2/5,0.4,10,27,16,7,5,24,0.423729,1/5,0.2,10,23,18,18,10
2023020072,2023-10-21,regular,PHI,DAL,4,5,40,0.463768,0/1,0.0,23,27,16,1,8,25,0.536232,0/3,0.0,9,17,17,13,9
2023020073,2023-10-21,regular,CBJ,MIN,5,4,54,0.655738,1/3,0.333333,6,9,27,2,5,28,0.344262,0/3,0.0,6,16,23,5,2
2023020074,2023-10-21,regular,SJS,NSH,1,5,32,0.561404,0/2,0.0,15,18,13,11,6,34,0.438596,2/5,0.4,9,19,20,17,6
2023020075,2023-10-21,regular,PIT,STL,2,4,33,0.52,0/2,0.0,4,11,9,4,12,21,0.48,0/2,0.0,4,25,25,1,9
2023020076,2023-10-21,regular,CAR,COL,4,6,27,0.483871,1/5,0.2,10,14,7,2,8,27,0.516129,3/5,0.6,10,12,13,7,4
2023020077,2023-10-21,regular,WPG,EDM,3,2,27,0.484848,1/5,0.2,15,17,9,12,9,40,0.515152,1/4,0.25,17,22,13,13,14
2023020078,2023-10-21,regular,NYR,SEA,4,1,27,0.555556,0/1,0.0,15,30,16,1,9,19,0.444444,0/3,0.0,21,29,7,4,9
2023020079,2023-10-21,regular,BOS,LAK,4,2,25,0.48,1/4,0.25,17,33,21,7,3,34,0.52,1/6,0.166667,13,21,14,1,1
2023020080,2023-10-22,regular,CGY,DET,2,6,31,0.438596,0/2,0.0,10,16,12,9,1,30,0.561404,0/5,0.0,4,6,9,12,7
2023020081,2023-10-22,regular,BOS,ANA,3,1,26,0.5,0/5,0.0,8,23,11,6,7,31,0.5,0/3,0.0,12,27,14,9,5
2023020082,2023-10-23,regular,MTL,BUF,3,1,27,0.527273,1/3,0.333333,10,34,17,2,5,37,0.472727,1/5,0.2,6,26,10,4,5
2023020083,2023-10-24,regular,TOR,WSH,4,1,17,0.534884,2/3,0.666667,6,14,13,11,6,38,0.465116,1/3,0.333333,6,17,14,10,6
2023020084,2023-10-24,regular,ANA,CBJ,3,2,27,0.614035,0/4,0.0,14,22,21,1,6,37,0.385965,1/7,0.142857,8,12,16,3,6
2023020085,2023-10-24,regular,BUF,OTT,6,4,24,0.432836,1/2,0.5,31,19,16,11,3,38,0.567164,1/5,0.2,27,24,9,14,5
2023020086,2023-10-24,regular,CAR,TBL,0,3,32,0.480769,0/4,0.0,37,11,6,2,7,23,0.519231,1/4,0.25,17,13,17,6,6
2023020087,2023-10-24,regular,NJD,MTL,5,2,34,0.633333,2/4,0.5,8,20,12,13,7,29,0.366667,1/4,0.25,8,14,20,20,3
2023020088,2023-10-24,regular,DAL,PIT,4,1,34,0.467742,0/2,0.0,8,12,19,4,6,39,0.532258,0/3,0.0,6,15,9,12,11
2023020089,2023-10-24,regular,SJS,FLA,1,3,28,0.62,1/3,0.333333,8,27,23,4,4,36,0.38,1/4,0.25,6,25,10,7,8
2023020090,2023-10-24,regular,COL,NYI,7,4,38,0.37931,1/3,0.333333,12,5,11,9,7,32,0.62069,1/5,0.2,10,26,20,11,5
2023020091,2023-10-24,regular,SEA,DET,5,4,38,0.517241,2/5,0.4,14,24,16,1,8,27,0.482759,3/6,0.5,12,25,20,9,9
2023020092,2023-10-24,regular,BOS,CHI,3,0,43,0.507692,0/4,0.0,8,16,13,5,4,23,0.492308,0/3,0.0,10,15,13,10,5
2023020093,2023-10-24,regular,STL,WPG,2,4,20,0.648148,1/4,0.25,6,23,17,9,1,30,0.351852,0/3,0.0,8,16,9,8,6
2023020094,2023-10-24,regular,EDM,MIN,4,7,28,0.6,1/5,0.2,13,17,13,7,5,32,0.4,0/3,0.0,17,25,16,9,7
2023020095,2023-10-24,regular,VAN,NSH,3,2,24,0.44898,0/1,0.0,6,27,15,11,5,18,0.55102,0/3,0.0,2,24,23,10,5
2023020096,2023-10-24,regular,NYR,CGY,3,1,20,0.396226,2/5,0.4,8,15,23,1,2,26,0.603774,0/4,0.0,10,16,10,8,1
2023020097,2023-10-24,regular,ARI,LAK,3,6,27,0.472973,1/4,0.25,18,15,13,10,2,28,0.527027,1/4,0.25,8,22,10,2,7
2023020098,2023-10-24,regular,PHI,VGK,2,3,28,0.435484,0/2,0.0,6,22,29,5,6,29,0.564516,0/3,0.0,4,20,18,9,7
2023020099,2023-10-25,regular,WSH,NJD,6,4,25,0.458333,1/3,0.333333,2,25,19,7,8,22,0.541667,0/1,0.0,6,33,11,6,13
2023020100,2023-10-26,regular,ANA,BOS,4,3,32,0.474576,0/5,0.0,8,26,14,9,10,30,0.525424,1/3,0.333333,12,25,12,11,8
2023020101,2023-10-26,regular,SEA,CAR,2,3,26,0.438356,0/1,0.0,2,20,19,10,4,45,0.561644,0/1,0.0,2,18,13,12,9
2023020102,2023-10-26,regular,WPG,DET,4,1,29,0.465517,0/3,0.0,4,14,18,2,2,36,0.534483,0/2,0.0,6,26,16,6,3
2023020103,2023-10-26,regular,CBJ,MTL,3,4,36,0.537037,2/4,0.5,19,18,23,10,6,29,0.462963,2/5,0.4,17,25,24,13,3
2023020104,2023-10-26,regular,MIN,PHI,2,6,28,0.471698,0/2,0.0,11,12,15,13,4,35,0.528302,2/3,0.666667,9,19,16,9,5
2023020105,2023-10-26,regular,COL,PIT,0,4,31,0.393443,0/5,0.0,4,19,9,8,6,29,0.606557,0/2,0.0,10,18,14,7,9
2023020106,2023-10-26,regular,SJS,TBL,0,6,23,0.615385,0/2,0.0,10,32,20,1,1,31,0.384615,1/4,0.25,6,24,11,6,4
2023020107,2023-10-26,regular,OTT,NYI,2,3,47,0.522388,1/8,0.125,15,14,21,12,4,38,0.477612,1/4,0.25,21,26,16,11,12
2023020108,2023-10-26,regular,TOR,DAL,4,1,24,0.54386,1/4,0.25,4,10,23,9,7,32,0.45614,0/2,0.0,8,19,13,9,10
2023020109,2023-10-26,regular,STL,CGY,3,0,35,0.454545,0/4,0.0,13,19,11,4,13,27,0.545455,0/2,0.0,17,16,13,11,7
2023020110,2023-10-26,regular,NYR,EDM,3,0,32,0.584906,1/3,0.333333,4,20,18,7,7,29,0.415094,0/2,0.0,6,19,13,9,14
2023020111,2023-10-27,regular,CHI,VGK,4,3,24,0.384615,1/1,1.0,8,24,15,4,9,21,0.615385,0/4,0.0,2,23,16,14,5
2023020112,2023-10-27,regular,SJS,CAR,0,3,20,0.557143,0/2,0.0,10,20,19,4,2,40,0.442857,1/4,0.25,6,20,11,7,6
2023020113,2023-10-27,regular,BUF,NJD,4,5,27,0.392857,0/2,0.0,26,16,21,4,1,39,0.607143,1/4,0.25,21,14,12,9,4
2023020114,2023-10-27,regular,MIN,WSH,2,3,41,0.471698,0/5,0.0,8,13,15,12,10,33,0.528302,1/3,0.333333,12,9,16,15,14
2023020115,2023-10-27,regular,LAK,ARI,5,4,41,0.521739,1/5,0.2,4,25,9,8,4,24,0.478261,0/2,0.0,10,30,20,7,4
2023020116,2023-10-27,regular,STL,VAN,0,5,22,0.472727,0/2,0.0,14,29,18,4,2,35,0.527273,0/4,0.0,10,12,2,3,5
2023020117,2023-10-28,regular,ANA,PHI,7,4,25,0.375,2/2,1.0,13,14,19,5,7,30,0.625,1/4,0.25,9,13,12,7,10
2023020118,2023-10-28,regular,SEA,FLA,2,3,33,0.522388,0/1,0.0,2,22,15,2,6,37,0.477612,1/1,1.0,2,22,9,3,10
2023020119,2023-10-28,regular,DET,BOS,1,4,24,0.521739,0/4,0.0,10,33,10,11,6,31,0.478261,1/4,0.25,10,32,22,5,5
2023020120,2023-10-28,regular,NYI,CBJ,2,0,34,0.575,0/3,0.0,6,14,19,1,3,34,0.425,0/3,0.0,6,10,15,4,7
2023020121,2023-10-28,regular,WPG,MTL,3,4,45,0.6,0/4,0.0,9,11,10,6,5,29,0.4,1/2,0.5,13,22,19,13,7
2023020122,2023-10-28,regular,TOR,NSH,2,3,35,0.542373,1/4,0.25,10,20,13,12,5,24,0.457627,2/5,0.4,8,28,21,11,7
2023020123,2023-10-28,regular,OTT,PIT,5,2,26,0.491525,1/3,0.333333,4,19,22,2,9,43,0.508475,0/2,0.0,6,29,10,11,8
2023020124,2023-10-28,regular,NYR,VAN,4,3,24,0.571429,3/6,0.5,12,19,18,7,2,33,0.428571,1/6,0.166667,12,21,11,5,7
2023020125,2023-10-28,regular,VGK,LAK,4,3,30,0.425926,1/3,0.333333,13,23,24,6,5,40,0.574074,0/4,0.0,11,20,11,7,5
2023020126,2023-10-29,regular,COL,BUF,0,4,23,0.508772,0/6,0.0,16,28,9,9,4,29,0.491228,0/3,0.0,12,9,21,6,8
2023020127,2023-10-29,regular,MIN,NJD,3,4,34,0.54902,1/6,0.166667,6,14,16,2,2,30,0.45098,2/3,0.666667,12,10,19,3,10
2023020128,2023-10-29,regular,SJS,WSH,1,3,31,0.47541,0/0,0.0,6,23,24,10,7,42,0.52459,0/3,0.0,0,27,20,10,9
2023020129,2023-10-29,regular,CGY,EDM,2,5,26,0.444444,2/6,0.333333,4,29,12,4,4,33,0.555556,0/2,0.0,12,36,15,11,13
2023020130,2023-10-30,regular,FLA,BOS,2,3,37,0.561404,0/3,0.0,2,32,19,6,8,26,0.438596,0/1,0.0,19,26,22,5,5
2023020131,2023-10-30,regular,CAR,PHI,3,2,32,0.709091,1/1,1.0,10,13,4,4,6,28,0.290909,0/5,0.0,2,23,10,9,7
2023020132,2023-10-30,regular,ANA,PIT,4,3,27,0.295082,1/3,0.333333,14,18,27,1,3,42,0.704918,2/7,0.285714,6,11,13,3,3
2023020133,2023-10-30,regular,SEA,TBL,4,3,43,0.4,2/3,0.666667,4,22,19,2,5,37,0.6,1/2,0.5,6,21,14,9,4
2023020134,2023-10-30,regular,DET,NYI,4,3,36,0.484848,0/2,0.0,4,12,12,4,3,40,0.515152,1/2,0.5,14,25,16,11,9
2023020135,2023-10-30,regular,NYR,WPG,3,2,26,0.559322,1/3,0.333333,6,31,23,8,3,29,0.440678,0/3,0.0,6,18,12,9,4
2023020136,2023-10-30,regular,CBJ,DAL,3,5,25,0.418182,0/3,0.0,6,19,15,5,8,33,0.581818,0/3,0.0,6,12,17,11,6
2023020137,2023-10-30,regular,CHI,ARI,1,8,30,0.559322,0/2,0.0,20,33,10,4,3,33,0.440678,1/4,0.25,16,17,21,9,6
2023020138,2023-10-30,regular,MTL,VGK,2,3,39,0.6,0/4,0.0,6,21,11,9,4,25,0.4,1/3,0.333333,8,26,18,10,13
2023020139,2023-10-31,regular,LAK,TOR,4,1,27,0.425926,1/4,0.25,8,19,9,6,7,30,0.574074,1/4,0.25,18,21,14,14,10
2023020140,2023-10-31,regular,NSH,VAN,2,5,29,0.382979,0/4,0.0,6,20,12,4,2,27,0.617021,1/3,0.333333,8,32,12,9,7
2023020141,2023-11-01,regular,BUF,PHI,5,2,15,0.459016,0/2,0.0,6,18,18,9,7,40,0.540984,0/3,0.0,4,33,12,7,11
2023020142,2023-11-01,regular,DAL,CGY,4,3,30,0.463768,0/2,0.0,10,20,18,8,4,47,0.536232,1/5,0.2,4,18,13,12,6
2023020143,2023-11-01,regular,STL,COL,1,4,28,0.507692,0/4,0.0,6,19,14,1,8,28,0.492308,1/3,0.333333,8,15,10,8,10
2023020144,2023-11-01,regular,ARI,ANA,3,4,35,0.581818,0/4,0.0,25,11,7,5,4,29,0.418182,2/4,0.5,15,32,18,6,5
2023020145,2023-11-02,regular,TOR,BOS,2,3,35,0.339286,0/2,0.0,4,32,20,7,12,40,0.660714,0/2,0.0,4,27,15,11,7
2023020146,2023-11-02,regular,TBL,CBJ,2,4,29,0.545455,0/3,0.0,10,17,17,3,6,28,0.454545,0/4,0.0,8,12,22,4,6
2023020147,2023-11-02,regular,FLA,DET,2,0,27,0.661017,0/5,0.0,10,10,11,2,3,22,0.338983,0/5,0.0,10,30,20,8,0
2023020148,2023-11-02,regular,CAR,NYR,1,2,27,0.483871,1/2,0.5,10,13,10,3,2,26,0.516129,1/5,0.2,4,21,20,3,5
2023020149,2023-11-02,regular,LAK,OTT,3,2,38,0.410714,1/4,0.25,6,25,12,12,4,26,0.589286,1/3,0.333333,8,28,21,14,7
2023020150,2023-11-02,regular,NYI,WSH,3,0,21,0.518519,0/2,0.0,6,27,23,12,4,32,0.481481,0/3,0.0,4,14,6,12,7
2023020151,2023-11-02,regular,NJD,MIN,5,3,38,0.632653,3/5,0.6,4,13,11,11,4,25,0.367347,1/2,0.5,10,26,12,9,10
2023020152,2023-11-02,regular,DAL,EDM,4,3,27,0.39726,1/2,0.5,8,21,25,24,11,49,0.60274,0/4,0.0,4,24,13,12,13
2023020153,2023-11-02,regular,MTL,ARI,2,3,30,0.634921,1/5,0.2,8,22,25,6,4,35,0.365079,1/4,0.25,10,19,10,5,4
2023020154,2023-11-02,regular,NSH,SEA,2,4,34,0.568627,2/5,0.4,10,26,20,1,6,31,0.431373,1/4,0.25,10,20,13,5,7
2023020155,2023-11-02,regular,WPG,VGK,2,5,31,0.480769,1/5,0.2,10,23,7,4,4,26,0.519231,2/4,0.5,10,31,22,4,8
2023020156,2023-11-02,regular,VAN,SJS,10,1,33,0.469697,4/5,0.8,11,12,13,3,7,31,0.530303,1/3,0.333333,15,20,20,4,6
2023020157,2023-11-03,regular,PHI,BUF,5,1,19,0.4,0/2,0.0,11,24,13,4,12,22,0.6,0/2,0.0,11,21,21,9,9
2023020158,2023-11-03,regular,NJD,STL,1,4,34,0.611111,0/1,0.0,6,11,13,8,4,35,0.388889,0/2,0.0,4,33,8,9,10
2023020159,2023-11-04,regular,NSH,EDM,5,2,34,0.66129,1/4,0.25,8,25,16,7,9,35,0.33871,2/3,0.666667,10,33,6,19,12
2023020160,2023-11-04,regular,WPG,ARI,5,3,27,0.509804,1/3,0.333333,6,16,10,6,1,25,0.490196,1/3,0.333333,6,11,22,7,2
2023020161,2023-11-04,regular,BOS,DET,4,5,30,0.532258,1/4,0.25,32,22,22,2,8,40,0.467742,2/8,0.25,20,25,16,5,6
2023020162,2023-11-04,regular,TBL,OTT,6,4,38,0.552239,1/3,0.333333,13,32,16,10,4,28,0.447761,1/4,0.25,11,19,16,13,8
2023020163,2023-11-04,regular,LAK,PHI,5,0,30,0.584906,1/5,0.2,8,14,14,9,7,24,0.415094,0/4,0.0,10,28,11,3,6
2023020164,2023-11-04,regular,MTL,STL,3,6,33,0.492063,1/4,0.25,2,15,14,7,10,35,0.507937,0/0,0.0,8,25,12,11,11
2023020165,2023-11-04,regular,BUF,TOR,6,4,41,0.311475,1/3,0.333333,8,22,18,6,9,28,0.688525,1/4,0.25,6,34,14,9,3
2023020166,2023-11-04,regular,CBJ,WSH,1,2,35,0.509091,0/4,0.0,8,14,13,17,14,27,0.490909,0/3,0.0,10,25,25,10,10
2023020167,2023-11-04,regular,CAR,NYI,4,3,46,0.530303,1/3,0.333333,4,22,7,5,7,25,0.469697,0/1,0.0,8,21,28,15,6
2023020168,2023-11-04,regular,FLA,CHI,2,5,40,0.557692,1/3,0.333333,8,23,7,5,2,25,0.442308,1/3,0.333333,8,23,29,14,14
2023020169,2023-11-04,regular,NYR,MIN,4,5,18,0.591837,0/1,0.0,8,20,32,5,0,39,0.408163,0/4,0.0,2,20,16,8,4
2023020170,2023-11-04,regular,CGY,SEA,6,3,31,0.4,1/2,0.5,19,24,16,2,9,20,0.6,1/3,0.333333,6,13,10,2,12
2023020171,2023-11-04,regular,PIT,SJS,10,2,35,0.561404,2/4,0.5,12,16,12,5,11,26,0.438596,2/6,0.333333,8,45,21,8,5
2023020172,2023-11-04,regular,DAL,VAN,0,2,27,0.4,0/3,0.0,15,17,13,6,3,28,0.6,0/5,0.0,11,24,13,2,4
2023020173,2023-11-04,regular,COL,VGK,0,7,41,0.486842,0/3,0.0,14,31,10,6,5,34,0.513158,1/4,0.25,12,22,26,3,11
2023020174,2023-11-05,regular,NJD,CHI,4,2,41,0.462687,1/3,0.333333,4,21,13,5,8,34,0.537313,0/2,0.0,6,26,16,12,6
2023020175,2023-11-05,regular,VGK,ANA,2,4,32,0.46,0/4,0.0,6,18,16,8,4,23,0.54,1/2,0.5,10,16,14,8,5
2023020176,2023-11-06,regular,CBJ,FLA,4,5,23,0.480769,1/2,0.5,4,43,30,6,2,46,0.519231,0/1,0.0,6,12,23,13,11
2023020177,2023-11-06,regular,TBL,TOR,5,6,31,0.542373,2/3,0.666667,6,38,12,4,3,34,0.457627,0/3,0.0,6,34,14,13,6
2023020178,2023-11-06,regular,BOS,DAL,3,2,29,0.546875,1/4,0.25,6,10,17,10,8,37,0.453125,0/3,0.0,8,22,17,6,7
2023020179,2023-11-06,regular,EDM,VAN,2,6,43,0.547945,1/3,0.333333,24,29,11,2,2,36,0.452055,3/6,0.5,8,28,19,7,6
2023020180,2023-11-07,regular,BUF,CAR,2,3,21,0.404255,1/4,0.25,8,14,20,11,14,27,0.595745,1/4,0.25,8,23,7,18,6
2023020181,2023-11-07,regular,TBL,MTL,5,3,32,0.473684,2/5,0.4,21,17,17,12,3,26,0.526316,1/6,0.166667,19,24,12,10,5
2023020182,2023-11-07,regular,MIN,NYI,4,2,31,0.482143,1/4,0.25,14,23,22,9,7,29,0.517857,1/5,0.2,12,20,11,8,9
2023020183,2023-11-07,regular,DET,NYR,3,5,28,0.415094,0/6,0.0,6,16,9,7,2,32,0.584906,2/3,0.666667,12,25,9,10,11
2023020184,2023-11-07,regular,WPG,STL,5,2,37,0.538462,2/3,0.666667,4,10,8,5,13,22,0.461538,0/1,0.0,8,14,10,6,13
2023020185,2023-11-07,regular,SEA,ARI,3,4,38,0.5,1/3,0.333333,12,30,11,5,4,27,0.5,2/4,0.5,10,28,15,16,5
2023020186,2023-11-07,regular,NSH,CGY,2,4,18,0.454545,0/2,0.0,6,17,19,7,8,39,0.545455,0/3,0.0,4,19,15,17,10
2023020187,2023-11-07,regular,PIT,ANA,2,0,36,0.530303,0/2,0.0,6,11,14,4,10,31,0.469697,0/3,0.0,4,23,14,10,12
2023020188,2023-11-07,regular,NJD,COL,3,6,23,0.573529,2/6,0.333333,12,13,16,4,3,32,0.426471,1/5,0.2,21,22,16,10,13
2023020189,2023-11-07,regular,PHI,SJS,1,2,39,0.301887,0/4,0.0,37,12,23,10,9,19,0.698113,1/5,0.2,37,19,17,4,9
2023020190,2023-11-08,regular,OTT,TOR,6,3,31,0.4375,1/3,0.333333,4,31,14,13,7,30,0.5625,1/2,0.5,6,49,12,15,9
2023020191,2023-11-08,regular,FLA,WSH,4,3,25,0.568966,0/1,0.0,4,26,15,10,5,28,0.431034,0/2,0.0,2,27,13,16,7
2023020192,2023-11-08,regular,LAK,VGK,4,1,33,0.442623,2/4,0.5,4,13,17,3,4,38,0.557377,0/2,0.0,8,17,28,6,9
2023020193,2023-11-09,regular,NYI,BOS,2,5,29,0.557692,1/1,1.0,6,28,15,10,12,35,0.442308,2/3,0.666667,2,26,19,11,7
2023020194,2023-11-09,regular,DAL,CBJ,5,2,31,0.492063,0/2,0.0,4,6,9,3,5,29,0.507937,0/1,0.0,6,18,20,2,5
2023020195,2023-11-09,regular,MTL,DET,3,2,27,0.534483,2/5,0.4,10,21,14,1,4,29,0.465517,0/4,0.0,22,19,12,10,2
2023020196,2023-11-09,regular,MIN,NYR,1,4,26,0.413043,0/1,0.0,7,21,14,2,0,28,0.586957,1/1,1.0,7,32,15,3,0
2023020197,2023-11-09,regular,VAN,OTT,5,2,16,0.416667,1/3,0.333333,4,26,15,9,4,30,0.583333,0/2,0.0,6,28,19,21,7
2023020198,2023-11-09,regular,CHI,TBL,5,3,29,0.358209,1/5,0.2,8,16,20,4,16,33,0.641791,1/4,0.25,22,26,6,6,5
2023020199,2023-11-09,regular,ARI,STL,1,2,20,0.442623,1/2,0.5,14,19,14,10,9,33,0.557377,0/7,0.0,4,21,12,13,18
2023020200,2023-11-09,regular,NSH,WPG,3,6,23,0.517857,0/5,0.0,28,15,14,6,2,37,0.482143,1/4,0.25,20,20,15,4,2
2023020201,2023-11-09,regular,SEA,COL,4,3,22,0.436364,1/4,0.25,8,28,22,6,4,26,0.563636,0/3,0.0,10,27,13,4,8
2023020202,2023-11-09,regular,PIT,LAK,4,3,20,0.5,0/2,0.0,8,26,16,9,2,36,0.5,0/3,0.0,6,21,13,12,3
2023020203,2023-11-09,regular,EDM,SJS,2,3,41,0.431034,0/4,0.0,4,21,12,9,6,18,0.568966,0/2,0.0,8,20,35,8,9
2023020204,2023-11-10,regular,MIN,BUF,2,3,35,0.727273,2/5,0.4,8,31,18,6,6,25,0.272727,0/4,0.0,10,20,22,6,2
2023020205,2023-11-10,regular,CAR,FLA,2,5,30,0.59375,0/3,0.0,4,25,15,3,4,35,0.40625,0/2,0.0,6,23,23,15,15
2023020206,2023-11-10,regular,WSH,NJD,4,2,27,0.491525,0/4,0.0,8,19,18,1,4,26,0.508475,0/4,0.0,8,34,12,11,3
2023020207,2023-11-10,regular,CGY,TOR,4,5,28,0.407407,0/2,0.0,4,25,19,7,13,36,0.592593,1/1,1.0,6,29,15,11,10
2023020208,2023-11-10,regular,PHI,ANA,6,3,36,0.492063,0/3,0.0,12,13,21,7,7,38,0.507937,2/6,0.333333,6,18,9,12,3
2023020209,2023-11-10,regular,SJS,VGK,0,5,20,0.559322,0/4,0.0,2,29,16,4,4,39,0.440678,0/0,0.0,10,17,15,8,7
2023020210,2023-11-11,regular,CBJ,DET,4,5,22,0.384615,0/3,0.0,6,16,15,11,1,28,0.615385,0/3,0.0,6,14,24,8,9
2023020211,2023-11-11,regular,DAL,WPG,3,2,29,0.646154,1/4,0.25,6,10,17,9,3,33,0.353846,0/3,0.0,8,14,16,11,8
2023020212,2023-11-11,regular,BOS,MTL,2,3,28,0.452381,1/4,0.25,8,15,17,15,5,27,0.547619,1/4,0.25,8,30,18,23,8
2023020213,2023-11-11,regular,CGY,OTT,1,4,25,0.423729,0/3,0.0,10,28,11,6,2,38,0.576271,1/5,0.2,6,23,19,16,7
2023020214,2023-11-11,regular,CAR,TBL,4,0,32,0.440678,1/3,0.333333,11,15,14,2,4,22,0.559322,0/3,0.0,11,24,11,6,4
2023020215,2023-11-11,regular,VAN,TOR,2,5,33,0.520833,2/6,0.333333,14,28,12,8,10,22,0.479167,0/2,0.0,42,27,17,9,7
2023020216,2023-11-11,regular,WSH,NYI,4,1,28,0.5,0/1,0.0,2,20,32,11,13,37,0.5,0/1,0.0,2,23,11,11,5
2023020217,2023-11-11,regular,BUF,PIT,0,4,35,0.361702,0/2,0.0,6,20,15,4,3,39,0.638298,1/3,0.333333,4,16,13,7,4
2023020218,2023-11-11,regular,ARI,NSH,7,5,25,0.529412,2/4,0.5,8,25,16,12,3,42,0.470588,1/4,0.25,8,29,11,9,5
2023020219,2023-11-11,regular,STL,COL,8,2,42,0.484848,2/4,0.5,6,21,18,8,12,38,0.515152,0/3,0.0,8,20,12,12,13
2023020220,2023-11-11,regular,EDM,SEA,4,1,26,0.457627,1/3,0.333333,13,13,13,4,13,18,0.542373,1/3,0.333333,13,22,10,3,9
2023020221,2023-11-11,regular,PHI,LAK,4,2,26,0.436364,0/4,0.0,6,27,20,6,4,37,0.563636,0/3,0.0,8,15,12,6,3
2023020222,2023-11-12,regular,CHI,FLA,3,4,26,0.418182,0/3,0.0,8,25,23,7,6,31,0.581818,2/4,0.5,6,25,10,12,10
2023020223,2023-11-12,regular,DAL,MIN,8,3,37,0.650794,5/8,0.625,15,8,11,4,2,26,0.349206,1/5,0.2,30,19,16,6,7
2023020224,2023-11-12,regular,VAN,MTL,5,2,37,0.571429,0/2,0.0,4,19,17,7,6,32,0.428571,1/2,0.5,4,16,24,19,3
2023020225,2023-11-12,regular,CBJ,NYR,3,4,28,0.347826,0/1,0.0,10,16,22,4,5,40,0.652174,0/3,0.0,6,19,12,10,7
2023020226,2023-11-12,regular,SJS,ANA,1,4,26,0.454545,0/2,0.0,24,21,17,5,1,44,0.545455,2/5,0.4,18,21,10,7,4
2023020227,2023-11-13,regular,NYI,EDM,1,4,33,0.454545,0/3,0.0,6,30,21,5,6,32,0.545455,2/3,0.666667,6,32,12,18,11
2023020228,2023-11-13,regular,COL,SEA,5,1,31,0.52459,2/6,0.333333,13,19,15,3,8,19,0.47541,0/2,0.0,29,18,19,4,8
2023020229,2023-11-14,regular,BOS,BUF,5,2,32,0.519231,1/3,0.333333,6,17,10,6,4,34,0.480769,0/2,0.0,8,18,16,5,5
2023020230,2023-11-14,regular,PIT,CBJ,5,3,41,0.518519,0/1,0.0,8,10,9,1,5,30,0.481481,0/4,0.0,2,18,22,2,3
2023020231,2023-11-14,regular,CGY,MTL,2,1,29,0.5,0/3,0.0,8,13,20,15,8,35,0.5,0/4,0.0,6,18,9,14,3
2023020232,2023-11-14,regular,VGK,WSH,0,3,35,0.690909,0/2,0.0,24,11,7,4,9,31,0.309091,0/3,0.0,9,23,17,14,12
2023020233,2023-11-14,regular,ARI,DAL,3,4,26,0.381818,1/2,0.5,8,19,23,7,5,36,0.618182,1/4,0.25,4,15,8,6,12
2023020234,2023-11-14,regular,ANA,NSH,3,2,20,0.5,0/3,0.0,30,25,20,3,3,30,0.5,1/5,0.2,16,13,10,16,6
2023020235,2023-11-14,regular,TBL,STL,0,5,30,0.45098,0/2,0.0,0,17,12,8,15,29,0.54902,0/0,0.0,4,19,26,11,16
2023020236,2023-11-14,regular,NJD,WPG,3,6,34,0.52459,2/5,0.4,17,24,10,3,3,31,0.47541,2/4,0.5,19,16,21,10,2
2023020237,2023-11-14,regular,FLA,SJS,5,3,31,0.454545,2/3,0.666667,6,16,5,4,8,22,0.545455,1/3,0.333333,6,19,22,3,5
2023020238,2023-11-15,regular,PHI,CAR,3,1,24,0.544118,0/1,0.0,6,10,30,3,6,32,0.455882,0/3,0.0,2,14,8,6,6
2023020239,2023-11-15,regular,SEA,EDM,3,4,35,0.5,0/5,0.0,8,30,13,4,10,31,0.5,0/3,0.0,12,20,22,12,7
2023020240,2023-11-15,regular,ANA,COL,2,8,17,0.55,0/4,0.0,10,28,6,6,2,38,0.45,1/4,0.25,8,17,10,7,8
2023020241,2023-11-15,regular,NYI,VAN,3,4,33,0.434783,2/2,1.0,12,24,17,1,5,43,0.565217,3/6,0.5,4,31,14,8,6
2023020242,2023-11-16,regular,DET,OTT,4,5,41,0.5625,0/3,0.0,12,37,9,1,2,34,0.4375,1/6,0.166667,6,20,14,5,4
2023020243,2023-11-16,regular,ARI,CBJ,3,2,32,0.465517,1/2,0.5,6,10,27,6,3,41,0.534483,0/3,0.0,4,17,12,1,6
2023020244,2023-11-16,regular,VGK,MTL,6,5,42,0.485294,3/7,0.428571,6,29,13,7,8,28,0.514706,0/3,0.0,14,23,26,12,5
2023020245,2023-11-16,regular,NJD,PIT,5,2,31,0.571429,0/1,0.0,6,21,10,2,6,23,0.428571,0/3,0.0,2,22,11,9,5
2023020246,2023-11-16,regular,TBL,CHI,4,2,32,0.413793,1/3,0.333333,11,28,14,9,6,14,0.586207,1/2,0.5,13,25,10,9,13
2023020247,2023-11-16,regular,VAN,CGY,2,5,22,0.516129,1/3,0.333333,8,26,22,13,12,39,0.483871,0/2,0.0,10,23,15,20,3
2023020248,2023-11-16,regular,NYI,SEA,3,4,23,0.5,2/5,0.4,10,15,11,1,8,32,0.5,3/4,0.75,12,15,21,7,12
2023020249,2023-11-16,regular,FLA,LAK,1,2,31,0.457627,0/5,0.0,6,33,18,3,3,27,0.542373,1/2,0.5,12,24,22,12,2
2023020250,2023-11-16,regular,STL,SJS,1,5,45,0.467742,0/4,0.0,2,9,7,5,10,35,0.532258,0/1,0.0,8,14,21,7,6
2023020251,2023-11-17,regular,TOR,DET,3,2,29,0.555556,1/3,0.333333,12,12,20,7,6,29,0.444444,0/4,0.0,10,22,17,4,7
2023020252,2023-11-17,regular,BUF,WPG,2,3,28,0.480769,0/2,0.0,8,23,12,5,5,18,0.519231,0/4,0.0,4,26,17,7,3
2023020253,2023-11-17,regular,FLA,ANA,2,1,35,0.539683,0/4,0.0,6,22,12,10,5,35,0.460317,1/3,0.333333,8,24,29,11,4
2023020254,2023-11-18,regular,MIN,OTT,1,2,25,0.396226,0/4,0.0,13,24,22,6,6,31,0.603774,0/4,0.0,13,10,17,4,3
2023020255,2023-11-18,regular,VGK,PHI,3,4,31,0.490566,1/4,0.25,23,21,26,11,6,38,0.509434,2/4,0.5,10,26,26,8,5
2023020256,2023-11-18,regular,CHI,NSH,2,4,31,0.438596,0/2,0.0,6,31,9,10,7,31,0.561404,1/3,0.333333,4,30,14,9,8
2023020257,2023-11-18,regular,EDM,TBL,4,6,42,0.423729,0/5,0.0,15,18,12,5,4,24,0.576271,2/4,0.5,17,27,16,8,8
2023020258,2023-11-18,regular,MTL,BOS,2,5,22,0.5,0/2,0.0,12,27,12,5,7,44,0.5,2/5,0.4,6,30,12,6,5
2023020259,2023-11-18,regular,PIT,CAR,2,4,28,0.525424,0/2,0.0,6,9,12,2,6,34,0.474576,1/3,0.333333,4,18,14,8,8
2023020260,2023-11-18,regular,NYI,CGY,5,4,33,0.557692,1/3,0.333333,6,24,22,3,14,39,0.442308,0/3,0.0,6,25,17,9,7
2023020261,2023-11-18,regular,NYR,NJD,5,3,35,0.531915,1/3,0.333333,2,28,19,13,6,33,0.468085,1/1,1.0,6,33,16,15,13
2023020262,2023-11-18,regular,ARI,WPG,2,5,18,0.516129,0/2,0.0,7,19,7,5,2,26,0.483871,0/1,0.0,9,22,21,13,6
2023020263,2023-11-18,regular,CBJ,WSH,3,4,36,0.5,0/3,0.0,6,18,16,8,5,26,0.5,0/2,0.0,8,20,19,17,15
2023020264,2023-11-18,regular,COL,DAL,6,3,38,0.396226,1/4,0.25,8,27,13,6,1,28,0.603774,1/4,0.25,8,19,14,9,8
2023020265,2023-11-18,regular,SEA,VAN,4,3,26,0.55102,0/3,0.0,4,29,17,2,4,24,0.44898,0/2,0.0,6,34,10,6,7
2023020266,2023-11-18,regular,STL,LAK,1,5,30,0.5625,0/3,0.0,4,27,15,4,5,31,0.4375,1/2,0.5,6,16,22,12,4
2023020267,2023-11-19,regular,TOR,MIN,4,3,25,0.609375,1/2,0.5,6,14,16,4,4,36,0.390625,0/3,0.0,4,22,18,6,7
2023020268,2023-11-19,regular,CBJ,PHI,2,5,22,0.5,0/5,0.0,15,25,14,9,3,27,0.5,1/4,0.25,17,14,18,5,14
2023020269,2023-11-19,regular,VGK,PIT,0,3,38,0.38806,0/3,0.0,4,20,21,3,3,32,0.61194,0/2,0.0,6,19,17,7,10
2023020270,2023-11-19,regular,BUF,CHI,3,2,20,0.54902,1/3,0.333333,6,17,13,13,9,26,0.45098,0/3,0.0,6,14,9,11,17
2023020271,2023-11-19,regular,STL,ANA,3,1,32,0.591837,1/6,0.166667,4,8,13,7,3,31,0.408163,0/2,0.0,12,16,10,4,9
2023020272,2023-11-20,regular,EDM,FLA,3,5,29,0.422535,0/3,0.0,29,22,15,6,2,33,0.577465,1/4,0.25,17,30,16,9,8
2023020273,2023-11-20,regular,BOS,TBL,4,5,27,0.45,0/2,0.0,14,21,23,9,6,47,0.55,1/6,0.166667,6,33,10,15,4
2023020274,2023-11-20,regular,NYR,DAL,3,6,33,0.465517,1/4,0.25,6,22,21,7,5,36,0.534483,1/3,0.333333,8,16,11,8,8
2023020275,2023-11-20,regular,COL,NSH,3,4,29,0.434783,1/4,0.25,8,26,23,13,3,30,0.565217,0/4,0.0,10,31,10,15,6
2023020276,2023-11-20,regular,LAK,ARI,4,1,25,0.555556,0/4,0.0,17,20,15,7,5,31,0.444444,0/6,0.0,23,24,11,12,3
2023020277,2023-11-20,regular,CGY,SEA,4,3,31,0.460317,1/2,0.5,4,23,20,4,13,31,0.539683,0/2,0.0,4,26,11,4,6
2023020278,2023-11-20,regular,SJS,VAN,1,3,28,0.425532,1/3,0.333333,6,24,18,3,3,37,0.574468,0/3,0.0,17,21,16,5,5
2023020279,2023-11-22,regular,EDM,CAR,3,6,23,0.561404,1/4,0.25,10,12,19,12,7,27,0.438596,0/5,0.0,8,16,18,11,9
2023020280,2023-11-22,regular,CHI,CBJ,3,7,36,0.5,0/4,0.0,6,22,11,5,5,26,0.5,1/3,0.333333,8,11,18,7,2
2023020281,2023-11-22,regular,NJD,DET,0,4,16,0.5,0/2,0.0,8,29,8,7,6,28,0.5,1/4,0.25,4,18,20,6,8
2023020282,2023-11-22,regular,BOS,FLA,3,1,25,0.627451,0/3,0.0,13,20,23,4,4,28,0.372549,0/2,0.0,13,30,13,3,10
2023020283,2023-11-22,regular,NYR,PIT,1,0,36,0.47541,0/3,0.0,10,22,25,3,8,32,0.52459,0/5,0.0,6,14,14,14,4
2023020284,2023-11-22,regular,WPG,TBL,3,2,32,0.47619,1/2,0.5,2,27,22,4,12,33,0.52381,1/1,1.0,4,28,10,11,4
2023020285,2023-11-22,regular,BUF,WSH,3,4,27,0.529412,1/3,0.333333,9,13,12,4,12,30,0.470588,0/2,0.0,11,22,20,12,9
2023020286,2023-11-22,regular,PHI,NYI,2,3,36,0.40678,0/1,0.0,6,24,14,4,1,25,0.59322,0/2,0.0,4,18,26,14,2
2023020287,2023-11-22,regular,STL,ARI,6,5,31,0.612903,0/3,0.0,6,17,15,6,5,25,0.387097,0/2,0.0,18,14,13,9,3
2023020288,2023-11-22,regular,CGY,NSH,2,4,26,0.528571,0/4,0.0,20,22,14,18,3,45,0.471429,1/5,0.2,18,15,13,11,9
2023020289,2023-11-22,regular,VGK,DAL,2,1,26,0.431034,1/4,0.25,6,27,19,1,10,32,0.568966,0/3,0.0,8,21,9,4,10
2023020290,2023-11-22,regular,MTL,ANA,4,3,28,0.491525,0/3,0.0,4,22,15,7,0,33,0.508475,1/1,1.0,8,33,14,4,10
2023020291,2023-11-22,regular,VAN,COL,2,5,29,0.571429,0/3,0.0,10,12,23,2,6,25,0.428571,1/4,0.25,21,13,13,5,7
2023020292,2023-11-22,regular,SJS,SEA,1,7,14,0.480769,0/2,0.0,11,41,24,0,8,30,0.519231,1/3,0.333333,9,14,12,2,16
2023020293,2023-11-24,regular,DET,BOS,5,2,28,0.492063,2/6,0.333333,6,14,13,3,8,27,0.507937,1/3,0.333333,12,22,8,11,5
2023020294,2023-11-24,regular,NYR,PHI,3,1,19,0.535714,0/2,0.0,34,15,14,7,8,37,0.464286,0/6,0.0,16,24,13,4,4
2023020295,2023-11-24,regular,TOR,CHI,3,4,37,0.591837,0/2,0.0,10,17,20,18,9,34,0.408163,0/3,0.0,8,22,19,20,12
2023020296,2023-11-24,regular,CBJ,NJD,2,1,28,0.5,0/3,0.0,4,23,22,5,6,38,0.5,0/2,0.0,6,29,16,8,15
2023020297,2023-11-24,regular,NSH,STL,8,3,35,0.306122,1/5,0.2,13,11,17,3,12,39,0.693878,1/4,0.25,15,20,8,6,6
2023020298,2023-11-24,regular,EDM,WSH,5,0,35,0.566038,3/4,0.75,10,17,9,16,6,25,0.433962,0/5,0.0,8,26,13,6,1
2023020299,2023-11-24,regular,LAK,ANA,5,2,31,0.490909,2/3,0.666667,17,26,12,9,4,31,0.509091,1/2,0.5,19,25,11,11,9
2023020300,2023-11-24,regular,MTL,SJS,3,2,24,0.5625,0/2,0.0,4,13,15,5,7,33,0.4375,1/2,0.5,4,23,19,6,18
2023020301,2023-11-24,regular,PIT,BUF,2,3,33,0.492063,0/2,0.0,12,24,12,3,4,34,0.507937,1/4,0.25,8,21,12,6,12
2023020302,2023-11-24,regular,NYI,OTT,5,3,26,0.590164,1/1,1.0,6,31,31,12,9,31,0.409836,1/3,0.333333,2,28,17,9,2
2023020303,2023-11-24,regular,TBL,CAR,8,2,14,0.410714,4/5,0.8,34,22,18,6,9,24,0.589286,1/6,0.166667,22,10,6,10,13
2023020304,2023-11-24,regular,WPG,FLA,3,0,31,0.40678,0/2,0.0,15,13,23,5,3,33,0.59322,0/2,0.0,25,19,9,9,3
2023020305,2023-11-24,regular,CGY,DAL,7,4,27,0.557692,0/3,0.0,6,25,9,6,10,28,0.442308,1/3,0.333333,6,13,19,6,7
2023020306,2023-11-24,regular,COL,MIN,3,2,25,0.5,1/6,0.166667,12,13,9,5,3,21,0.5,1/5,0.2,14,11,18,7,6
2023020307,2023-11-24,regular,VAN,SEA,5,1,27,0.508772,0/2,0.0,13,23,21,3,9,24,0.491228,0/4,0.0,19,24,13,3,12
2023020308,2023-11-25,regular,BOS,NYR,4,7,31,0.414286,1/3,0.333333,6,18,13,6,6,40,0.585714,1/3,0.333333,6,26,17,5,10
2023020309,2023-11-25,regular,MTL,LAK,0,4,18,0.6,0/3,0.0,4,27,17,4,5,30,0.4,0/2,0.0,6,19,15,4,3
2023020310,2023-11-25,regular,BUF,NJD,2,7,12,0.428571,2/2,1.0,4,16,19,0,4,37,0.571429,1/1,1.0,6,42,9,12,13
2023020311,2023-11-25,regular,TOR,PIT,2,3,33,0.540984,0/3,0.0,6,11,21,3,5,35,0.459016,0/3,0.0,6,16,21,4,10
2023020312,2023-11-25,regular,PHI,NYI,1,0,40,0.4375,0/1,0.0,6,27,26,13,7,25,0.5625,0/3,0.0,2,24,23,11,4
2023020313,2023-11-25,regular,CGY,COL,1,3,30,0.474576,0/4,0.0,10,20,13,2,6,24,0.525424,1/4,0.25,10,16,19,8,19
2023020314,2023-11-25,regular,VAN,SJS,3,4,33,0.492063,2/4,0.5,16,20,15,3,4,22,0.507937,1/1,1.0,22,16,24,2,7
2023020315,2023-11-25,regular,ARI,VGK,2,0,18,0.369565,0/2,0.0,12,19,17,2,2,34,0.630435,0/5,0.0,6,19,15,4,8
2023020316,2023-11-26,regular,MIN,DET,1,4,38,0.526316,1/5,0.2,14,13,21,6,3,23,0.473684,2/5,0.4,14,13,13,5,6
2023020317,2023-11-26,regular,STL,CHI,4,2,28,0.470588,1/2,0.5,4,24,21,18,7,33,0.529412,0/2,0.0,4,18,4,24,10
2023020318,2023-11-26,regular,CBJ,CAR,2,3,23,0.446429,0/0,0.0,4,25,28,5,7,43,0.553571,0/2,0.0,0,13,11,11,8
2023020319,2023-11-26,regular,WPG,NSH,2,3,34,0.5,1/2,0.5,4,36,11,10,4,26,0.5,1/2,0.5,4,29,13,13,8
2023020320,2023-11-26,regular,ANA,EDM,2,8,23,0.509434,0/3,0.0,12,40,15,10,7,26,0.490566,2/6,0.333333,6,28,15,10,9
2023020321,2023-11-27,regular,BOS,CBJ,2,5,33,0.5,0/2,0.0,10,14,20,5,4,40,0.5,1/5,0.2,4,18,11,6,10
2023020322,2023-11-27,regular,BUF,NYR,5,1,39,0.276596,0/2,0.0,6,15,18,3,9,26,0.723404,1/3,0.333333,4,23,16,5,10
2023020323,2023-11-27,regular,FLA,OTT,5,0,37,0.451613,3/7,0.428571,83,28,12,3,9,20,0.548387,0/6,0.0,94,32,17,11,6
2023020324,2023-11-27,regular,TBL,COL,1,4,39,0.483333,0/3,0.0,40,14,12,5,4,23,0.516667,1/5,0.2,26,21,18,9,10
2023020325,2023-11-27,regular,VGK,CGY,1,2,28,0.454545,1/3,0.333333,6,21,26,10,10,34,0.545455,0/3,0.0,6,30,10,14,4
2023020326,2023-11-27,regular,WSH,SJS,1,2,34,0.5,0/3,0.0,6,22,13,7,9,23,0.5,1/3,0.333333,6,22,13,10,13
2023020327,2023-11-28,regular,NYI,NJD,4,5,26,0.396226,1/4,0.25,13,25,22,4,3,33,0.603774,1/4,0.25,13,25,5,7,5
2023020328,2023-11-28,regular,CAR,PHI,4,1,36,0.481481,0/2,0.0,4,9,15,9,6,29,0.518519,0/2,0.0,4,11,25,6,2
2023020329,2023-11-28,regular,FLA,TOR,1,2,39,0.472727,0/3,0.0,17,46,13,5,13,32,0.527273,0/6,0.0,11,44,25,21,5
2023020330,2023-11-28,regular,STL,MIN,1,3,24,0.576271,0/4,0.0,2,14,13,6,4,37,0.423729,0/1,0.0,8,16,25,9,7
2023020331,2023-11-28,regular,PIT,NSH,2,3,31,0.470588,0/2,0.0,11,16,16,16,4,25,0.529412,0/3,0.0,9,33,8,11,9
2023020332,2023-11-28,regular,DAL,WPG,2,0,21,0.5,0/2,0.0,8,16,15,3,3,27,0.5,0/4,0.0,4,22,17,4,4
2023020333,2023-11-28,regular,SEA,CHI,3,4,36,0.5,0/5,0.0,10,14,13,10,6,23,0.5,0/3,0.0,14,15,23,23,18
2023020334,2023-11-28,regular,TBL,ARI,1,3,31,0.5,0/2,0.0,9,22,9,9,6,27,0.5,0/2,0.0,9,18,24,11,3
2023020335,2023-11-28,regular,VGK,EDM,4,5,27,0.477612,0/5,0.0,8,31,21,22,6,34,0.522388,1/3,0.333333,12,31,21,12,15
2023020336,2023-11-28,regular,ANA,VAN,1,3,31,0.456522,1/3,0.333333,10,35,13,2,2,27,0.543478,1/4,0.25,8,27,12,3,4
2023020337,2023-11-29,regular,MTL,CBJ,4,2,31,0.513514,0/0,0.0,4,21,12,4,5,28,0.486486,0/1,0.0,2,25,18,5,9
2023020338,2023-11-29,regular,DET,NYR,2,3,27,0.34,1/5,0.2,8,8,25,3,8,41,0.66,0/2,0.0,14,18,15,6,8
2023020339,2023-11-29,regular,WSH,LAK,2,1,15,0.4,0/0,0.0,6,26,18,6,3,39,0.6,0/3,0.0,0,20,10,9,6
2023020340,2023-11-30,regular,SJS,BOS,0,3,26,0.472727,0/5,0.0,20,33,9,5,11,37,0.527273,1/4,0.25,22,22,12,7,10
2023020341,2023-11-30,regular,NYI,CAR,5,4,16,0.539683,1/4,0.25,6,22,31,7,10,43,0.460317,0/3,0.0,8,15,10,8,8
2023020342,2023-11-30,regular,CHI,DET,1,5,35,0.425532,1/3,0.333333,10,13,6,6,5,29,0.574468,2/4,0.5,18,12,15,11,5
2023020343,2023-11-30,regular,FLA,MTL,5,1,29,0.425926,1/4,0.25,17,18,13,19,7,22,0.574074,0/6,0.0,13,17,15,13,10
2023020344,2023-11-30,regular,NJD,PHI,4,3,35,0.52381,1/5,0.2,12,11,14,12,3,47,0.47619,2/6,0.333333,23,18,15,9,5
2023020345,2023-11-30,regular,PIT,TBL,4,2,29,0.622222,0/1,0.0,4,24,16,3,7,41,0.377778,1/2,0.5,2,15,18,10,9
2023020346,2023-11-30,regular,SEA,TOR,3,4,40,0.389831,1/5,0.2,8,27,14,9,6,28,0.610169,1/3,0.333333,12,20,22,11,6
2023020347,2023-11-30,regular,MIN,NSH,6,1,31,0.403846,1/4,0.25,17,23,14,4,6,27,0.596154,0/4,0.0,17,37,9,12,6
2023020348,2023-11-30,regular,BUF,STL,4,6,46,0.508475,0/3,0.0,4,6,6,4,8,20,0.491525,1/2,0.5,6,16,12,13,7
2023020349,2023-11-30,regular,EDM,WPG,3,1,39,0.709677,1/2,0.5,6,23,8,6,4,26,0.290323,1/3,0.333333,4,24,18,9,7
2023020350,2023-11-30,regular,COL,ARI,3,4,31,0.577778,2/3,0.666667,11,26,15,11,4,32,0.422222,1/3,0.333333,11,18,17,6,1
2023020351,2023-11-30,regular,DAL,CGY,3,4,16,0.6,0/0,0.0,4,18,21,5,5,36,0.4,0/2,0.0,0,15,23,8,8
2023020352,2023-11-30,regular,WSH,ANA,5,4,26,0.451613,2/6,0.333333,14,14,19,9,13,32,0.548387,0/5,0.0,16,15,13,8,16
2023020353,2023-11-30,regular,VGK,VAN,4,1,44,0.608696,1/3,0.333333,6,25,14,5,6,22,0.391304,0/3,0.0,6,22,9,11,3
2023020354,2023-12-01,regular,OTT,CBJ,2,4,43,0.557692,1/5,0.2,4,23,11,0,3,23,0.442308,2/2,1.0,10,26,17,0,11
2023020355,2023-12-01,regular,SJS,NJD,6,3,18,0.451613,0/0,0.0,4,29,31,1,8,47,0.548387,1/2,0.5,0,18,10,5,6
2023020356,2023-12-02,regular,TBL,DAL,1,8,33,0.55,1/6,0.166667,4,34,9,9,2,34,0.45,2/2,1.0,12,13,10,4,6
2023020357,2023-12-02,regular,CHI,WPG,1,3,21,0.48,0/2,0.0,8,30,16,8,4,28,0.52,1/4,0.25,4,22,14,9,10
2023020358,2023-12-02,regular,NYR,NSH,4,3,25,0.575758,1/2,0.5,8,30,19,13,7,40,0.424242,1/4,0.25,4,35,16,15,6
2023020359,2023-12-02,regular,NYI,FLA,4,3,27,0.40625,1/2,0.5,4,27,25,4,7,45,0.59375,0/2,0.0,4,23,19,5,3
2023020360,2023-12-02,regular,BUF,CAR,2,6,22,0.45614,0/5,0.0,13,24,16,13,5,37,0.54386,2/2,1.0,19,14,8,17,6
2023020361,2023-12-02,regular,DET,MTL,5,4,33,0.42623,1/4,0.25,10,18,21,19,9,30,0.57377,1/5,0.2,8,19,14,11,5
2023020362,2023-12-02,regular,SEA,OTT,0,2,39,0.5,0/3,0.0,6,18,8,11,11,28,0.5,0/3,0.0,6,18,23,18,8
2023020363,2023-12-02,regular,PHI,PIT,4,3,33,0.382353,1/4,0.25,10,39,26,4,11,32,0.617647,0/5,0.0,8,24,11,16,12
2023020364,2023-12-02,regular,BOS,TOR,4,3,37,0.459016,0/1,0.0,2,44,17,9,5,40,0.540984,0/1,0.0,2,42,19,13,17
2023020365,2023-12-02,regular,STL,ARI,1,4,32,0.4,0/3,0.0,6,27,7,6,1,22,0.6,1/2,0.5,8,16,19,7,4
2023020366,2023-12-02,regular,COL,ANA,3,4,37,0.449275,0/3,0.0,6,20,13,13,10,37,0.550725,2/3,0.666667,6,25,21,20,12
2023020367,2023-12-02,regular,VAN,CGY,4,3,22,0.525424,0/4,0.0,10,18,18,4,8,24,0.474576,2/5,0.4,8,20,10,13,9
2023020368,2023-12-02,regular,WSH,VGK,1,4,22,0.583333,0/1,0.0,10,21,9,6,5,36,0.416667,1/4,0.25,4,25,22,3,13
2023020369,2023-12-03,regular,CHI,MIN,1,4,29,0.537037,1/3,0.333333,6,31,18,4,5,34,0.462963,2/3,0.666667,6,21,9,11,8
2023020370,2023-12-03,regular,SJS,NYR,5,6,28,0.464286,1/2,0.5,6,23,17,6,1,36,0.535714,1/3,0.333333,4,22,14,8,6
2023020371,2023-12-03,regular,CBJ,BOS,1,3,25,0.489362,0/4,0.0,12,20,21,7,12,28,0.510638,2/6,0.333333,8,28,15,6,9
2023020372,2023-12-03,regular,NSH,BUF,2,1,29,0.592593,0/1,0.0,2,25,12,2,4,35,0.407407,0/0,0.0,4,19,14,4,5
2023020373,2023-12-03,regular,COL,LAK,1,4,21,0.461538,0/2,0.0,2,16,18,9,3,38,0.538462,0/1,0.0,4,13,17,7,6
2023020374,2023-12-04,regular,PIT,PHI,1,2,32,0.442308,0/3,0.0,2,9,13,9,8,33,0.557692,0/1,0.0,6,26,12,14,7
2023020375,2023-12-04,regular,DAL,TBL,0,4,25,0.596154,0/2,0.0,4,20,13,10,5,23,0.403846,0/2,0.0,4,23,24,14,10
2023020376,2023-12-04,regular,SEA,MTL,2,4,33,0.458333,1/2,0.5,2,26,6,10,8,30,0.541667,1/1,1.0,4,16,21,10,4
2023020377,2023-12-04,regular,CAR,WPG,1,2,43,0.517857,0/3,0.0,2,11,10,8,4,22,0.482143,0/1,0.0,6,22,18,14,7
2023020378,2023-12-04,regular,WSH,ARI,0,6,26,0.446429,0/4,0.0,10,21,12,4,4,27,0.553571,2/4,0.5,10,17,21,6,10
2023020379,2023-12-04,regular,STL,VGK,2,1,27,0.509434,0/1,0.0,6,16,17,4,8,34,0.490566,1/3,0.333333,2,23,23,10,14
2023020380,2023-12-05,regular,DET,BUF,5,3,27,0.52459,1/4,0.25,10,16,18,2,3,32,0.47541,2/5,0.4,8,18,9,3,5
2023020381,2023-12-05,regular,LAK,CBJ,4,3,39,0.508772,0/2,0.0,2,15,17,4,2,29,0.491228,1/1,1.0,4,17,12,3,8
2023020382,2023-12-05,regular,NYR,OTT,2,6,35,0.557377,1/4,0.25,11,18,19,13,7,36,0.442623,0/3,0.0,13,15,9,13,8
2023020383,2023-12-05,regular,SJS,NYI,5,4,37,0.492958,0/2,0.0,6,17,17,5,3,39,0.507042,2/3,0.666667,4,21,20,11,7
2023020384,2023-12-05,regular,NSH,CHI,4,3,30,0.488372,1/2,0.5,4,22,16,9,6,28,0.511628,0/2,0.0,4,11,18,23,18
2023020385,2023-12-05,regular,MIN,CGY,5,2,29,0.409091,1/3,0.333333,13,16,19,5,1,30,0.590909,0/3,0.0,13,28,16,15,6
2023020386,2023-12-05,regular,ANA,COL,2,3,33,0.461538,1/3,0.333333,6,21,15,5,7,30,0.538462,0/3,0.0,6,18,18,9,9
2023020387,2023-12-05,regular,NJD,VAN,6,5,32,0.557377,1/2,0.5,8,27,6,8,3,33,0.442623,1/4,0.25,4,33,14,11,5
2023020388,2023-12-06,regular,DAL,FLA,4,5,33,0.559322,2/4,0.5,4,23,15,9,4,31,0.440678,1/1,1.0,10,20,12,9,6
2023020389,2023-12-06,regular,PIT,TBL,1,3,25,0.592593,0/4,0.0,8,21,10,5,6,27,0.407407,2/4,0.5,8,15,27,10,8
2023020390,2023-12-06,regular,VGK,STL,6,3,49,0.484375,2/8,0.25,6,12,20,6,8,29,0.515625,0/3,0.0,16,26,17,12,12
2023020391,2023-12-06,regular,CAR,EDM,1,6,39,0.470588,0/2,0.0,2,25,7,7,13,34,0.529412,0/1,0.0,4,21,17,16,23
2023020392,2023-12-07,regular,BUF,BOS,3,1,35,0.5,0/3,0.0,2,33,20,7,12,32,0.5,0/1,0.0,6,34,11,6,7
2023020393,2023-12-07,regular,SJS,DET,6,5,36,0.40625,0/2,0.0,6,15,10,3,3,31,0.59375,0/2,0.0,6,19,16,7,2
2023020394,2023-12-07,regular,LAK,MTL,4,0,42,0.396552,1/1,1.0,13,22,18,21,3,24,0.603448,0/3,0.0,9,16,9,8,1
2023020395,2023-12-07,regular,TOR,OTT,4,3,22,0.571429,0/1,0.0,4,30,22,7,8,41,0.428571,0/2,0.0,2,18,21,14,5
2023020396,2023-12-07,regular,DAL,WSH,5,4,38,0.559322,1/1,1.0,8,15,16,10,6,27,0.440678,1/3,0.333333,2,26,24,13,9
2023020397,2023-12-07,regular,CBJ,NYI,3,7,35,0.539683,0/1,0.0,4,21,14,11,4,36,0.460317,1/2,0.5,2,21,22,12,4
2023020398,2023-12-07,regular,TBL,NSH,1,5,33,0.527273,0/4,0.0,23,19,16,13,5,30,0.472727,2/3,0.666667,13,22,15,11,9
2023020399,2023-12-07,regular,ANA,CHI,0,1,37,0.528302,0/3,0.0,8,19,7,9,5,25,0.471698,1/4,0.25,6,13,20,10,7
2023020400,2023-12-07,regular,PHI,ARI,4,1,26,0.566038,0/0,0.0,6,22,23,6,0,26,0.433962,0/3,0.0,0,19,9,16,4
2023020401,2023-12-07,regular,CAR,CGY,2,3,30,0.545455,0/1,0.0,6,24,11,4,4,27,0.454545,0/3,0.0,2,19,19,9,9
2023020402,2023-12-07,regular,WPG,COL,4,2,28,0.478261,0/1,0.0,8,14,12,0,4,34,0.521739,0/4,0.0,2,12,15,10,8
2023020403,2023-12-07,regular,NJD,SEA,2,1,17,0.509091,0/3,0.0,4,19,16,4,10,38,0.490909,0/2,0.0,6,30,11,2,11
2023020404,2023-12-07,regular,MIN,VAN,0,2,26,0.484375,0/1,0.0,14,17,11,7,1,17,0.515625,0/2,0.0,12,26,22,6,3
2023020405,2023-12-08,regular,STL,CBJ,2,5,43,0.442623,0/3,0.0,6,12,8,3,3,22,0.557377,1/2,0.5,8,19,17,4,6
2023020406,2023-12-08,regular,PIT,FLA,1,3,26,0.473684,0/3,0.0,4,28,20,10,4,33,0.526316,0/2,0.0,6,31,13,13,3
2023020407,2023-12-08,regular,MIN,EDM,3,4,20,0.480769,0/2,0.0,10,24,16,7,10,40,0.519231,2/4,0.5,6,17,15,12,10
2023020408,2023-12-09,regular,ARI,BOS,3,5,33,0.3,0/5,0.0,6,20,11,15,9,29,0.7,1/3,0.333333,10,25,17,9,9
2023020409,2023-12-09,regular,NJD,CGY,4,2,30,0.54,0/2,0.0,0,22,16,9,14,25,0.46,0/0,0.0,4,14,19,11,14
2023020410,2023-12-09,regular,VGK,DAL,6,1,27,0.511111,0/2,0.0,6,22,16,9,13,20,0.488889,0/3,0.0,4,19,10,7,9
2023020411,2023-12-09,regular,MTL,BUF,3,2,31,0.566038,1/4,0.25,17,16,15,3,3,48,0.433962,0/5,0.0,24,25,9,7,6
2023020412,2023-12-09,regular,OTT,DET,5,1,37,0.597015,2/6,0.333333,17,13,15,4,6,31,0.402985,1/5,0.2,28,15,18,9,3
2023020413,2023-12-09,regular,NSH,TOR,0,4,18,0.442308,0/3,0.0,15,36,16,14,9,37,0.557692,1/5,0.2,11,31,15,12,15
2023020414,2023-12-09,regular,NYR,WSH,0,4,31,0.396552,0/1,0.0,11,21,9,1,6,29,0.603448,0/3,0.0,7,19,12,11,10
2023020415,2023-12-09,regular,LAK,NYI,2,3,35,0.517241,1/5,0.2,13,22,11,10,9,30,0.482759,0/4,0.0,15,28,21,14,2
2023020416,2023-12-09,regular,STL,CHI,1,3,39,0.446429,0/3,0.0,11,18,10,4,7,24,0.553571,0/3,0.0,11,20,16,13,13
2023020417,2023-12-09,regular,PHI,COL,5,2,34,0.548387,0/1,0.0,4,23,23,10,12,38,0.451613,0/2,0.0,2,22,12,17,15
2023020418,2023-12-09,regular,TBL,SEA,4,3,30,0.596491,0/2,0.0,12,18,22,4,7,29,0.403509,1/5,0.2,6,25,14,5,11
2023020419,2023-12-09,regular,CAR,VAN,3,4,24,0.525424,1/5,0.2,6,13,5,1,4,24,0.474576,0/3,0.0,10,27,18,5,5
2023020420,2023-12-10,regular,FLA,CBJ,5,2,35,0.489796,1/2,0.5,16,11,15,1,3,19,0.510204,0/2,0.0,39,21,20,6,1
2023020421,2023-12-10,regular,NJD,EDM,1,4,26,0.508197,0/4,0.0,6,14,11,9,6,30,0.491803,1/3,0.333333,8,21,22,9,6
2023020422,2023-12-10,regular,WSH,CHI,4,2,27,0.396226,0/3,0.0,32,19,15,9,3,34,0.603774,0/6,0.0,6,18,15,13,14
2023020423,2023-12-10,regular,NSH,MTL,2,1,32,0.444444,1/2,0.5,12,34,12,15,9,37,0.555556,0/5,0.0,8,33,15,8,4
2023020424,2023-12-10,regular,LAK,NYR,1,4,26,0.372549,1/3,0.333333,26,17,12,5,4,27,0.627451,2/5,0.4,22,24,10,5,7
2023020425,2023-12-10,regular,WPG,ANA,4,2,31,0.465517,0/5,0.0,9,14,13,5,7,26,0.534483,1/2,0.5,28,17,15,6,3
2023020426,2023-12-10,regular,MIN,SEA,3,0,26,0.35,0/2,0.0,6,16,25,4,10,24,0.65,0/3,0.0,4,11,23,3,14
2023020427,2023-12-10,regular,SJS,VGK,4,5,38,0.629032,1/3,0.333333,8,27,16,1,8,27,0.370968,1/4,0.25,6,32,16,5,9
2023020428,2023-12-11,regular,ARI,BUF,2,5,23,0.418182,0/3,0.0,4,27,11,7,5,38,0.581818,0/2,0.0,6,21,9,5,9
2023020429,2023-12-11,regular,TOR,NYI,3,4,40,0.535714,1/1,1.0,2,21,11,12,7,29,0.464286,0/1,0.0,2,22,16,11,5
2023020430,2023-12-11,regular,DET,DAL,3,6,30,0.413793,1/4,0.25,10,10,21,4,8,35,0.586207,2/4,0.5,8,4,11,7,7
2023020431,2023-12-11,regular,CGY,COL,5,6,32,0.471429,0/2,0.0,10,22,31,2,3,38,0.528571,1/4,0.25,6,13,12,11,10
2023020432,2023-12-12,regular,TOR,NYR,7,3,30,0.527273,1/3,0.333333,8,14,19,7,5,31,0.472727,1/2,0.5,10,25,10,13,7
2023020433,2023-12-12,regular,CAR,OTT,4,1,28,0.526316,2/2,1.0,12,11,15,10,12,32,0.473684,0/4,0.0,20,21,15,18,7
2023020434,2023-12-12,regular,ARI,PIT,2,4,21,0.37931,2/5,0.4,10,22,16,8,11,43,0.62069,2/5,0.4,12,25,18,12,14
2023020435,2023-12-12,regular,PHI,NSH,2,3,39,0.442308,0/4,0.0,11,23,23,9,7,22,0.557692,0/3,0.0,13,33,11,15,7
2023020436,2023-12-12,regular,DET,STL,6,4,32,0.529412,1/5,0.2,6,10,15,4,10,37,0.470588,0/3,0.0,10,17,8,4,12
2023020437,2023-12-12,regular,CHI,EDM,1,4,23,0.461538,0/2,0.0,4,31,22,8,18,29,0.538462,1/2,0.5,6,18,11,13,12
2023020438,2023-12-12,regular,FLA,SEA,0,4,24,0.430769,0/3,0.0,2,25,11,0,11,23,0.569231,0/1,0.0,6,25,16,4,13
2023020439,2023-12-12,regular,TBL,VAN,1,4,29,0.509804,0/3,0.0,4,23,12,5,1,22,0.490196,1/2,0.5,6,27,17,11,6
2023020440,2023-12-12,regular,CGY,VGK,4,5,31,0.584906,0/2,0.0,8,22,17,4,10,39,0.415094,2/4,0.5,4,24,16,5,8
2023020441,2023-12-12,regular,WPG,SJS,1,2,37,0.5,0/5,0.0,6,19,10,0,3,32,0.5,1/3,0.333333,10,22,17,8,7
2023020442,2023-12-13,regular,PIT,MTL,4,3,30,0.483333,2/3,0.666667,8,32,15,14,8,42,0.516667,1/4,0.25,6,19,14,15,8
2023020443,2023-12-13,regular,BOS,NJD,1,2,24,0.508475,0/1,0.0,4,20,19,4,5,35,0.491525,0/2,0.0,2,25,13,8,5
2023020444,2023-12-13,regular,ANA,NYI,3,4,24,0.485294,1/2,0.5,8,19,15,5,6,35,0.514706,1/4,0.25,4,12,12,14,5
2023020445,2023-12-13,regular,BUF,COL,1,5,30,0.5,0/2,0.0,4,22,15,5,5,29,0.5,1/2,0.5,4,14,21,9,9
2023020446,2023-12-13,regular,WPG,LAK,5,2,29,0.37037,0/2,0.0,8,29,22,1,6,34,0.62963,1/4,0.25,4,24,8,6,1
2023020447,2023-12-14,regular,CAR,DET,2,1,39,0.672727,0/4,0.0,6,10,14,4,4,26,0.327273,0/3,0.0,8,16,19,11,7
2023020448,2023-12-14,regular,WSH,PHI,3,4,30,0.52381,1/3,0.333333,10,19,17,5,3,32,0.47619,0/5,0.0,6,26,16,5,3
2023020449,2023-12-14,regular,CBJ,TOR,6,5,35,0.439394,1/2,0.5,6,33,38,9,10,48,0.560606,1/2,0.5,6,32,7,11,9
2023020450,2023-12-14,regular,CGY,MIN,2,3,37,0.581818,1/3,0.333333,8,22,23,6,4,32,0.418182,0/3,0.0,8,20,10,10,7
2023020451,2023-12-14,regular,OTT,STL,2,4,34,0.490196,0/2,0.0,11,25,10,3,14,30,0.509804,0/3,0.0,9,20,13,5,11
2023020452,2023-12-14,regular,TBL,EDM,7,4,24,0.461538,1/2,0.5,8,24,19,19,12,57,0.538462,2/4,0.5,4,26,16,19,17
2023020453,2023-12-14,regular,CHI,SEA,1,7,22,0.431373,0/1,0.0,4,32,20,4,10,29,0.568627,1/2,0.5,2,15,11,7,6
2023020454,2023-12-14,regular,FLA,VAN,0,4,36,0.489362,0/3,0.0,6,31,11,5,4,18,0.510638,1/3,0.333333,6,35,17,11,2
2023020455,2023-12-15,regular,NSH,CAR,6,5,30,0.446154,1/3,0.333333,6,23,20,3,6,31,0.553846,2/3,0.666667,6,25,15,7,5
2023020456,2023-12-15,regular,ANA,NYR,1,5,30,0.47541,0/3,0.0,32,15,19,7,6,39,0.52459,2/6,0.333333,6,15,9,12,7
2023020457,2023-12-15,regular,BOS,NYI,5,4,34,0.434211,3/3,1.0,8,27,7,6,5,37,0.565789,2/4,0.5,6,41,18,13,7
2023020458,2023-12-15,regular,OTT,DAL,4,5,29,0.4,0/3,0.0,6,30,13,3,5,24,0.6,1/3,0.333333,6,21,14,3,5
2023020459,2023-12-15,regular,SJS,ARI,0,1,21,0.375,0/0,0.0,8,24,15,4,1,24,0.625,0/4,0.0,0,19,15,8,10
2023020460,2023-12-15,regular,BUF,VGK,5,2,27,0.555556,0/1,0.0,8,30,19,4,9,35,0.444444,1/4,0.25,2,44,12,8,8
2023020461,2023-12-16,regular,VAN,MIN,1,2,36,0.507937,0/5,0.0,4,15,11,5,6,31,0.492063,0/2,0.0,10,16,16,11,2
2023020462,2023-12-16,regular,NYR,BOS,2,1,34,0.58,1/6,0.166667,15,23,16,4,9,22,0.42,0/4,0.0,30,24,14,10,7
2023020463,2023-12-16,regular,NJD,CBJ,6,3,30,0.588235,1/2,0.5,10,12,12,5,5,26,0.411765,1/4,0.25,6,14,15,3,3
2023020464,2023-12-16,regular,NYI,MTL,3,5,33,0.326923,0/1,0.0,4,27,14,7,5,41,0.673077,0/2,0.0,2,20,18,6,6
2023020465,2023-12-16,regular,DET,PHI,0,1,32,0.561404,0/3,0.0,6,19,10,9,4,34,0.438596,0/3,0.0,6,22,21,11,6
2023020466,2023-12-16,regular,PIT,TOR,0,7,38,0.589286,0/3,0.0,33,38,14,9,11,35,0.410714,2/7,0.285714,15,16,19,9,10
2023020467,2023-12-16,regular,COL,WPG,2,6,32,0.588235,1/4,0.25,4,31,17,12,1,25,0.411765,1/2,0.5,8,21,16,13,9
2023020468,2023-12-16,regular,WSH,NSH,1,3,22,0.613636,1/4,0.25,6,20,11,14,9,23,0.386364,1/3,0.333333,8,29,18,25,10
2023020469,2023-12-16,regular,DAL,STL,3,4,23,0.578125,0/3,0.0,2,15,12,6,8,34,0.421875,1/1,1.0,6,27,15,9,15
2023020470,2023-12-16,regular,BUF,ARI,0,2,28,0.447368,0/1,0.0,6,16,20,7,4,22,0.552632,0/2,0.0,4,23,19,15,6
2023020471,2023-12-16,regular,TBL,CGY,2,4,33,0.642857,1/1,1.0,9,20,20,8,2,26,0.357143,0/1,0.0,9,20,16,16,9
2023020472,2023-12-16,regular,FLA,EDM,5,1,39,0.354839,1/3,0.333333,6,26,14,9,7,39,0.645161,0/2,0.0,8,41,14,14,5
2023020473,2023-12-16,regular,LAK,SEA,3,2,38,0.607143,1/4,0.25,4,22,12,6,4,19,0.392857,1/2,0.5,8,19,18,3,4
2023020474,2023-12-17,regular,VAN,CHI,4,3,27,0.553191,1/4,0.25,23,14,8,1,12,28,0.446809,2/4,0.5,13,11,15,11,10
2023020475,2023-12-17,regular,WSH,CAR,2,1,21,0.551724,0/2,0.0,10,19,14,5,5,29,0.448276,0/5,0.0,4,10,8,7,7
2023020476,2023-12-17,regular,ANA,NJD,5,1,28,0.433962,1/5,0.2,29,15,17,2,2,29,0.566038,0/5,0.0,19,12,10,5,3
2023020477,2023-12-17,regular,SJS,COL,2,6,27,0.381818,2/4,0.5,31,29,15,7,6,29,0.618182,2/4,0.5,30,20,21,11,5
2023020478,2023-12-17,regular,OTT,VGK,3,6,25,0.566667,2/5,0.4,10,41,12,2,6,31,0.433333,2/5,0.4,10,25,18,8,10
2023020479,2023-12-18,regular,ANA,DET,4,3,22,0.446154,1/3,0.333333,18,16,23,6,1,32,0.553846,2/7,0.285714,10,23,11,8,3
2023020480,2023-12-18,regular,MIN,PIT,3,4,27,0.421053,0/3,0.0,14,17,12,5,5,30,0.578947,2/5,0.4,10,9,13,10,9
2023020481,2023-12-18,regular,MTL,WPG,3,2,26,0.537037,2/3,0.666667,6,29,23,8,4,32,0.462963,0/2,0.0,8,21,13,11,10
2023020482,2023-12-18,regular,SEA,DAL,3,4,38,0.428571,0/4,0.0,8,28,12,5,5,28,0.571429,0/4,0.0,8,21,13,16,11
2023020483,2023-12-18,regular,FLA,CGY,1,3,34,0.388889,1/5,0.2,10,19,10,9,6,24,0.611111,0/5,0.0,10,18,28,16,12
2023020484,2023-12-19,regular,MIN,BOS,4,3,30,0.377358,1/1,1.0,28,25,10,10,9,43,0.622642,1/3,0.333333,14,38,12,14,11
2023020485,2023-12-19,regular,CBJ,BUF,9,4,34,0.453125,1/2,0.5,6,13,16,5,4,29,0.546875,1/3,0.333333,4,26,13,8,6
2023020486,2023-12-19,regular,VGK,CAR,3,6,33,0.569444,0/4,0.0,6,21,12,7,4,39,0.430556,3/3,1.0,8,13,10,10,12
2023020487,2023-12-19,regular,PHI,NJD,3,2,26,0.388889,0/3,0.0,2,44,21,3,8,26,0.611111,1/1,1.0,6,39,12,17,20
2023020488,2023-12-19,regular,STL,TBL,1,6,29,0.425,1/3,0.333333,13,22,14,3,4,33,0.575,1/3,0.333333,23,14,19,16,12
2023020489,2023-12-19,regular,NYR,TOR,5,2,36,0.553191,2/2,1.0,0,41,15,8,8,33,0.446809,0/0,0.0,4,20,17,15,9
2023020490,2023-12-19,regular,EDM,NYI,1,3,31,0.522727,0/4,0.0,8,13,8,10,5,21,0.477273,2/4,0.5,8,29,22,10,6
2023020491,2023-12-19,regular,VAN,NSH,5,2,35,0.553571,0/3,0.0,4,22,17,10,16,28,0.446429,0/2,0.0,26,28,3,12,10
2023020492,2023-12-19,regular,COL,CHI,2,3,37,0.520833,2/3,0.666667,32,19,6,6,6,22,0.479167,1/6,0.166667,16,26,14,9,15
2023020493,2023-12-19,regular,OTT,ARI,3,4,22,0.459016,1/2,0.5,15,28,20,1,3,38,0.540984,0/2,0.0,15,32,13,5,6
2023020494,2023-12-19,regular,LAK,SJS,4,1,39,0.538462,1/2,0.5,6,13,16,4,7,16,0.461538,1/3,0.333333,4,8,15,11,7
2023020495,2023-12-20,regular,DET,WPG,2,5,28,0.435484,0/2,0.0,0,15,11,10,2,41,0.564516,0/0,0.0,4,20,20,7,3
2023020496,2023-12-20,regular,NYI,WSH,2,3,32,0.5,0/3,0.0,6,19,19,3,8,36,0.5,1/3,0.333333,6,17,17,10,5
2023020497,2023-12-20,regular,SEA,LAK,2,1,30,0.377049,0/3,0.0,8,34,13,8,8,43,0.622951,0/4,0.0,6,14,19,9,4
2023020498,2023-12-21,regular,TOR,BUF,3,9,27,0.584906,1/4,0.25,10,20,14,2,7,34,0.415094,1/5,0.2,8,28,19,3,5
2023020499,2023-12-21,regular,WSH,CBJ,3,2,32,0.54386,2/3,0.666667,2,9,15,2,4,36,0.45614,0/1,0.0,6,11,21,3,3
2023020500,2023-12-21,regular,STL,FLA,4,1,24,0.314815,0/1,0.0,2,24,16,6,0,38,0.685185,0/1,0.0,2,21,3,6,7
2023020501,2023-12-21,regular,EDM,NJD,6,3,38,0.472727,0/2,0.0,0,17,15,4,12,26,0.527273,0/0,0.0,4,32,18,14,8
2023020502,2023-12-21,regular,NSH,PHI,4,2,31,0.518519,0/5,0.0,21,24,10,5,4,31,0.481481,1/4,0.25,10,22,12,5,1
2023020503,2023-12-21,regular,CAR,PIT,1,2,24,0.508197,0/2,0.0,10,16,19,5,14,25,0.491803,0/5,0.0,4,26,27,17,9
2023020504,2023-12-21,regular,VGK,TBL,4,5,34,0.482143,1/4,0.25,18,24,23,12,4,36,0.517857,2/4,0.5,18,26,14,8,7
2023020505,2023-12-21,regular,VAN,DAL,3,4,20,0.5,0/3,0.0,6,21,10,9,10,36,0.5,0/3,0.0,6,20,14,13,6
2023020506,2023-12-21,regular,MTL,MIN,3,4,25,0.509091,1/5,0.2,19,17,14,6,2,24,0.490909,2/6,0.333333,25,21,11,12,8
2023020507,2023-12-21,regular,OTT,COL,4,6,45,0.4375,1/6,0.166667,10,17,7,1,8,39,0.5625,4/5,0.8,12,25,19,9,6
2023020508,2023-12-21,regular,CGY,ANA,3,0,44,0.5,1/7,0.142857,13,14,20,4,4,25,0.5,0/4,0.0,19,16,15,5,4
2023020509,2023-12-21,regular,ARI,SJS,5,2,30,0.510204,1/3,0.333333,2,13,18,10,5,31,0.489796,0/1,0.0,6,11,18,9,2
2023020510,2023-12-22,regular,PHI,DET,6,7,43,0.492537,0/2,0.0,47,18,18,4,0,37,0.507463,1/3,0.333333,15,16,12,4,3
2023020511,2023-12-22,regular,EDM,NYR,4,3,28,0.589286,0/2,0.0,6,14,24,3,2,34,0.410714,1/3,0.333333,4,16,15,7,6
2023020512,2023-12-22,regular,BOS,WPG,1,5,25,0.426471,0/2,0.0,6,27,17,7,2,33,0.573529,2/3,0.666667,4,25,15,14,8
2023020513,2023-12-22,regular,MTL,CHI,5,2,28,0.568627,0/3,0.0,7,12,17,2,5,21,0.431373,0/1,0.0,11,26,22,14,13
2023020514,2023-12-23,regular,VGK,FLA,2,4,25,0.476923,0/2,0.0,39,25,21,6,4,42,0.523077,2/6,0.333333,41,39,11,11,9
2023020515,2023-12-23,regular,DAL,NSH,3,2,34,0.578947,0/2,0.0,4,23,12,10,2,21,0.421053,1/2,0.5,4,40,27,4,8
2023020516,2023-12-23,regular,NYI,CAR,5,4,28,0.514706,0/3,0.0,10,14,24,1,8,40,0.485294,2/4,0.5,8,19,8,7,5
2023020517,2023-12-23,regular,TOR,CBJ,4,1,30,0.54717,1/2,0.5,12,9,19,2,5,28,0.45283,0/4,0.0,8,7,13,4,3
2023020518,2023-12-23,regular,BOS,MIN,2,3,21,0.446429,1/2,0.5,15,21,12,5,4,35,0.553571,1/5,0.2,9,26,11,9,7
2023020519,2023-12-23,regular,DET,NJD,2,3,24,0.490196,0/3,0.0,10,13,13,3,5,36,0.509804,0/4,0.0,8,18,10,2,3
2023020520,2023-12-23,regular,PIT,OTT,4,5,34,0.590164,1/7,0.142857,8,16,11,10,3,26,0.409836,0/4,0.0,14,16,28,13,8
2023020521,2023-12-23,regular,TBL,WSH,2,1,20,0.630435,0/2,0.0,2,19,21,6,12,34,0.369565,0/1,0.0,4,24,17,10,13
2023020522,2023-12-23,regular,BUF,NYR,3,4,30,0.466667,0/1,0.0,33,18,26,5,7,33,0.533333,1/4,0.25,7,13,13,7,6
2023020523,2023-12-23,regular,SEA,ANA,3,2,22,0.375,1/1,1.0,6,18,12,18,11,34,0.625,1/3,0.333333,2,24,18,17,8
2023020524,2023-12-23,regular,CHI,STL,5,7,20,0.396552,1/2,0.5,8,36,13,7,12,42,0.603448,2/4,0.5,4,21,12,9,11
2023020525,2023-12-23,regular,ARI,COL,1,4,25,0.431818,1/3,0.333333,9,23,9,3,11,26,0.568182,0/2,0.0,11,23,6,3,11
2023020526,2023-12-23,regular,CGY,LAK,3,5,32,0.492537,1/6,0.166667,8,14,26,6,5,34,0.507463,0/4,0.0,12,23,25,8,9
2023020527,2023-12-23,regular,SJS,VAN,4,7,25,0.46875,0/3,0.0,8,19,22,5,1,26,0.53125,1/4,0.25,6,19,9,11,6
2023020528,2023-12-27,regular,CBJ,NJD,3,4,29,0.482759,0/3,0.0,6,25,23,3,7,35,0.517241,0/3,0.0,6,19,21,7,9
2023020529,2023-12-27,regular,WSH,NYR,1,5,27,0.5,0/2,0.0,6,17,6,4,4,31,0.5,1/3,0.333333,4,28,15,10,8
2023020530,2023-12-27,regular,FLA,TBL,3,2,31,0.538462,0/3,0.0,12,36,11,3,4,29,0.461538,0/3,0.0,12,27,18,11,0
2023020531,2023-12-27,regular,OTT,TOR,4,2,30,0.483871,0/1,0.0,11,31,24,14,10,36,0.516129,0/3,0.0,7,31,11,9,6
2023020532,2023-12-27,regular,BOS,BUF,4,1,25,0.546875,3/4,0.75,12,13,20,5,5,26,0.453125,0/6,0.0,10,17,10,3,7
2023020533,2023-12-27,regular,PIT,NYI,7,0,32,0.548387,0/3,0.0,4,16,13,10,2,22,0.451613,0/2,0.0,6,22,18,11,3
2023020534,2023-12-27,regular,DET,MIN,3,6,28,0.557692,1/2,0.5,4,19,8,1,3,31,0.442308,0/2,0.0,4,29,16,8,11
2023020535,2023-12-27,regular,CAR,NSH,5,2,25,0.627119,3/6,0.5,8,23,10,9,2,37,0.372881,1/4,0.25,12,37,17,9,1
2023020536,2023-12-27,regular,DAL,STL,1,2,40,0.451613,0/2,0.0,8,12,13,10,18,30,0.548387,0/4,0.0,4,19,19,11,11
2023020537,2023-12-27,regular,COL,ARI,4,5,24,0.576923,2/3,0.666667,4,36,15,4,6,27,0.423077,0/1,0.0,8,33,9,6,7
2023020538,2023-12-27,regular,WPG,CHI,1,2,38,0.464286,0/4,0.0,4,25,12,3,14,25,0.535714,0/2,0.0,8,25,21,11,12
2023020539,2023-12-27,regular,SEA,CGY,2,1,21,0.333333,0/2,0.0,8,20,20,13,4,38,0.666667,1/4,0.25,4,18,19,19,8
2023020540,2023-12-27,regular,VGK,ANA,2,5,32,0.541667,1/5,0.2,2,19,9,9,4,26,0.458333,0/1,0.0,10,24,29,12,5
2023020541,2023-12-27,regular,SJS,LAK,1,5,25,0.407407,0/3,0.0,11,26,16,6,4,43,0.592593,0/3,0.0,11,20,20,9,4
2023020542,2023-12-28,regular,MTL,CAR,3,5,21,0.550725,1/4,0.25,6,17,26,6,6,31,0.449275,1/3,0.333333,8,19,13,10,5
2023020543,2023-12-28,regular,PHI,VAN,4,1,25,0.672727,1/3,0.333333,8,17,18,2,5,27,0.327273,0/3,0.0,8,22,13,10,3
2023020544,2023-12-28,regular,LAK,VGK,2,3,34,0.557377,0/2,0.0,0,26,9,4,9,32,0.442623,0/0,0.0,4,24,34,9,18
2023020545,2023-12-28,regular,EDM,SJS,5,0,30,0.44,0/1,0.0,6,11,12,7,7,25,0.56,0/3,0.0,2,19,15,6,11
2023020546,2023-12-29,regular,TOR,CBJ,5,6,33,0.571429,2/4,0.5,11,13,17,2,6,21,0.428571,1/2,0.5,15,14,12,2,5
2023020547,2023-12-29,regular,NSH,DET,4,5,37,0.507937,0/2,0.0,11,22,15,7,3,23,0.492063,0/2,0.0,11,25,18,5,8
2023020548,2023-12-29,regular,NYR,FLA,3,4,34,0.423729,0/2,0.0,6,24,23,7,8,33,0.576271,1/3,0.333333,4,34,12,7,5
2023020549,2023-12-29,regular,NJD,OTT,6,2,30,0.527273,2/4,0.5,8,14,14,11,4,27,0.472727,0/4,0.0,8,27,20,19,11
2023020550,2023-12-29,regular,WSH,NYI,1,5,27,0.413043,0/2,0.0,6,15,16,11,4,32,0.586957,0/3,0.0,4,25,8,7,13
2023020551,2023-12-29,regular,CHI,DAL,4,5,29,0.363636,1/3,0.333333,6,31,23,10,9,35,0.636364,1/3,0.333333,6,13,14,15,7
2023020552,2023-12-29,regular,COL,STL,2,1,23,0.477273,0/2,0.0,8,13,9,8,10,29,0.522727,0/4,0.0,4,16,9,7,10
2023020553,2023-12-29,regular,ARI,ANA,2,0,32,0.412698,1/3,0.333333,10,15,13,6,8,28,0.587302,0/3,0.0,10,29,18,10,7
2023020554,2023-12-29,regular,PHI,SEA,1,2,28,0.4,0/3,0.0,4,16,21,3,12,29,0.6,1/2,0.5,6,22,14,6,10
2023020555,2023-12-30,regular,MIN,WPG,2,4,36,0.472727,1/5,0.2,15,20,17,6,2,32,0.527273,0/4,0.0,17,25,17,10,7
2023020556,2023-12-30,regular,CBJ,BUF,2,3,20,0.425926,0/1,0.0,2,18,21,2,5,42,0.574074,0/1,0.0,2,15,6,6,11
2023020557,2023-12-30,regular,NJD,BOS,2,5,33,0.72549,1/2,0.5,4,33,13,5,3,31,0.27451,2/2,1.0,4,39,14,3,8
2023020558,2023-12-30,regular,MTL,FLA,1,4,19,0.591837,1/2,0.5,11,19,17,6,9,26,0.408163,2/3,0.666667,9,19,13,10,20
2023020559,2023-12-30,regular,STL,PIT,2,4,27,0.327869,1/3,0.333333,6,16,18,5,7,30,0.672131,1/3,0.333333,6,21,21,7,7
2023020560,2023-12-30,regular,NYR,TBL,5,1,21,0.464286,1/2,0.5,10,27,23,6,7,35,0.535714,1/3,0.333333,8,20,7,8,4
2023020561,2023-12-30,regular,CAR,TOR,3,2,28,0.389831,2/4,0.5,8,27,12,6,8,27,0.610169,0/3,0.0,10,28,11,9,13
2023020562,2023-12-30,regular,NSH,WSH,3,2,36,0.607143,1/2,0.5,13,25,17,9,6,29,0.392857,0/3,0.0,11,21,21,13,7
2023020563,2023-12-30,regular,EDM,LAK,3,2,26,0.490909,1/4,0.25,8,22,16,6,5,28,0.509091,1/4,0.25,8,29,12,8,4
2023020564,2023-12-31,regular,WPG,MIN,3,2,29,0.377358,1/3,0.333333,7,17,28,3,5,26,0.622642,1/1,1.0,11,36,16,7,11
2023020565,2023-12-31,regular,BOS,DET,5,3,24,0.320755,0/2,0.0,16,21,17,7,4,30,0.679245,1/6,0.166667,8,17,13,11,0
2023020566,2023-12-31,regular,BUF,OTT,1,5,46,0.5,0/3,0.0,16,33,13,13,6,31,0.5,1/1,1.0,20,24,17,14,7
2023020567,2023-12-31,regular,NYI,PIT,1,3,38,0.390625,0/2,0.0,25,27,25,0,6,38,0.609375,0/4,0.0,11,14,18,7,11
2023020568,2023-12-31,regular,MTL,TBL,3,4,29,0.673077,0/1,0.0,13,30,17,5,8,20,0.326923,0/3,0.0,19,31,17,8,7
2023020569,2023-12-31,regular,EDM,ANA,7,2,39,0.541667,0/4,0.0,41,14,10,7,5,30,0.458333,0/4,0.0,31,30,15,6,6
2023020570,2023-12-31,regular,PHI,CGY,3,4,31,0.576271,0/4,0.0,4,22,15,5,9,33,0.423729,0/2,0.0,8,16,20,18,12
2023020571,2023-12-31,regular,SJS,COL,1,3,11,0.55,1/3,0.333333,24,21,28,0,3,33,0.45,1/6,0.166667,8,24,10,4,8
2023020572,2023-12-31,regular,CHI,DAL,1,8,24,0.454545,1/3,0.333333,6,29,13,9,8,41,0.545455,1/3,0.333333,6,5,16,11,6
2023020573,2024-01-01,regular,VGK,SEA,0,3,35,0.52459,0/1,0.0,4,23,20,4,14,27,0.47541,0/2,0.0,2,30,20,3,13
2023020574,2024-01-02,regular,BOS,CBJ,4,1,27,0.403509,1/3,0.333333,4,16,13,2,5,27,0.596491,0/1,0.0,8,17,15,5,5
2023020575,2024-01-02,regular,CAR,NYR,6,1,27,0.508475,2/4,0.5,6,18,10,1,3,29,0.491525,0/3,0.0,8,26,9,3,7
2023020576,2024-01-02,regular,WSH,PIT,4,3,22,0.448276,1/2,0.5,6,17,23,6,7,35,0.551724,1/3,0.333333,4,31,9,14,11
2023020577,2024-01-02,regular,MTL,DAL,4,3,18,0.481481,1/3,0.333333,2,27,25,8,7,33,0.518519,0/1,0.0,6,18,9,4,5
2023020578,2024-01-02,regular,CGY,MIN,3,1,33,0.584906,0/1,0.0,8,20,24,7,3,29,0.415094,0/3,0.0,4,26,11,8,4
2023020579,2024-01-02,regular,CHI,NSH,0,3,21,0.42,0/3,0.0,13,30,25,10,9,36,0.58,2/4,0.5,11,24,11,7,5
2023020580,2024-01-02,regular,TBL,WPG,2,4,34,0.533333,2/3,0.666667,6,19,11,13,8,28,0.466667,0/3,0.0,6,27,23,8,4
2023020581,2024-01-02,regular,FLA,ARI,4,1,38,0.655172,1/5,0.2,23,31,8,5,2,22,0.344828,0/2,0.0,40,26,11,9,5
2023020582,2024-01-02,regular,NYI,COL,4,5,22,0.471698,1/3,0.333333,10,23,31,4,9,39,0.528302,2/5,0.4,6,18,16,4,16
2023020583,2024-01-02,regular,PHI,EDM,2,5,37,0.47619,0/4,0.0,8,28,8,7,2,36,0.52381,1/4,0.25,10,15,8,16,5
2023020584,2024-01-02,regular,OTT,VAN,3,6,38,0.490566,0/1,0.0,12,29,20,6,5,26,0.509434,1/1,1.0,2,23,17,9,10
2023020585,2024-01-02,regular,TOR,LAK,3,0,29,0.47619,0/4,0.0,11,27,26,5,3,31,0.52381,0/3,0.0,13,19,22,10,1
2023020586,2024-01-02,regular,DET,SJS,5,3,31,0.532258,2/4,0.5,6,19,29,4,7,27,0.467742,0/2,0.0,10,26,16,2,12
2023020587,2024-01-03,regular,NJD,WSH,6,3,28,0.573529,1/2,0.5,8,17,8,11,10,26,0.426471,2/4,0.5,4,29,19,18,6
2023020588,2024-01-03,regular,TOR,ANA,2,1,57,0.591549,1/5,0.2,24,16,12,12,2,28,0.408451,0/2,0.0,29,20,24,13,9
2023020589,2024-01-04,regular,PIT,BOS,6,5,35,0.65,1/3,0.333333,4,29,20,5,13,29,0.35,0/2,0.0,6,19,12,8,3
2023020590,2024-01-04,regular,BUF,MTL,6,1,38,0.460317,2/4,0.5,10,31,17,11,3,33,0.539683,0/3,0.0,12,26,14,14,6
2023020591,2024-01-04,regular,CHI,NYR,1,4,23,0.355556,0/3,0.0,9,23,14,1,2,32,0.644444,1/2,0.5,11,19,16,5,3
2023020592,2024-01-04,regular,CBJ,PHI,3,2,28,0.442623,0/5,0.0,8,18,15,10,4,41,0.557377,0/4,0.0,10,23,22,3,5
2023020593,2024-01-04,regular,COL,DAL,5,4,34,0.507937,1/3,0.333333,6,23,22,7,4,32,0.492063,1/3,0.333333,6,16,14,9,4
2023020594,2024-01-04,regular,TBL,MIN,4,1,30,0.431373,1/3,0.333333,7,17,15,10,7,23,0.568627,0/1,0.0,11,23,12,7,6
2023020595,2024-01-04,regular,CGY,NSH,6,3,39,0.6,1/4,0.25,4,22,19,11,16,32,0.4,0/1,0.0,23,26,16,10,19
2023020596,2024-01-04,regular,VAN,STL,1,2,26,0.319149,0/1,0.0,4,19,16,2,13,32,0.680851,0/2,0.0,2,12,12,4,13
2023020597,2024-01-04,regular,NYI,ARI,5,1,31,0.666667,1/2,0.5,4,25,15,8,3,27,0.333333,1/2,0.5,4,18,9,12,8
2023020598,2024-01-04,regular,OTT,SEA,1,4,33,0.55102,0/4,0.0,4,19,20,2,6,28,0.44898,0/2,0.0,8,11,22,3,13
2023020599,2024-01-04,regular,FLA,VGK,4,1,36,0.542857,3/6,0.5,16,34,12,7,4,27,0.457143,0/6,0.0,16,20,15,7,7
2023020600,2024-01-04,regular,DET,LAK,4,3,27,0.482143,0/2,0.0,4,20,22,3,5,43,0.517857,0/2,0.0,4,10,11,9,7
2023020601,2024-01-04,regular,WPG,SJS,2,1,30,0.304348,1/1,1.0,4,21,16,8,6,28,0.695652,0/2,0.0,2,14,17,6,3
2023020602,2024-01-05,regular,CHI,NJD,2,4,25,0.345455,1/5,0.2,38,17,23,8,7,32,0.654545,0/6,0.0,26,19,11,6,2
2023020603,2024-01-05,regular,CAR,WSH,6,2,34,0.606557,2/3,0.666667,6,11,10,5,6,17,0.393443,1/3,0.333333,6,14,18,12,4
2023020604,2024-01-05,regular,WPG,ANA,3,1,27,0.388889,1/1,1.0,6,19,20,10,6,38,0.611111,0/2,0.0,4,22,20,17,7
2023020605,2024-01-06,regular,CGY,PHI,2,3,24,0.5,0/3,0.0,25,10,23,6,4,42,0.5,1/6,0.166667,29,22,21,6,6
2023020606,2024-01-06,regular,FLA,COL,8,4,29,0.5,1/5,0.2,10,14,6,1,4,26,0.5,1/4,0.25,12,18,17,5,7
2023020607,2024-01-06,regular,TBL,BOS,3,7,26,0.48,0/4,0.0,8,25,12,4,9,26,0.52,1/4,0.25,8,33,15,10,7
2023020608,2024-01-06,regular,STL,CAR,2,1,22,0.425926,0/1,0.0,2,10,25,3,4,30,0.574074,1/1,1.0,2,15,13,8,12
2023020609,2024-01-06,regular,MIN,CBJ,4,3,36,0.522388,2/4,0.5,10,7,26,1,3,29,0.477612,1/4,0.25,10,15,16,5,9
2023020610,2024-01-06,regular,NYR,MTL,3,4,48,0.5,0/3,0.0,4,24,14,17,6,30,0.5,0/2,0.0,6,18,25,17,3
2023020611,2024-01-06,regular,VAN,NJD,6,4,43,0.433333,0/1,0.0,4,18,13,2,3,25,0.566667,0/2,0.0,2,18,19,6,3
2023020612,2024-01-06,regular,BUF,PIT,3,1,32,0.465517,0/3,0.0,10,32,16,6,9,41,0.534483,1/5,0.2,6,22,17,12,11
2023020613,2024-01-06,regular,TOR,SJS,4,1,32,0.545455,1/2,0.5,0,10,11,6,4,24,0.454545,0/0,0.0,4,17,19,8,5
2023020614,2024-01-06,regular,NSH,DAL,4,3,22,0.40678,0/1,0.0,4,33,23,9,5,29,0.59322,1/2,0.5,2,20,15,7,13
2023020615,2024-01-06,regular,OTT,EDM,1,3,30,0.384615,0/3,0.0,6,31,15,8,10,46,0.615385,2/3,0.666667,6,15,17,10,6
2023020616,2024-01-06,regular,NYI,VGK,2,5,29,0.5,0/2,0.0,2,34,17,3,3,30,0.5,1/1,1.0,4,22,18,11,11
2023020617,2024-01-07,regular,CGY,CHI,3,4,30,0.568966,1/3,0.333333,6,18,15,6,4,20,0.431034,1/3,0.333333,6,22,22,12,10
2023020618,2024-01-07,regular,LAK,WSH,3,4,41,0.491228,2/3,0.666667,2,27,17,7,6,34,0.508772,0/1,0.0,6,39,13,19,12
2023020619,2024-01-07,regular,WPG,ARI,6,2,36,0.515625,0/4,0.0,9,22,14,3,3,17,0.484375,0/2,0.0,13,25,19,14,3
2023020620,2024-01-07,regular,DET,ANA,3,2,28,0.54717,1/5,0.2,8,21,14,6,4,31,0.45283,0/4,0.0,10,15,17,5,8
2023020621,2024-01-08,regular,VAN,NYR,6,3,26,0.40678,0/0,0.0,4,19,13,1,3,42,0.59322,1/2,0.5,0,30,9,13,6
2023020622,2024-01-08,regular,PIT,PHI,4,1,39,0.454545,1/6,0.166667,8,12,16,6,7,37,0.545455,1/2,0.5,16,32,10,8,4
2023020623,2024-01-08,regular,DAL,MIN,4,0,20,0.646154,1/2,0.5,12,17,16,5,6,23,0.353846,0/6,0.0,4,30,14,6,8
2023020624,2024-01-08,regular,BOS,COL,3,4,26,0.55,1/3,0.333333,14,13,23,4,12,36,0.45,1/6,0.166667,8,28,15,4,17
2023020625,2024-01-09,regular,SEA,BUF,5,2,26,0.375,1/1,1.0,2,21,23,3,9,38,0.625,0/1,0.0,2,30,14,4,4
2023020626,2024-01-09,regular,LAK,TBL,2,3,22,0.5,0/1,0.0,6,41,24,6,18,29,0.5,0/2,0.0,4,29,10,9,10
2023020627,2024-01-09,regular,SJS,TOR,1,7,23,0.387097,1/1,1.0,6,49,22,3,5,46,0.612903,3/3,1.0,2,19,7,4,4
2023020628,2024-01-09,regular,VAN,NYI,5,2,34,0.42,0/4,0.0,4,20,10,11,5,20,0.58,1/2,0.5,8,31,17,14,5
2023020629,2024-01-09,regular,ANA,NSH,5,3,33,0.513889,1/3,0.333333,11,15,17,17,10,42,0.486111,0/3,0.0,11,26,12,16,12
2023020630,2024-01-09,regular,FLA,STL,5,1,31,0.509804,1/3,0.333333,12,29,10,4,11,30,0.490196,0/4,0.0,10,14,8,16,11
2023020631,2024-01-09,regular,CBJ,WPG,0,5,29,0.5,0/3,0.0,8,15,21,14,1,23,0.5,1/3,0.333333,8,10,23,7,3
2023020632,2024-01-09,regular,EDM,CHI,2,1,15,0.641509,0/1,0.0,6,9,16,5,13,26,0.358491,0/3,0.0,2,19,15,5,9
2023020633,2024-01-09,regular,BOS,ARI,3,4,33,0.58209,2/4,0.5,17,23,13,3,8,36,0.41791,1/3,0.333333,19,25,17,9,8
2023020634,2024-01-09,regular,OTT,CGY,3,6,33,0.551724,1/3,0.333333,4,13,16,7,7,36,0.448276,0/2,0.0,6,24,12,17,10
2023020635,2024-01-10,regular,MTL,PHI,2,3,19,0.45614,0/1,0.0,4,24,27,4,5,39,0.54386,1/2,0.5,2,22,16,4,6
2023020636,2024-01-10,regular,MIN,DAL,2,7,23,0.555556,1/2,0.5,6,34,13,1,11,34,0.444444,0/2,0.0,6,13,20,15,12
2023020637,2024-01-10,regular,VGK,COL,0,3,25,0.56,0/4,0.0,8,16,22,6,8,35,0.44,2/4,0.5,8,20,16,7,14
2023020638,2024-01-11,regular,OTT,BUF,3,5,28,0.5,0/4,0.0,6,27,14,4,4,32,0.5,1/3,0.333333,8,28,27,6,7
2023020639,2024-01-11,regular,ANA,CAR,3,6,16,0.508475,1/5,0.2,13,22,15,2,4,34,0.491525,1/3,0.333333,17,24,10,6,10
2023020640,2024-01-11,regular,EDM,DET,3,2,47,0.537037,0/2,0.0,8,9,24,4,1,18,0.462963,0/3,0.0,6,8,19,11,6
2023020641,2024-01-11,regular,LAK,FLA,2,3,33,0.418919,1/3,0.333333,8,21,17,4,5,41,0.581081,1/3,0.333333,8,27,15,7,5
2023020642,2024-01-11,regular,SJS,MTL,3,2,35,0.54386,0/3,0.0,4,39,19,12,3,35,0.45614,0/1,0.0,8,22,14,9,6
2023020643,2024-01-11,regular,VAN,PIT,4,3,29,0.474576,1/2,0.5,8,16,21,5,12,35,0.525424,0/4,0.0,4,33,9,12,12
2023020644,2024-01-11,regular,NJD,TBL,3,4,30,0.510638,0/1,0.0,10,24,7,1,3,20,0.489362,0/3,0.0,6,30,15,5,12
2023020645,2024-01-11,regular,SEA,WSH,4,1,23,0.471698,0/1,0.0,2,11,12,6,8,26,0.528302,0/1,0.0,2,11,16,14,9
2023020646,2024-01-11,regular,TOR,NYI,3,4,35,0.471698,0/1,0.0,6,18,19,13,8,30,0.528302,2/3,0.666667,2,31,19,4,14
2023020647,2024-01-11,regular,NYR,STL,2,5,43,0.543478,1/3,0.333333,8,20,12,4,9,20,0.456522,2/4,0.5,6,17,23,5,16
2023020648,2024-01-11,regular,CHI,WPG,1,2,21,0.5,0/2,0.0,8,17,27,6,4,28,0.5,0/4,0.0,4,33,20,6,7
2023020649,2024-01-11,regular,CGY,ARI,6,2,30,0.588235,1/3,0.333333,4,19,27,9,5,34,0.411765,0/1,0.0,8,28,10,10,7
2023020650,2024-01-11,regular,BOS,VGK,1,2,33,0.530612,0/3,0.0,10,26,22,5,12,25,0.469388,1/5,0.2,6,28,19,6,6
2023020651,2024-01-12,regular,NSH,DAL,6,3,38,0.403226,1/5,0.2,6,35,18,3,4,22,0.596774,1/3,0.333333,10,24,15,21,7
2023020652,2024-01-12,regular,PHI,MIN,4,3,35,0.517857,1/3,0.333333,9,28,17,3,3,29,0.482143,0/2,0.0,11,27,13,3,13
2023020653,2024-01-13,regular,NYR,WSH,2,3,27,0.694915,0/3,0.0,10,31,14,7,9,21,0.305085,0/3,0.0,10,17,22,11,5
2023020654,2024-01-13,regular,VAN,BUF,1,0,23,0.603774,0/2,0.0,15,27,17,1,5,26,0.396226,0/3,0.0,13,22,12,6,4
2023020655,2024-01-13,regular,SJS,OTT,4,5,18,0.425926,0/2,0.0,4,38,26,6,7,41,0.574074,0/2,0.0,4,26,15,13,9
2023020656,2024-01-13,regular,NJD,FLA,4,1,22,0.509434,0/2,0.0,4,22,21,6,2,36,0.490566,1/2,0.5,4,30,10,10,3
2023020657,2024-01-13,regular,PIT,CAR,2,3,40,0.491525,0/4,0.0,8,19,9,7,6,35,0.508475,0/3,0.0,10,19,16,14,9
2023020658,2024-01-13,regular,SEA,CBJ,7,4,36,0.491525,1/2,0.5,11,25,26,1,5,34,0.508475,1/3,0.333333,9,18,7,4,3
2023020659,2024-01-13,regular,LAK,DET,3,5,36,0.344262,3/3,1.0,6,16,13,1,5,30,0.655738,1/3,0.333333,6,25,17,14,5
2023020660,2024-01-13,regular,EDM,MTL,2,1,41,0.46875,1/5,0.2,8,12,10,15,6,24,0.53125,1/4,0.25,10,17,24,9,3
2023020661,2024-01-13,regular,ANA,TBL,1,5,20,0.5,1/3,0.333333,10,37,11,7,5,41,0.5,3/3,1.0,20,21,12,7,11
2023020662,2024-01-13,regular,COL,TOR,5,3,33,0.509804,1/4,0.25,2,33,15,8,7,29,0.490196,0/1,0.0,8,29,17,16,9
2023020663,2024-01-13,regular,PHI,WPG,2,0,36,0.533333,1/2,0.5,6,17,22,10,4,35,0.466667,0/3,0.0,4,31,11,7,3
2023020664,2024-01-13,regular,DAL,CHI,3,1,30,0.693548,1/3,0.333333,9,23,12,6,5,35,0.306452,0/2,0.0,11,27,17,9,10
2023020665,2024-01-13,regular,ARI,MIN,6,0,33,0.438596,2/3,0.666667,18,17,18,8,6,38,0.561404,0/3,0.0,18,32,9,8,7
2023020666,2024-01-13,regular,NYI,NSH,1,3,25,0.509804,0/2,0.0,6,33,25,18,13,28,0.490196,1/3,0.333333,4,26,23,19,12
2023020667,2024-01-13,regular,BOS,STL,4,3,35,0.469388,1/4,0.25,6,18,6,2,17,23,0.530612,2/3,0.666667,8,17,15,10,7
2023020668,2024-01-13,regular,CGY,VGK,3,1,26,0.548387,1/2,0.5,4,20,23,6,9,32,0.451613,0/2,0.0,4,41,17,4,9
2023020669,2024-01-14,regular,WSH,NYR,1,2,25,0.578947,0/2,0.0,12,20,11,7,4,31,0.421053,0/5,0.0,6,24,23,6,8
2023020670,2024-01-14,regular,DET,TOR,4,2,24,0.392857,0/2,0.0,6,43,20,16,7,30,0.607143,0/3,0.0,4,28,14,16,10
2023020671,2024-01-15,regular,NJD,BOS,0,3,31,0.5,0/1,0.0,10,29,13,5,7,36,0.5,1/4,0.25,4,32,15,10,6
2023020672,2024-01-15,regular,SJS,BUF,0,3,28,0.517857,0/2,0.0,6,33,14,1,7,35,0.482143,1/2,0.5,6,18,17,2,4
2023020673,2024-01-15,regular,VAN,CBJ,3,4,30,0.54,1/4,0.25,10,19,11,6,2,43,0.46,1/5,0.2,8,19,15,4,4
2023020674,2024-01-15,regular,ANA,FLA,5,4,26,0.380952,0/5,0.0,14,22,19,4,4,33,0.619048,2/4,0.5,16,17,11,8,9
2023020675,2024-01-15,regular,LAK,CAR,5,2,26,0.491228,0/4,0.0,10,17,18,15,6,32,0.508772,0/5,0.0,8,15,9,11,6
2023020676,2024-01-15,regular,NYI,MIN,0,5,21,0.52459,0/5,0.0,12,28,12,2,4,40,0.47541,2/5,0.4,10,14,14,3,5
2023020677,2024-01-15,regular,SEA,PIT,0,3,22,0.4,0/2,0.0,4,22,16,7,9,33,0.6,0/2,0.0,4,14,12,4,6
2023020678,2024-01-15,regular,COL,MTL,3,4,35,0.385714,1/4,0.25,6,11,8,9,6,34,0.614286,2/2,1.0,10,10,25,10,9
2023020679,2024-01-15,regular,PHI,STL,4,2,42,0.596154,0/2,0.0,6,16,16,3,10,30,0.403846,1/3,0.333333,4,17,19,9,17
2023020680,2024-01-15,regular,NSH,VGK,1,4,35,0.372549,0/4,0.0,4,48,25,5,10,29,0.627451,0/2,0.0,8,26,21,3,11
2023020681,2024-01-16,regular,SEA,NYR,2,5,31,0.325581,2/2,1.0,4,18,12,6,6,23,0.674419,1/2,0.5,4,24,15,8,11
2023020682,2024-01-16,regular,COL,OTT,7,4,34,0.402778,1/3,0.333333,10,25,23,9,6,40,0.597222,1/3,0.333333,10,17,15,12,15
2023020683,2024-01-16,regular,ANA,WSH,0,2,24,0.577778,0/2,0.0,9,23,11,10,8,28,0.422222,0/1,0.0,11,21,21,8,8
2023020684,2024-01-16,regular,LAK,DAL,1,5,32,0.491228,1/4,0.25,2,18,15,6,4,28,0.508772,0/1,0.0,8,23,22,11,4
2023020685,2024-01-16,regular,NYI,WPG,2,4,37,0.460317,0/2,0.0,10,31,11,9,4,44,0.539683,1/5,0.2,4,17,12,8,12
2023020686,2024-01-16,regular,SJS,CHI,1,2,38,0.509091,0/2,0.0,20,35,21,3,3,25,0.490909,1/4,0.25,16,26,8,8,13
2023020687,2024-01-16,regular,ARI,CGY,2,3,25,0.407407,0/3,0.0,12,17,12,4,15,30,0.592593,1/5,0.2,8,12,17,7,6
2023020688,2024-01-16,regular,TOR,EDM,2,4,27,0.48,0/1,0.0,2,27,22,9,9,32,0.52,0/1,0.0,2,32,9,22,13
2023020689,2024-01-17,regular,DET,FLA,3,2,29,0.385965,1/3,0.333333,10,27,26,15,5,34,0.614035,0/2,0.0,12,19,13,14,7
2023020690,2024-01-17,regular,MTL,NJD,3,2,25,0.377778,0/1,0.0,8,12,17,5,3,30,0.622222,2/4,0.5,2,17,12,2,4
2023020691,2024-01-18,regular,CHI,BUF,0,3,19,0.564103,0/4,0.0,15,25,19,1,6,31,0.435897,1/6,0.166667,10,14,13,1,5
2023020692,2024-01-18,regular,COL,BOS,2,5,32,0.508197,0/2,0.0,6,32,17,5,5,31,0.491803,1/3,0.333333,4,27,14,12,14
2023020693,2024-01-18,regular,MTL,OTT,2,6,23,0.52381,0/4,0.0,11,18,12,10,11,37,0.47619,0/2,0.0,15,23,15,12,10
2023020694,2024-01-18,regular,DAL,PHI,1,5,15,0.5,0/2,0.0,8,23,20,7,3,43,0.5,1/4,0.25,4,20,20,4,9
2023020695,2024-01-18,regular,MIN,TBL,3,7,33,0.358491,0/2,0.0,10,23,13,5,5,38,0.641509,3/3,1.0,8,26,17,5,10
2023020696,2024-01-18,regular,STL,WSH,2,5,20,0.490196,0/5,0.0,8,8,15,4,5,26,0.509804,2/4,0.5,10,11,16,8,7
2023020697,2024-01-18,regular,TOR,CGY,4,3,32,0.539683,1/2,0.5,8,27,13,6,11,26,0.460317,1/3,0.333333,6,19,13,9,11
2023020698,2024-01-18,regular,SEA,EDM,2,4,27,0.32,0/5,0.0,23,38,9,8,7,36,0.68,2/5,0.4,24,16,18,13,10
2023020699,2024-01-18,regular,NSH,LAK,2,1,33,0.448276,1/3,0.333333,10,29,23,6,6,34,0.551724,1/5,0.2,6,22,16,7,4
2023020700,2024-01-18,regular,ARI,VAN,1,2,21,0.283019,0/2,0.0,17,25,11,4,3,26,0.716981,1/5,0.2,11,25,10,9,4
2023020701,2024-01-18,regular,NYR,VGK,1,5,30,0.5,1/3,0.333333,6,25,16,3,6,26,0.5,1/3,0.333333,6,24,20,9,11
2023020702,2024-01-19,regular,DET,CAR,2,4,12,0.442623,1/1,1.0,2,13,17,10,7,30,0.557377,1/1,1.0,2,11,10,27,9
2023020703,2024-01-19,regular,NJD,CBJ,4,1,33,0.641509,0/4,0.0,6,11,19,1,2,30,0.358491,0/3,0.0,8,24,19,4,6
2023020704,2024-01-19,regular,MIN,FLA,6,4,26,0.525424,5/6,0.833333,22,20,26,4,2,35,0.474576,0/4,0.0,26,28,8,14,5
2023020705,2024-01-19,regular,NYI,CHI,3,4,30,0.540984,0/2,0.0,6,31,18,5,4,24,0.459016,0/2,0.0,6,24,24,5,7
2023020706,2024-01-20,regular,TBL,BUF,3,1,16,0.530612,0/3,0.0,4,16,13,2,9,27,0.469388,0/2,0.0,6,18,11,7,4
2023020707,2024-01-20,regular,COL,PHI,7,4,25,0.355932,1/2,0.5,6,25,28,6,7,40,0.644068,0/3,0.0,4,19,12,3,5
2023020708,2024-01-20,regular,NSH,ARI,2,3,32,0.473684,1/6,0.166667,4,26,12,6,5,24,0.526316,0/2,0.0,12,29,18,11,7
2023020709,2024-01-20,regular,WPG,OTT,2,1,29,0.5,0/4,0.0,13,22,13,9,6,35,0.5,0/4,0.0,13,25,14,12,9
2023020710,2024-01-20,regular,MTL,BOS,4,9,21,0.490909,2/3,0.666667,11,44,7,7,9,36,0.509091,1/3,0.333333,11,39,14,9,8
2023020711,2024-01-20,regular,DAL,NJD,6,2,36,0.484375,1/6,0.166667,6,12,17,1,4,31,0.515625,0/3,0.0,22,25,18,4,2
2023020712,2024-01-20,regular,TOR,VAN,4,6,46,0.618182,0/5,0.0,14,40,14,7,4,21,0.381818,2/3,0.666667,18,52,19,2,5
2023020713,2024-01-20,regular,WSH,STL,0,3,18,0.591837,0/3,0.0,20,15,15,4,10,29,0.408163,1/2,0.5,22,21,13,10,15
2023020714,2024-01-20,regular,EDM,CGY,3,1,32,0.464286,0/2,0.0,6,25,13,5,7,27,0.535714,0/3,0.0,4,32,8,14,6
2023020715,2024-01-20,regular,ANA,SJS,3,5,34,0.509434,1/3,0.333333,8,13,21,4,7,19,0.490566,0/2,0.0,10,18,18,5,7
2023020716,2024-01-20,regular,PIT,VGK,2,3,25,0.559322,0/1,0.0,8,22,14,6,8,29,0.440678,0/4,0.0,2,18,18,3,7
2023020717,2024-01-20,regular,NYR,LAK,1,2,23,0.44,0/3,0.0,2,32,20,3,3,26,0.56,0/1,0.0,6,21,13,9,3
2023020718,2024-01-21,regular,OTT,PHI,5,3,34,0.625,0/3,0.0,8,21,18,4,6,25,0.375,2/4,0.5,6,27,12,1,5
2023020719,2024-01-21,regular,MIN,CAR,5,2,19,0.393443,0/2,0.0,8,21,22,3,8,42,0.606557,0/4,0.0,4,15,10,5,10
2023020720,2024-01-21,regular,TBL,DET,1,2,28,0.492063,0/3,0.0,4,12,16,6,4,35,0.507937,0/2,0.0,6,18,9,5,5
2023020721,2024-01-21,regular,DAL,NYI,2,3,43,0.603448,0/3,0.0,0,16,11,10,3,28,0.396552,0/0,0.0,6,38,23,14,11
2023020722,2024-01-21,regular,NYR,ANA,5,2,33,0.47541,2/4,0.5,6,21,13,5,3,18,0.52459,0/3,0.0,8,23,24,5,5
2023020723,2024-01-21,regular,TOR,SEA,3,1,26,0.716981,0/2,0.0,11,17,18,2,19,17,0.283019,0/2,0.0,11,24,16,0,10
2023020724,2024-01-22,regular,WPG,BOS,1,4,21,0.5,0/3,0.0,6,43,11,6,10,21,0.5,0/3,0.0,6,34,17,7,6
2023020725,2024-01-22,regular,VGK,NJD,5,6,32,0.538462,0/0,0.0,6,16,17,4,5,38,0.461538,0/2,0.0,2,16,11,8,4
2023020726,2024-01-22,regular,FLA,NSH,4,1,38,0.457627,1/4,0.25,15,35,18,6,22,27,0.542373,0/5,0.0,13,31,18,22,20
2023020727,2024-01-22,regular,PIT,ARI,2,5,27,0.621212,0/3,0.0,6,23,18,7,7,26,0.378788,1/3,0.333333,6,20,11,8,4
2023020728,2024-01-22,regular,CHI,VAN,0,2,31,0.552632,0/5,0.0,6,26,9,5,4,29,0.447368,0/3,0.0,10,28,9,12,8
2023020729,2024-01-22,regular,SJS,LAK,4,3,27,0.54717,0/1,0.0,6,26,20,4,4,47,0.45283,1/3,0.333333,2,20,21,5,4
2023020730,2024-01-23,regular,DAL,DET,5,4,38,0.6,1/2,0.5,8,10,25,7,4,34,0.4,3/4,0.75,4,23,18,8,8
2023020731,2024-01-23,regular,OTT,MTL,4,1,28,0.48,0/5,0.0,10,18,15,18,7,25,0.52,0/5,0.0,10,34,13,10,6
2023020732,2024-01-23,regular,TBL,PHI,6,3,21,0.442308,2/3,0.666667,6,13,17,3,7,32,0.557692,1/2,0.5,8,17,23,2,12
2023020733,2024-01-23,regular,VGK,NYI,3,2,27,0.471698,1/3,0.333333,6,14,14,5,10,42,0.528302,0/3,0.0,6,31,7,14,2
2023020734,2024-01-23,regular,WSH,MIN,3,5,33,0.5,1/4,0.25,4,16,13,4,2,30,0.5,0/2,0.0,8,16,11,5,9
2023020735,2024-01-23,regular,STL,CGY,4,3,26,0.473684,0/1,0.0,6,27,17,12,11,35,0.526316,0/3,0.0,2,19,13,21,12
2023020736,2024-01-23,regular,CBJ,EDM,1,4,27,0.489796,0/4,0.0,6,25,15,13,13,24,0.510204,1/2,0.5,10,28,16,26,9
2023020737,2024-01-23,regular,BUF,ANA,2,4,30,0.490196,1/3,0.333333,30,27,10,10,8,36,0.509804,1/4,0.25,38,26,16,10,5
2023020738,2024-01-23,regular,NYR,SJS,2,3,31,0.603448,0/3,0.0,6,20,15,8,12,22,0.396552,0/3,0.0,6,12,16,6,5
2023020739,2024-01-24,regular,ARI,FLA,2,6,33,0.458333,1/7,0.142857,30,18,9,12,6,42,0.541667,1/4,0.25,36,20,11,13,7
2023020740,2024-01-24,regular,WPG,TOR,0,1,32,0.351852,0/2,0.0,10,25,10,5,14,30,0.648148,0/5,0.0,4,23,19,17,8
2023020741,2024-01-24,regular,CAR,BOS,3,2,33,0.48,2/3,0.666667,8,32,7,9,6,28,0.52,0/4,0.0,6,31,13,18,5
2023020742,2024-01-24,regular,WSH,COL,2,6,25,0.453125,0/5,0.0,8,19,15,2,5,31,0.546875,2/4,0.5,10,16,24,5,5
2023020743,2024-01-24,regular,CHI,SEA,2,6,34,0.492537,1/3,0.333333,6,16,19,4,11,28,0.507463,0/3,0.0,6,7,17,4,6
2023020744,2024-01-24,regular,STL,VAN,4,3,18,0.479167,1/3,0.333333,6,26,23,3,5,32,0.520833,1/3,0.333333,6,20,15,9,7
2023020745,2024-01-24,regular,BUF,LAK,5,3,37,0.45614,0/4,0.0,6,16,13,7,7,40,0.54386,1/3,0.333333,8,26,23,9,5
2023020746,2024-01-25,regular,NJD,CAR,2,3,25,0.431373,0/3,0.0,8,19,7,13,11,23,0.568627,1/4,0.25,6,20,14,14,14
2023020747,2024-01-25,regular,PHI,DET,0,3,30,0.381818,0/3,0.0,19,15,18,8,6,17,0.618182,0/4,0.0,17,12,22,3,6
2023020748,2024-01-25,regular,NYI,MTL,3,4,46,0.52,3/8,0.375,10,15,10,14,4,26,0.48,2/5,0.4,25,23,18,10,4
2023020749,2024-01-25,regular,BOS,OTT,3,2,23,0.490909,1/1,1.0,18,24,19,7,5,37,0.509091,2/6,0.333333,8,32,12,16,11
2023020750,2024-01-25,regular,ARI,TBL,3,6,20,0.55814,0/1,0.0,26,38,16,4,13,37,0.44186,1/3,0.333333,12,25,15,8,9
2023020751,2024-01-25,regular,ANA,DAL,3,4,21,0.408163,0/0,0.0,6,24,17,5,6,44,0.591837,0/2,0.0,2,9,6,12,10
2023020752,2024-01-25,regular,NSH,MIN,3,2,29,0.483333,0/2,0.0,20,34,15,3,3,24,0.516667,2/4,0.5,26,19,20,8,9
2023020753,2024-01-25,regular,CBJ,CGY,5,2,32,0.433333,1/4,0.25,4,18,10,13,6,30,0.566667,0/2,0.0,19,15,19,10,5
2023020754,2024-01-25,regular,CHI,EDM,0,3,27,0.415094,0/0,0.0,4,31,13,7,8,34,0.584906,1/1,1.0,2,20,9,12,12
2023020755,2024-01-26,regular,VGK,NYR,5,2,20,0.508197,0/2,0.0,4,13,24,6,7,38,0.491803,0/2,0.0,4,29,10,12,9
2023020756,2024-01-26,regular,FLA,PIT,3,2,31,0.444444,2/3,0.666667,16,28,22,6,5,37,0.555556,1/8,0.125,6,27,20,16,13
2023020757,2024-01-26,regular,LAK,COL,1,5,27,0.519231,1/5,0.2,12,13,14,7,7,31,0.480769,1/4,0.25,14,18,15,3,8
2023020758,2024-01-26,regular,STL,SEA,4,3,18,0.54,2/2,1.0,4,15,19,1,9,36,0.46,1/2,0.5,4,14,7,1,14
2023020759,2024-01-27,regular,BOS,PHI,6,2,28,0.415094,0/3,0.0,6,19,20,6,4,37,0.584906,0/3,0.0,6,21,10,8,2
2023020760,2024-01-27,regular,WSH,DAL,4,5,28,0.377049,1/2,0.5,4,25,20,3,8,35,0.622951,1/2,0.5,4,15,14,5,5
2023020761,2024-01-27,regular,NSH,EDM,1,4,29,0.576923,0/3,0.0,6,31,13,4,9,21,0.423077,2/3,0.666667,6,30,17,6,13
2023020762,2024-01-27,regular,BUF,SJS,5,2,36,0.449275,0/2,0.0,10,14,17,6,6,26,0.550725,0/2,0.0,10,14,12,5,12
2023020763,2024-01-27,regular,ARI,CAR,1,3,11,0.363636,0/1,0.0,6,19,24,7,10,39,0.636364,1/2,0.5,4,24,14,6,15
2023020764,2024-01-27,regular,VGK,DET,2,5,30,0.5625,0/2,0.0,4,14,12,4,6,29,0.4375,1/2,0.5,4,19,10,13,5
2023020765,2024-01-27,regular,NYR,OTT,7,2,29,0.534483,0/3,0.0,14,29,14,8,8,31,0.465517,1/1,1.0,28,26,17,11,8
2023020766,2024-01-27,regular,MTL,PIT,2,3,27,0.389831,1/1,1.0,4,23,26,4,12,33,0.610169,0/2,0.0,2,23,4,7,16
2023020767,2024-01-27,regular,NJD,TBL,3,6,24,0.491228,0/1,0.0,6,41,16,5,6,42,0.508772,0/3,0.0,2,38,8,5,4
2023020768,2024-01-27,regular,TOR,WPG,4,2,30,0.622222,2/3,0.666667,14,18,12,8,8,26,0.377778,0/4,0.0,12,13,9,10,7
2023020769,2024-01-27,regular,FLA,NYI,3,2,37,0.537313,2/4,0.5,2,20,8,9,0,23,0.462687,0/1,0.0,8,21,24,10,3
2023020770,2024-01-27,regular,ANA,MIN,3,2,25,0.508772,0/2,0.0,8,18,18,5,4,37,0.491228,0/4,0.0,4,12,12,9,4
2023020771,2024-01-27,regular,CHI,CGY,0,1,32,0.527273,0/2,0.0,4,23,19,11,9,31,0.472727,1/2,0.5,4,25,11,16,5
2023020772,2024-01-27,regular,CBJ,VAN,4,5,29,0.357143,1/3,0.333333,8,25,13,5,6,34,0.642857,3/4,0.75,19,27,14,8,10
2023020773,2024-01-28,regular,LAK,STL,3,4,33,0.490566,0/1,0.0,12,20,13,3,10,32,0.509434,1/6,0.166667,2,26,9,4,10
2023020774,2024-01-28,regular,CBJ,SEA,2,4,32,0.409836,0/2,0.0,6,20,20,4,10,26,0.590164,2/3,0.666667,4,16,10,0,5
2023020775,2024-01-29,regular,NSH,OTT,3,4,28,0.5,0/3,0.0,8,23,15,10,7,35,0.5,0/3,0.0,8,23,25,13,12
2023020776,2024-01-30,regular,CBJ,STL,1,0,22,0.489362,0/2,0.0,11,18,17,8,5,21,0.510638,0/3,0.0,9,19,16,10,7
2023020777,2024-01-30,regular,SEA,SJS,0,2,32,0.509091,0/1,0.0,7,13,14,6,9,22,0.490909,0/1,0.0,7,21,17,5,12
2023020778,2024-01-31,regular,OTT,DET,3,2,25,0.480769,0/3,0.0,2,18,15,5,4,25,0.519231,0/1,0.0,6,22,16,6,3
2023020779,2024-01-31,regular,LAK,NSH,4,2,24,0.395833,0/1,0.0,8,28,12,11,1,42,0.604167,0/4,0.0,4,23,14,6,8
2023020780,2024-01-31,regular,SJS,ANA,2,3,28,0.454545,1/3,0.333333,10,27,27,7,5,34,0.545455,0/4,0.0,18,25,14,6,5
2023020781,2024-02-05,regular,COL,NYR,1,2,33,0.444444,0/3,0.0,4,21,10,5,7,29,0.555556,0/1,0.0,8,18,10,7,10
2023020782,2024-02-05,regular,NYI,TOR,3,2,29,0.5,0/2,0.0,11,42,19,6,8,36,0.5,1/2,0.5,11,28,18,11,9
2023020783,2024-02-06,regular,CGY,BOS,4,1,29,0.446809,2/4,0.5,25,32,17,7,10,22,0.553191,1/4,0.25,24,31,18,11,5
2023020784,2024-02-06,regular,DAL,BUF,2,1,30,0.597561,1/5,0.2,8,17,23,1,5,48,0.402439,1/4,0.25,10,13,13,8,5
2023020785,2024-02-06,regular,VAN,CAR,3,2,19,0.509434,2/3,0.666667,4,27,20,3,6,24,0.490566,1/2,0.5,6,19,9,15,5
2023020786,2024-02-06,regular,PHI,FLA,2,1,25,0.577778,0/1,0.0,6,31,22,9,2,21,0.422222,1/2,0.5,4,31,10,15,5
2023020787,2024-02-06,regular,COL,NJD,3,5,38,0.370968,0/3,0.0,8,10,20,7,6,31,0.629032,0/3,0.0,8,12,17,10,8
2023020788,2024-02-06,regular,WPG,PIT,0,3,23,0.382979,0/2,0.0,15,21,13,7,7,27,0.617021,2/3,0.666667,4,17,17,11,12
2023020789,2024-02-06,regular,MTL,WSH,5,2,26,0.508475,1/2,0.5,8,15,20,8,6,39,0.491525,0/3,0.0,6,21,6,11,9
2023020790,2024-02-06,regular,EDM,VGK,1,3,31,0.528302,0/1,0.0,4,19,17,4,2,26,0.471698,0/2,0.0,2,20,26,6,12
2023020791,2024-02-07,regular,TBL,NYR,1,3,18,0.5,0/1,0.0,4,18,9,4,2,24,0.5,0/2,0.0,2,21,22,10,5
2023020792,2024-02-07,regular,DAL,TOR,4,5,31,0.546875,1/4,0.25,6,34,10,9,5,31,0.453125,3/3,1.0,8,41,22,15,7
2023020793,2024-02-07,regular,MIN,CHI,2,1,25,0.438596,0/2,0.0,9,18,16,6,5,21,0.561404,0/2,0.0,9,20,14,13,15
2023020794,2024-02-08,regular,VAN,BOS,0,4,17,0.574074,0/3,0.0,10,31,7,6,8,24,0.425926,0/3,0.0,10,28,16,5,11
2023020795,2024-02-08,regular,WSH,FLA,2,4,23,0.518519,1/3,0.333333,12,22,27,6,1,41,0.481481,1/5,0.2,8,23,20,6,5
2023020796,2024-02-08,regular,CGY,NJD,5,3,30,0.47541,0/3,0.0,4,10,14,6,6,40,0.52459,0/2,0.0,6,14,17,5,11
2023020797,2024-02-08,regular,WPG,PHI,1,4,29,0.423077,0/3,0.0,13,23,19,3,3,21,0.576923,0/4,0.0,11,21,22,9,4
2023020798,2024-02-08,regular,TBL,NYI,2,6,20,0.583333,1/2,0.5,8,29,13,10,6,24,0.416667,1/4,0.25,4,33,21,9,8
2023020799,2024-02-08,regular,COL,CAR,2,5,27,0.444444,0/6,0.0,12,14,18,3,7,27,0.555556,1/5,0.2,34,19,10,5,8
2023020800,2024-02-08,regular,VGK,ARI,3,2,34,0.395833,0/1,0.0,2,28,20,9,12,22,0.604167,0/1,0.0,2,28,15,8,2
2023020801,2024-02-09,regular,PIT,MIN,2,3,36,0.540984,1/6,0.166667,14,16,17,2,8,30,0.459016,1/6,0.166667,14,19,21,5,5
2023020802,2024-02-09,regular,NYR,CHI,4,3,35,0.392857,0/3,0.0,6,19,15,9,5,31,0.607143,0/2,0.0,8,17,12,10,6
2023020803,2024-02-09,regular,EDM,ANA,5,3,32,0.529412,1/2,0.5,4,18,12,11,6,27,0.470588,2/2,1.0,4,25,13,6,5
2023020804,2024-02-10,regular,STL,BUF,3,1,26,0.440678,1/2,0.5,8,26,16,3,6,34,0.559322,0/3,0.0,6,14,11,2,3
2023020805,2024-02-10,regular,VAN,DET,3,4,31,0.592593,0/3,0.0,34,25,16,4,6,28,0.407407,1/4,0.25,19,17,20,5,2
2023020806,2024-02-10,regular,DAL,MTL,3,2,38,0.568627,0/6,0.0,8,5,16,11,4,20,0.431373,0/4,0.0,12,28,17,14,2
2023020807,2024-02-10,regular,CGY,NYI,5,2,24,0.5,1/1,1.0,6,12,19,13,11,36,0.5,0/1,0.0,6,25,16,13,6
2023020808,2024-02-10,regular,WSH,BOS,3,0,29,0.55814,1/3,0.333333,8,31,11,8,8,18,0.44186,0/4,0.0,17,36,11,9,8
2023020809,2024-02-10,regular,COL,FLA,0,4,34,0.381818,0/1,0.0,4,23,21,12,3,41,0.618182,2/2,1.0,2,35,10,9,10
2023020810,2024-02-10,regular,NJD,CAR,0,1,34,0.454545,0/4,0.0,6,26,24,13,10,32,0.545455,0/2,0.0,10,30,15,31,12
2023020811,2024-02-10,regular,TBL,CBJ,4,2,37,0.54717,2/3,0.666667,15,8,17,1,4,35,0.45283,1/3,0.333333,15,18,14,4,6
2023020812,2024-02-10,regular,TOR,OTT,3,5,35,0.456522,0/0,0.0,19,20,15,12,5,32,0.543478,0/3,0.0,0,23,13,15,11
2023020813,2024-02-10,regular,SEA,PHI,2,3,19,0.508197,0/3,0.0,8,25,22,7,2,38,0.491803,1/4,0.25,6,28,23,5,6
2023020814,2024-02-10,regular,PIT,WPG,1,2,36,0.604651,0/3,0.0,2,19,15,11,6,31,0.395349,0/1,0.0,6,26,11,9,18
2023020815,2024-02-10,regular,ARI,NSH,4,5,31,0.466667,2/4,0.5,12,26,27,5,3,37,0.533333,2/6,0.333333,10,26,12,13,6
2023020816,2024-02-10,regular,EDM,LAK,0,4,26,0.516667,0/4,0.0,8,23,5,3,5,26,0.483333,1/2,0.5,12,31,25,8,7
2023020817,2024-02-11,regular,STL,MTL,7,2,36,0.46,3/5,0.6,38,11,17,15,8,32,0.54,0/3,0.0,29,22,9,11,9
2023020818,2024-02-11,regular,VAN,WSH,3,2,29,0.588235,0/3,0.0,4,30,19,4,6,33,0.411765,0/2,0.0,6,21,23,8,5
2023020819,2024-02-12,regular,SEA,NJD,1,3,28,0.4,0/3,0.0,10,30,13,2,8,37,0.6,1/5,0.2,6,17,18,16,10
2023020820,2024-02-12,regular,CGY,NYR,0,2,29,0.409091,0/2,0.0,12,26,19,6,0,31,0.590909,0/3,0.0,10,30,15,11,11
2023020821,2024-02-12,regular,ARI,PHI,3,5,23,0.414286,0/4,0.0,14,20,15,4,3,34,0.585714,0/7,0.0,8,20,13,3,7
2023020822,2024-02-12,regular,MIN,VGK,5,3,29,0.576271,1/3,0.333333,10,22,11,4,9,30,0.423729,1/5,0.2,6,19,19,4,5
2023020823,2024-02-13,regular,TBL,BOS,3,2,25,0.490909,1/3,0.333333,12,35,19,11,11,38,0.509091,0/6,0.0,6,32,10,8,6
2023020824,2024-02-13,regular,LAK,BUF,0,7,33,0.612245,0/3,0.0,4,24,10,4,4,24,0.387755,1/2,0.5,6,14,25,6,10
2023020825,2024-02-13,regular,ANA,MTL,0,5,13,0.490196,0/3,0.0,29,27,16,12,1,38,0.509804,2/6,0.333333,33,21,12,5,6
2023020826,2024-02-13,regular,CBJ,OTT,3,6,40,0.557377,0/4,0.0,14,31,11,9,8,30,0.442623,2/5,0.4,12,24,18,11,10
2023020827,2024-02-13,regular,STL,TOR,1,4,15,0.408163,0/2,0.0,4,38,10,8,6,32,0.591837,0/2,0.0,4,43,16,8,14
2023020828,2024-02-13,regular,COL,WSH,6,3,37,0.485294,1/3,0.333333,6,17,17,2,7,27,0.514706,1/3,0.333333,16,26,17,8,13
2023020829,2024-02-13,regular,SEA,NYI,2,1,30,0.333333,0/2,0.0,8,24,17,11,7,27,0.666667,1/3,0.333333,4,29,26,23,7
2023020830,2024-02-13,regular,CAR,DAL,2,4,34,0.526316,0/1,0.0,2,26,12,9,6,23,0.473684,0/1,0.0,2,34,30,13,8
2023020831,2024-02-13,regular,NJD,NSH,4,2,47,0.509434,0/2,0.0,6,22,17,8,9,32,0.490566,1/2,0.5,6,38,27,15,17
2023020832,2024-02-13,regular,VAN,CHI,4,2,38,0.5,0/4,0.0,13,20,10,6,9,24,0.5,1/4,0.25,13,18,10,7,10
2023020833,2024-02-13,regular,DET,EDM,4,8,38,0.393443,2/3,0.666667,0,23,13,9,6,36,0.606557,0/0,0.0,6,27,13,10,11
2023020834,2024-02-14,regular,FLA,PIT,5,2,23,0.480769,1/2,0.5,10,20,15,1,2,27,0.519231,0/4,0.0,6,20,16,6,1
2023020835,2024-02-14,regular,SJS,WPG,0,1,17,0.384615,0/1,0.0,4,15,24,6,5,39,0.615385,0/2,0.0,2,16,14,8,4
2023020836,2024-02-14,regular,MIN,ARI,3,1,43,0.5,1/5,0.2,6,28,24,10,2,26,0.5,0/3,0.0,10,26,13,3,3
2023020837,2024-02-15,regular,SEA,BOS,4,1,26,0.521739,1/2,0.5,4,36,17,4,13,37,0.478261,0/2,0.0,4,30,10,5,6
2023020838,2024-02-15,regular,FLA,BUF,4,0,30,0.438596,1/3,0.333333,14,47,8,3,10,45,0.561404,0/2,0.0,6,21,15,7,6
2023020839,2024-02-15,regular,LAK,NJD,2,1,29,0.568182,1/4,0.25,12,22,13,3,4,27,0.431818,1/5,0.2,10,20,21,6,5
2023020840,2024-02-15,regular,MTL,NYR,4,7,36,0.382353,1/5,0.2,8,18,10,6,8,31,0.617647,1/4,0.25,10,29,17,10,4
2023020841,2024-02-15,regular,ANA,OTT,5,1,20,0.542373,2/2,1.0,12,29,15,9,2,34,0.457627,0/4,0.0,8,30,11,12,6
2023020842,2024-02-15,regular,COL,TBL,3,6,31,0.430556,1/3,0.333333,4,26,15,5,9,39,0.569444,0/2,0.0,6,27,17,3,8
2023020843,2024-02-15,regular,PHI,TOR,3,4,32,0.438596,1/3,0.333333,25,50,20,9,9,28,0.561404,1/3,0.333333,15,53,19,10,8
2023020844,2024-02-15,regular,EDM,STL,3,6,38,0.419355,1/3,0.333333,21,12,14,0,14,30,0.580645,2/8,0.25,11,13,15,6,12
2023020845,2024-02-15,regular,PIT,CHI,4,1,27,0.638298,0/1,0.0,4,11,8,7,6,28,0.361702,0/2,0.0,2,17,12,14,10
2023020846,2024-02-15,regular,SJS,CGY,6,3,31,0.467742,1/3,0.333333,12,14,18,5,8,34,0.532258,0/5,0.0,10,21,17,15,9
2023020847,2024-02-15,regular,DAL,NSH,9,2,41,0.442623,2/3,0.666667,4,15,18,7,5,29,0.557377,0/2,0.0,16,32,12,12,3
2023020848,2024-02-15,regular,DET,VAN,1,4,28,0.444444,0/5,0.0,6,17,17,4,4,21,0.555556,0/2,0.0,12,18,14,7,1
2023020849,2024-02-16,regular,CAR,ARI,5,1,30,0.745763,1/2,0.5,8,14,10,9,3,31,0.254237,0/4,0.0,4,30,14,12,3
2023020850,2024-02-17,regular,EDM,DAL,4,3,24,0.507463,1/4,0.25,6,32,18,5,9,27,0.492537,2/3,0.666667,8,25,14,11,11
2023020851,2024-02-17,regular,OTT,CHI,2,3,42,0.466667,1/2,0.5,2,23,17,8,5,22,0.533333,0/1,0.0,4,27,17,5,9
2023020852,2024-02-17,regular,DET,CGY,5,0,21,0.597222,2/5,0.4,16,17,24,7,11,38,0.402778,0/5,0.0,16,29,21,22,10
2023020853,2024-02-17,regular,LAK,BOS,5,4,35,0.357143,1/2,0.5,15,41,19,10,6,32,0.642857,1/4,0.25,11,48,19,11,7
2023020854,2024-02-17,regular,BUF,MIN,3,2,28,0.5,0/3,0.0,8,18,10,3,6,32,0.5,1/4,0.25,6,21,8,5,10
2023020855,2024-02-17,regular,NSH,STL,5,2,33,0.603774,1/4,0.25,8,28,17,4,6,37,0.396226,1/4,0.25,8,23,14,6,11
2023020856,2024-02-17,regular,FLA,TBL,9,2,30,0.517857,3/4,0.75,90,35,14,2,6,30,0.482143,1/4,0.25,90,35,10,5,5
2023020857,2024-02-17,regular,WSH,MTL,4,3,34,0.423729,1/1,1.0,6,13,16,9,11,31,0.576271,1/3,0.333333,2,18,26,20,8
2023020858,2024-02-17,regular,ANA,TOR,2,9,21,0.444444,1/3,0.333333,29,51,13,7,5,32,0.555556,4/5,0.8,15,39,11,9,8
2023020859,2024-02-17,regular,PHI,NJD,3,6,48,0.4,1/3,0.333333,12,41,26,7,7,40,0.6,0/5,0.0,8,23,15,13,7
2023020860,2024-02-17,regular,WPG,VAN,4,2,28,0.517857,2/4,0.5,15,26,18,5,3,37,0.482143,0/4,0.0,25,38,10,6,4
2023020861,2024-02-17,regular,CBJ,SJS,4,3,41,0.47619,0/3,0.0,8,16,14,6,6,31,0.52381,1/4,0.25,6,24,15,5,5
2023020862,2024-02-17,regular,CAR,VGK,3,1,28,0.474576,0/0,0.0,4,20,15,2,5,30,0.525424,0/2,0.0,0,29,18,6,11
2023020863,2024-02-18,regular,NYR,NYI,6,5,38,0.318182,3/5,0.6,11,45,9,4,6,41,0.681818,2/2,1.0,17,24,20,5,6
2023020864,2024-02-18,regular,ARI,COL,3,4,30,0.430769,1/6,0.166667,10,8,13,3,5,37,0.569231,0/4,0.0,14,17,9,4,6
2023020865,2024-02-18,regular,LAK,PIT,2,1,34,0.389831,0/3,0.0,10,21,17,7,13,30,0.610169,1/5,0.2,6,34,16,6,13
2023020866,2024-02-19,regular,ANA,BUF,4,3,14,0.586957,0/1,0.0,6,26,16,3,7,37,0.413043,1/2,0.5,4,14,8,8,7
2023020867,2024-02-19,regular,DAL,BOS,3,4,46,0.522388,0/2,0.0,9,30,13,11,11,30,0.477612,0/2,0.0,9,27,18,17,7
2023020868,2024-02-19,regular,TOR,STL,4,2,29,0.52459,1/2,0.5,4,23,26,5,14,21,0.47541,1/2,0.5,4,19,7,9,8
2023020869,2024-02-19,regular,VAN,MIN,7,10,24,0.518519,1/3,0.333333,14,22,17,3,3,27,0.481481,4/6,0.666667,8,21,23,5,7
2023020870,2024-02-19,regular,DET,SEA,4,3,32,0.553571,0/1,0.0,4,9,17,4,9,41,0.446429,1/2,0.5,2,17,15,2,7
2023020871,2024-02-19,regular,EDM,ARI,6,3,26,0.58,1/2,0.5,6,18,17,11,5,25,0.42,1/2,0.5,6,27,11,5,9
2023020872,2024-02-19,regular,WPG,CGY,3,6,31,0.596154,2/3,0.666667,4,27,17,9,11,34,0.403846,1/2,0.5,6,29,11,15,15
2023020873,2024-02-19,regular,VGK,SJS,4,0,26,0.533333,1/5,0.2,2,20,25,8,9,29,0.466667,0/1,0.0,30,33,22,9,8
2023020874,2024-02-19,regular,CHI,CAR,3,6,17,0.45283,2/4,0.5,8,24,16,12,4,42,0.54717,1/4,0.25,8,12,11,16,7
2023020875,2024-02-19,regular,OTT,TBL,4,2,28,0.484848,0/1,0.0,7,32,26,2,13,25,0.515152,0/0,0.0,9,37,21,8,6
2023020876,2024-02-20,regular,OTT,FLA,2,3,30,0.557377,0/2,0.0,6,26,29,11,4,34,0.442623,0/3,0.0,4,33,9,11,5
2023020877,2024-02-20,regular,DAL,NYR,1,3,42,0.45,1/4,0.25,8,13,16,4,5,26,0.55,0/4,0.0,8,32,22,10,11
2023020878,2024-02-20,regular,NYI,PIT,5,4,33,0.421875,0/2,0.0,6,28,12,5,10,41,0.578125,0/3,0.0,4,17,14,14,9
2023020879,2024-02-20,regular,NJD,WSH,2,6,39,0.62069,0/2,0.0,2,17,16,6,7,26,0.37931,1/1,1.0,4,17,15,7,10
2023020880,2024-02-20,regular,MIN,WPG,3,6,39,0.532258,2/4,0.5,18,27,17,6,2,30,0.467742,2/4,0.5,18,26,14,2,9
2023020881,2024-02-20,regular,VAN,COL,1,3,25,0.625,0/2,0.0,6,15,14,4,5,27,0.375,0/3,0.0,4,26,18,6,7
2023020882,2024-02-20,regular,NSH,VGK,5,3,40,0.551724,0/4,0.0,8,40,8,3,8,26,0.448276,1/4,0.25,8,30,19,6,9
2023020883,2024-02-20,regular,CBJ,LAK,1,5,33,0.473684,0/3,0.0,4,27,8,3,3,35,0.526316,2/2,1.0,6,15,19,6,3
2023020884,2024-02-21,regular,BUF,MTL,3,2,23,0.346939,1/3,0.333333,10,21,15,9,9,31,0.653061,0/4,0.0,10,16,19,12,9
2023020885,2024-02-21,regular,PHI,CHI,3,1,33,0.5,0/0,0.0,9,21,21,3,10,22,0.5,0/2,0.0,5,24,20,9,7
2023020886,2024-02-21,regular,CBJ,ANA,7,4,27,0.468085,0/2,0.0,17,22,10,5,10,31,0.531915,0/4,0.0,13,28,10,10,9
2023020887,2024-02-21,regular,TOR,ARI,6,3,36,0.516667,2/5,0.4,10,21,17,2,2,26,0.483333,1/3,0.333333,14,35,13,8,4
2023020888,2024-02-21,regular,BOS,EDM,6,5,36,0.521127,1/2,0.5,11,32,24,14,10,42,0.478873,0/3,0.0,9,23,9,16,10
2023020889,2024-02-22,regular,FLA,CAR,0,1,45,0.608696,0/3,0.0,6,38,19,2,1,29,0.391304,0/1,0.0,6,28,9,9,13
2023020890,2024-02-22,regular,COL,DET,1,2,31,0.469388,0/3,0.0,8,15,11,6,7,30,0.530612,1/4,0.25,6,16,20,7,3
2023020891,2024-02-22,regular,NYR,NJD,5,1,18,0.423729,1/5,0.2,30,33,30,3,9,40,0.576271,0/5,0.0,17,19,7,24,13
2023020892,2024-02-22,regular,DAL,OTT,1,4,15,0.388889,0/1,0.0,10,25,9,13,10,30,0.611111,1/4,0.25,4,32,25,12,7
2023020893,2024-02-22,regular,MTL,PIT,1,4,31,0.481481,0/3,0.0,6,10,9,8,4,27,0.518519,1/2,0.5,8,22,20,5,14
2023020894,2024-02-22,regular,WSH,TBL,5,3,24,0.561404,0/4,0.0,6,21,11,3,3,32,0.438596,0/3,0.0,8,19,13,9,3
2023020895,2024-02-22,regular,NYI,STL,0,4,38,0.576923,0/5,0.0,12,25,11,3,10,25,0.423077,1/5,0.2,12,11,9,11,15
2023020896,2024-02-22,regular,BOS,CGY,2,3,34,0.527273,0/3,0.0,2,25,11,10,5,30,0.472727,0/1,0.0,6,30,17,19,8
2023020897,2024-02-22,regular,VAN,SEA,2,5,21,0.516667,0/4,0.0,11,12,12,2,6,31,0.483333,1/3,0.333333,13,9,16,2,7
2023020898,2024-02-22,regular,TOR,VGK,7,3,42,0.45098,0/2,0.0,2,30,22,3,9,26,0.54902,0/1,0.0,4,32,21,7,11
2023020899,2024-02-22,regular,NSH,LAK,4,1,21,0.436364,0/3,0.0,8,23,18,6,1,28,0.563636,1/3,0.333333,8,23,12,7,5
2023020900,2024-02-23,regular,BUF,CBJ,2,1,37,0.530612,0/4,0.0,6,11,15,1,4,26,0.469388,1/3,0.333333,10,12,12,2,5
2023020901,2024-02-23,regular,WPG,CHI,3,2,31,0.5,0/2,0.0,6,17,18,3,11,35,0.5,0/2,0.0,6,19,9,13,5
2023020902,2024-02-23,regular,MIN,EDM,4,2,20,0.321429,0/4,0.0,4,28,16,5,4,43,0.678571,2/2,1.0,8,26,19,9,14
2023020903,2024-02-24,regular,MTL,NJD,3,4,26,0.396226,0/0,0.0,4,21,18,7,5,24,0.603774,1/2,0.5,0,11,10,18,13
2023020904,2024-02-24,regular,TBL,NYI,4,2,21,0.509434,1/3,0.333333,10,19,12,4,2,34,0.490566,1/5,0.2,6,16,20,7,5
2023020905,2024-02-24,regular,NYR,PHI,2,1,24,0.366667,0/5,0.0,13,35,18,9,1,40,0.633333,0/4,0.0,15,23,20,8,3
2023020906,2024-02-24,regular,WSH,FLA,2,3,24,0.421053,2/4,0.5,13,34,24,8,8,29,0.578947,1/3,0.333333,15,41,9,14,7
2023020907,2024-02-24,regular,DAL,CAR,2,1,16,0.611111,0/4,0.0,4,19,25,8,4,21,0.388889,0/2,0.0,8,19,13,15,8
2023020908,2024-02-24,regular,TOR,COL,4,3,30,0.521739,2/2,1.0,2,22,24,3,3,29,0.478261,1/1,1.0,4,21,15,12,11
2023020909,2024-02-24,regular,STL,DET,1,6,23,0.490566,0/2,0.0,6,21,13,5,2,34,0.509434,1/3,0.333333,4,23,6,7,4
2023020910,2024-02-24,regular,VGK,OTT,3,4,29,0.387755,1/2,0.5,8,32,19,9,8,33,0.612245,1/3,0.333333,6,34,22,19,9
2023020911,2024-02-24,regular,BOS,VAN,2,3,25,0.405797,0/4,0.0,4,24,18,3,2,39,0.594203,1/2,0.5,8,45,11,3,2
2023020912,2024-02-24,regular,CGY,EDM,6,3,31,0.5,1/4,0.25,34,32,25,7,4,35,0.5,1/3,0.333333,46,32,12,15,7
2023020913,2024-02-24,regular,MIN,SEA,5,2,31,0.515625,2/6,0.333333,19,9,22,2,6,32,0.484375,0/5,0.0,21,27,11,3,5
2023020914,2024-02-24,regular,NSH,SJS,4,2,35,0.534483,1/3,0.333333,4,14,12,4,6,25,0.465517,0/2,0.0,6,18,17,9,8
2023020915,2024-02-24,regular,ANA,LAK,2,3,24,0.321429,1/2,0.5,10,23,13,2,4,50,0.678571,2/4,0.5,6,19,15,9,3
2023020916,2024-02-25,regular,TBL,NJD,4,1,27,0.428571,0/3,0.0,8,15,25,4,13,19,0.571429,1/4,0.25,6,9,8,11,9
2023020917,2024-02-25,regular,PHI,PIT,6,7,21,0.52381,1/5,0.2,8,24,24,3,4,32,0.47619,2/4,0.5,10,23,18,8,9
2023020918,2024-02-25,regular,CAR,BUF,2,3,32,0.62963,1/2,0.5,4,14,25,6,6,32,0.37037,1/2,0.5,4,23,23,4,5
2023020919,2024-02-25,regular,NYR,CBJ,2,4,40,0.558824,0/2,0.0,11,11,16,0,5,41,0.441176,1/3,0.333333,9,10,26,5,5
2023020920,2024-02-25,regular,DET,CHI,3,2,31,0.571429,0/0,0.0,2,11,12,10,8,36,0.428571,1/1,1.0,0,20,22,13,13
2023020921,2024-02-25,regular,ARI,WPG,3,4,32,0.462963,1/2,0.5,11,30,17,10,6,32,0.537037,2/3,0.666667,9,28,14,8,3
2023020922,2024-02-25,regular,NSH,ANA,4,2,29,0.537037,0/4,0.0,11,27,21,7,5,31,0.462963,0/3,0.0,13,33,22,6,5
2023020923,2024-02-26,regular,OTT,WSH,3,6,21,0.509434,0/1,0.0,6,29,7,2,10,20,0.490566,2/3,0.666667,2,27,28,4,7
2023020924,2024-02-26,regular,NYI,DAL,3,2,28,0.482759,0/3,0.0,2,36,26,3,8,32,0.517241,1/1,1.0,6,28,19,11,5
2023020925,2024-02-26,regular,LAK,EDM,2,4,40,0.482759,0/2,0.0,6,39,15,7,8,31,0.517241,1/3,0.333333,4,34,10,14,10
2023020926,2024-02-26,regular,BOS,SEA,3,4,32,0.603448,1/1,1.0,10,9,21,6,8,27,0.396552,1/5,0.2,2,19,16,6,18
2023020927,2024-02-27,regular,WSH,DET,3,8,21,0.354167,1/2,0.5,6,14,14,11,4,31,0.645833,1/3,0.333333,4,12,23,11,10
2023020928,2024-02-27,regular,BUF,FLA,2,3,30,0.394366,1/4,0.25,14,21,14,9,8,37,0.605634,2/5,0.4,12,41,11,10,5
2023020929,2024-02-27,regular,ARI,MTL,2,4,38,0.425532,0/3,0.0,0,18,12,17,1,21,0.574468,0/0,0.0,6,22,24,19,5
2023020930,2024-02-27,regular,TBL,PHI,2,6,22,0.537313,0/2,0.0,6,27,11,11,3,31,0.462687,0/3,0.0,4,29,24,7,6
2023020931,2024-02-27,regular,VGK,TOR,6,2,32,0.464286,0/4,0.0,2,39,23,5,5,30,0.535714,0/1,0.0,8,32,17,13,10
2023020932,2024-02-27,regular,CAR,MIN,3,2,28,0.644068,0/2,0.0,8,19,8,4,2,30,0.355932,0/3,0.0,6,15,21,5,4
2023020933,2024-02-27,regular,OTT,NSH,1,4,25,0.4375,1/2,0.5,11,16,25,18,7,36,0.5625,1/3,0.333333,9,18,15,10,18
2023020934,2024-02-27,regular,STL,WPG,2,4,38,0.633333,0/3,0.0,11,15,15,4,6,32,0.366667,0/2,0.0,13,25,17,7,7
2023020935,2024-02-27,regular,LAK,CGY,2,4,23,0.490566,0/3,0.0,6,20,22,17,12,37,0.509434,0/3,0.0,6,30,14,14,14
2023020936,2024-02-27,regular,DAL,COL,1,5,34,0.509804,0/2,0.0,4,12,12,1,6,27,0.490196,1/2,0.5,4,29,12,6,6
2023020937,2024-02-27,regular,PIT,VAN,4,3,40,0.5,1/5,0.2,8,23,17,9,5,35,0.5,1/4,0.25,10,24,10,7,9
2023020938,2024-02-27,regular,NJD,SJS,7,2,44,0.54717,0/2,0.0,2,11,12,7,10,31,0.45283,0/1,0.0,4,17,14,8,9
2023020939,2024-02-28,regular,CBJ,NYR,1,4,31,0.454545,0/2,0.0,11,13,19,5,3,30,0.545455,1/3,0.333333,9,26,22,8,13
2023020940,2024-02-28,regular,STL,EDM,2,3,34,0.474576,1/3,0.333333,4,28,24,12,12,36,0.525424,1/2,0.5,6,35,8,12,13
2023020941,2024-02-29,regular,VGK,BOS,4,5,36,0.545455,0/2,0.0,4,31,21,10,14,32,0.454545,1/2,0.5,4,34,14,10,3
2023020942,2024-02-29,regular,CAR,CBJ,4,2,33,0.607143,0/1,0.0,6,5,11,2,2,22,0.392857,1/2,0.5,4,12,22,2,2
2023020943,2024-02-29,regular,NYI,DET,5,3,27,0.555556,1/3,0.333333,4,19,21,5,5,25,0.444444,0/2,0.0,6,15,11,11,10
2023020944,2024-02-29,regular,MTL,FLA,3,4,31,0.4375,1/4,0.25,12,25,19,8,5,35,0.5625,1/5,0.2,10,29,10,8,6
2023020945,2024-02-29,regular,BUF,TBL,3,2,23,0.425532,2/3,0.666667,6,31,11,3,10,23,0.574468,1/3,0.333333,6,28,20,4,5
2023020946,2024-02-29,regular,ARI,TOR,2,4,32,0.5,0/0,0.0,17,44,16,14,6,26,0.5,0/1,0.0,5,30,23,18,9
2023020947,2024-02-29,regular,WPG,DAL,1,4,26,0.412698,1/1,1.0,4,36,15,3,6,36,0.587302,0/2,0.0,2,29,9,3,5
2023020948,2024-02-29,regular,MIN,NSH,1,6,34,0.526316,0/3,0.0,13,20,9,4,5,31,0.473684,1/2,0.5,15,20,10,10,9
2023020949,2024-02-29,regular,COL,CHI,5,0,33,0.425532,1/1,1.0,7,20,10,4,2,24,0.574468,0/1,0.0,7,18,17,12,5
2023020950,2024-02-29,regular,PIT,SEA,0,2,33,0.490566,0/3,0.0,8,16,11,4,13,28,0.509434,1/4,0.25,6,14,22,8,8
2023020951,2024-02-29,regular,LAK,VAN,5,1,20,0.528302,1/2,0.5,8,24,23,3,3,24,0.471698,1/3,0.333333,6,33,6,8,3
2023020952,2024-02-29,regular,ANA,SJS,6,4,30,0.464789,2/5,0.4,14,8,15,5,10,28,0.535211,3/6,0.5,12,8,17,8,10
2023020953,2024-03-01,regular,ARI,OTT,5,3,30,0.476923,2/4,0.5,10,36,14,10,5,37,0.523077,1/3,0.333333,12,33,14,12,10
2023020954,2024-03-01,regular,PHI,WSH,2,5,23,0.52459,1/3,0.333333,10,30,12,9,6,21,0.47541,1/3,0.333333,10,27,19,13,13
2023020955,2024-03-01,regular,NJD,ANA,3,4,55,0.535211,2/4,0.5,19,11,10,8,4,23,0.464789,0/2,0.0,13,28,21,6,6
2023020956,2024-03-02,regular,WPG,CAR,5,3,32,0.409091,1/5,0.2,8,20,11,5,9,35,0.590909,1/4,0.25,10,8,11,12,15
2023020957,2024-03-02,regular,BOS,NYI,1,5,23,0.384615,0/2,0.0,8,37,11,9,0,26,0.615385,1/3,0.333333,6,12,12,8,6
2023020958,2024-03-02,regular,EDM,SEA,2,1,24,0.44,0/2,0.0,6,8,21,3,8,25,0.56,1/3,0.333333,4,20,13,6,14
2023020959,2024-03-02,regular,COL,NSH,1,5,26,0.468085,0/1,0.0,8,19,21,27,15,35,0.531915,2/3,0.666667,4,20,13,8,9
2023020960,2024-03-02,regular,VGK,BUF,2,7,24,0.540984,1/2,0.5,7,37,27,2,7,35,0.459016,1/1,1.0,9,29,10,5,3
2023020961,2024-03-02,regular,FLA,DET,4,0,37,0.519231,2/5,0.4,30,40,14,1,5,21,0.480769,0/5,0.0,40,25,22,6,2
2023020962,2024-03-02,regular,OTT,PHI,2,4,26,0.574074,0/5,0.0,10,25,13,7,3,40,0.425926,0/4,0.0,12,27,28,4,3
2023020963,2024-03-02,regular,MTL,TBL,3,4,31,0.491228,0/2,0.0,9,24,13,1,6,29,0.508772,0/2,0.0,9,25,16,7,12
2023020964,2024-03-02,regular,NYR,TOR,3,4,35,0.418919,0/3,0.0,13,45,13,10,8,34,0.581081,0/3,0.0,11,35,11,9,10
2023020965,2024-03-02,regular,CBJ,CHI,5,2,31,0.469388,0/2,0.0,6,13,14,3,6,28,0.530612,0/3,0.0,4,21,21,4,5
2023020966,2024-03-02,regular,SJS,DAL,2,3,23,0.328125,0/2,0.0,10,37,22,5,8,38,0.671875,1/4,0.25,6,21,17,10,9
2023020967,2024-03-02,regular,MIN,STL,1,3,22,0.571429,0/2,0.0,14,24,13,2,12,27,0.428571,1/7,0.142857,4,21,22,7,11
2023020968,2024-03-02,regular,PIT,CGY,3,4,30,0.614035,1/5,0.2,10,18,21,11,13,20,0.385965,1/5,0.2,10,35,12,14,11
2023020969,2024-03-03,regular,ARI,WSH,5,2,28,0.542373,2/6,0.333333,14,18,11,11,10,26,0.457627,2/7,0.285714,22,23,24,10,8
2023020970,2024-03-03,regular,NJD,LAK,1,5,31,0.47619,0/2,0.0,6,25,13,0,4,23,0.52381,1/3,0.333333,4,15,20,5,5
2023020971,2024-03-03,regular,WPG,BUF,5,2,35,0.508197,0/2,0.0,4,23,19,1,5,19,0.491803,1/2,0.5,4,22,22,5,2
2023020972,2024-03-03,regular,SJS,MIN,3,4,15,0.442308,1/2,0.5,8,31,13,2,3,32,0.557692,1/4,0.25,4,17,12,7,7
2023020973,2024-03-03,regular,VAN,ANA,2,1,31,0.627907,0/2,0.0,2,17,15,6,2,18,0.372093,0/1,0.0,4,27,20,8,7
2023020974,2024-03-03,regular,PIT,EDM,1,6,23,0.425926,0/2,0.0,6,29,17,11,14,37,0.574074,0/3,0.0,4,29,10,13,13
2023020975,2024-03-04,regular,VGK,CBJ,3,6,39,0.548387,0/1,0.0,4,14,16,3,4,33,0.451613,0/2,0.0,2,25,16,2,8
2023020976,2024-03-04,regular,FLA,NYR,4,2,30,0.542373,1/3,0.333333,8,22,16,2,5,28,0.457627,2/4,0.5,6,30,16,6,5
2023020977,2024-03-04,regular,STL,PHI,2,1,25,0.490909,0/3,0.0,4,16,14,8,6,42,0.509091,0/2,0.0,6,14,29,7,9
2023020978,2024-03-04,regular,BOS,TOR,4,1,27,0.469388,1/2,0.5,8,43,10,13,7,33,0.530612,0/4,0.0,4,46,13,7,15
2023020979,2024-03-04,regular,CHI,COL,0,5,37,0.477612,0/4,0.0,4,21,11,2,4,37,0.522388,1/2,0.5,8,20,16,5,6
2023020980,2024-03-04,regular,SEA,CGY,4,2,30,0.472222,0/4,0.0,23,22,24,6,12,37,0.527778,1/4,0.25,32,20,21,7,14
2023020981,2024-03-05,regular,EDM,BOS,2,1,26,0.574468,0/2,0.0,4,29,11,6,5,25,0.425532,0/2,0.0,4,27,27,12,6
2023020982,2024-03-05,regular,FLA,NJD,5,3,31,0.478261,1/2,0.5,6,14,19,4,7,24,0.521739,1/3,0.333333,4,21,13,5,6
2023020983,2024-03-05,regular,CBJ,PIT,3,5,35,0.432836,0/1,0.0,6,18,25,6,7,31,0.567164,2/3,0.666667,2,18,20,9,14
2023020984,2024-03-05,regular,STL,NYI,2,4,21,0.317073,0/1,0.0,0,16,17,9,8,33,0.682927,0/0,0.0,2,20,13,15,8
2023020985,2024-03-05,regular,MTL,NSH,4,3,30,0.461538,0/2,0.0,9,21,15,6,2,28,0.538462,0/2,0.0,9,16,18,3,11
2023020986,2024-03-05,regular,SEA,WPG,4,3,24,0.446809,1/1,1.0,4,33,20,8,3,33,0.553191,0/2,0.0,2,21,12,13,7
2023020987,2024-03-05,regular,CHI,ARI,5,2,32,0.508197,4/5,0.8,4,26,14,9,5,39,0.491803,0/2,0.0,10,30,18,11,5
2023020988,2024-03-05,regular,VAN,LAK,2,1,31,0.644068,0/2,0.0,2,31,12,3,2,24,0.355932,0/1,0.0,4,27,19,6,4
2023020989,2024-03-05,regular,DAL,SJS,7,6,40,0.513514,2/3,0.666667,8,11,14,12,8,20,0.486486,2/4,0.5,6,23,18,5,8
2023020990,2024-03-06,regular,BUF,TOR,1,2,25,0.392157,0/2,0.0,2,34,8,16,7,27,0.607843,0/1,0.0,4,38,17,15,10
2023020991,2024-03-06,regular,DET,COL,2,7,29,0.471429,1/2,0.5,18,27,22,3,6,54,0.528571,2/6,0.333333,10,11,11,5,4
2023020992,2024-03-06,regular,OTT,ANA,1,2,30,0.6,0/3,0.0,10,15,14,11,6,16,0.4,0/3,0.0,8,36,19,9,4
2023020993,2024-03-07,regular,TOR,BOS,1,4,29,0.603448,1/4,0.25,26,43,12,10,4,25,0.396552,2/5,0.4,24,45,15,9,7
2023020994,2024-03-07,regular,MTL,CAR,1,4,25,0.4,0/5,0.0,10,15,24,13,8,39,0.6,0/4,0.0,12,13,10,10,12
2023020995,2024-03-07,regular,EDM,CBJ,2,4,31,0.54717,1/3,0.333333,9,19,15,4,2,34,0.45283,0/1,0.0,13,22,11,1,9
2023020996,2024-03-07,regular,PHI,FLA,2,1,26,0.45283,0/1,0.0,4,38,29,4,6,30,0.54717,0/1,0.0,4,39,18,14,4
2023020997,2024-03-07,regular,STL,NJD,1,4,24,0.52459,0/3,0.0,4,9,15,6,7,33,0.47541,1/2,0.5,6,12,17,7,15
2023020998,2024-03-07,regular,WSH,PIT,6,0,29,0.516129,1/5,0.2,13,13,20,8,2,39,0.483871,0/4,0.0,15,23,13,13,8
2023020999,2024-03-07,regular,CGY,TBL,6,3,24,0.301887,0/3,0.0,10,29,21,7,8,22,0.698113,0/3,0.0,10,32,9,11,4
2023021000,2024-03-07,regular,BUF,NSH,2,4,28,0.457627,0/3,0.0,6,16,8,16,9,24,0.542373,2/3,0.666667,6,17,15,24,14
2023021001,2024-03-07,regular,MIN,ARI,5,2,28,0.518519,1/2,0.5,26,31,24,9,6,25,0.481481,1/3,0.333333,34,30,15,12,4
2023021002,2024-03-07,regular,VAN,VGK,3,1,35,0.508197,1/3,0.333333,4,25,16,3,3,28,0.491803,0/1,0.0,8,28,11,5,1
2023021003,2024-03-07,regular,OTT,LAK,3,4,31,0.5,1/4,0.25,2,17,19,5,3,35,0.5,0/0,0.0,10,31,23,9,4
2023021004,2024-03-07,regular,NYI,SJS,7,2,33,0.546875,1/2,0.5,4,6,15,9,10,25,0.453125,1/1,1.0,6,17,19,6,5
2023021005,2024-03-08,regular,DET,ARI,0,4,28,0.479167,0/1,0.0,4,45,11,12,3,24,0.520833,1/2,0.5,2,25,12,10,4
2023021006,2024-03-08,regular,MIN,COL,1,2,30,0.5,0/4,0.0,8,18,24,1,6,40,0.5,1/4,0.25,8,27,13,5,5
2023021007,2024-03-08,regular,DAL,ANA,6,2,36,0.516667,3/5,0.6,8,19,15,13,7,27,0.483333,1/4,0.25,10,25,14,10,6
2023021008,2024-03-08,regular,WPG,SEA,3,0,32,0.5,0/0,0.0,2,24,19,5,13,17,0.5,0/1,0.0,0,20,6,7,16
2023021009,2024-03-09,regular,EDM,BUF,2,3,32,0.795918,0/3,0.0,2,14,11,4,5,27,0.204082,1/1,1.0,6,41,7,2,11
2023021010,2024-03-09,regular,NSH,CBJ,2,1,49,0.597015,0/3,0.0,4,18,17,2,5,34,0.402985,0/2,0.0,6,23,12,3,2
2023021011,2024-03-09,regular,CAR,NJD,4,2,26,0.525424,1/3,0.333333,12,23,13,2,5,25,0.474576,0/4,0.0,10,33,10,6,3
2023021012,2024-03-09,regular,PIT,BOS,1,5,39,0.447761,0/1,0.0,4,30,8,12,6,23,0.552239,1/2,0.5,2,34,16,15,5
2023021013,2024-03-09,regular,CGY,FLA,1,5,35,0.372549,1/4,0.25,6,41,21,16,3,31,0.627451,0/1,0.0,12,40,10,11,5
2023021014,2024-03-09,regular,TOR,MTL,3,2,27,0.471698,0/2,0.0,10,23,13,20,2,31,0.528302,1/4,0.25,6,44,16,16,7
2023021015,2024-03-09,regular,OTT,SJS,1,2,32,0.614035,1/3,0.333333,8,16,17,5,10,21,0.385965,2/4,0.5,6,12,19,5,10
2023021016,2024-03-09,regular,PHI,TBL,0,7,25,0.563636,0/3,0.0,43,46,15,3,6,26,0.436364,3/4,0.75,21,16,20,6,8
2023021017,2024-03-09,regular,CHI,WSH,1,4,32,0.56,0/4,0.0,8,28,8,4,13,26,0.44,1/4,0.25,8,18,17,7,8
2023021018,2024-03-09,regular,STL,NYR,0,4,26,0.479167,0/2,0.0,12,32,16,3,2,39,0.520833,3/6,0.5,4,17,11,5,11
2023021019,2024-03-09,regular,WPG,VAN,0,5,22,0.438596,0/1,0.0,4,29,9,4,3,37,0.561404,1/2,0.5,2,31,7,6,6
2023021020,2024-03-09,regular,DET,VGK,3,5,26,0.625,1/3,0.333333,6,30,27,2,5,36,0.375,0/2,0.0,8,27,18,7,13
2023021021,2024-03-09,regular,DAL,LAK,4,1,35,0.45,1/5,0.2,10,16,7,1,2,25,0.55,0/4,0.0,12,23,16,4,5
2023021022,2024-03-10,regular,EDM,PIT,4,0,42,0.428571,0/4,0.0,17,4,17,6,10,41,0.571429,0/5,0.0,25,16,15,9,7
2023021023,2024-03-10,regular,NSH,MIN,3,4,30,0.545455,1/2,0.5,14,29,13,8,5,33,0.454545,1/2,0.5,14,37,18,5,3
2023021024,2024-03-10,regular,CGY,CAR,2,7,20,0.466667,0/3,0.0,7,31,22,10,4,40,0.533333,0/1,0.0,11,21,14,14,11
2023021025,2024-03-10,regular,ARI,CHI,4,7,36,0.431034,0/2,0.0,15,17,14,6,6,41,0.568966,2/5,0.4,9,27,12,10,17
2023021026,2024-03-10,regular,NYI,ANA,6,1,19,0.55102,1/5,0.2,6,20,13,11,9,23,0.44898,0/2,0.0,12,17,15,8,9
2023021027,2024-03-11,regular,STL,BOS,5,1,22,0.586957,1/3,0.333333,6,27,10,13,9,37,0.413043,0/3,0.0,6,23,8,16,7
2023021028,2024-03-11,regular,NJD,NYR,1,3,20,0.317073,0/4,0.0,18,21,16,0,3,26,0.682927,0/4,0.0,21,20,16,8,11
2023021029,2024-03-11,regular,WSH,WPG,0,3,23,0.363636,0/1,0.0,4,31,17,5,5,29,0.636364,0/1,0.0,4,31,14,6,10
2023021030,2024-03-11,regular,NYI,LAK,0,3,26,0.615385,0/5,0.0,6,26,15,1,1,25,0.384615,0/3,0.0,10,29,16,4,7
2023021031,2024-03-12,regular,DET,BUF,3,7,24,0.561404,1/4,0.25,8,42,17,3,7,39,0.438596,0/4,0.0,8,22,9,2,9
2023021032,2024-03-12,regular,NYR,CAR,1,0,24,0.480769,0/2,0.0,2,23,23,6,10,28,0.519231,0/1,0.0,4,28,13,9,19
2023021033,2024-03-12,regular,CBJ,MTL,0,3,41,0.531915,0/4,0.0,8,17,7,12,5,23,0.468085,1/3,0.333333,10,23,32,17,6
2023021034,2024-03-12,regular,PIT,OTT,1,2,35,0.458333,0/1,0.0,11,22,15,12,13,39,0.541667,0/2,0.0,9,27,15,14,12
2023021035,2024-03-12,regular,SJS,PHI,2,3,29,0.333333,2/5,0.4,10,25,11,1,4,41,0.666667,1/4,0.25,12,30,12,6,7
2023021036,2024-03-12,regular,FLA,DAL,4,3,30,0.451613,3/4,0.75,10,44,13,5,10,30,0.548387,1/5,0.2,8,30,9,14,7
2023021037,2024-03-12,regular,ARI,MIN,1,4,23,0.377049,0/2,0.0,8,15,15,9,7,31,0.622951,1/4,0.25,4,9,10,10,7
2023021038,2024-03-12,regular,ANA,CHI,2,7,29,0.346154,0/2,0.0,43,13,21,1,4,31,0.653846,4/6,0.666667,45,16,14,7,7
2023021039,2024-03-12,regular,COL,CGY,6,2,38,0.632353,1/4,0.25,6,24,15,14,10,27,0.367647,0/3,0.0,8,19,19,18,7
2023021040,2024-03-12,regular,VGK,SEA,5,4,34,0.545455,1/3,0.333333,4,26,24,4,6,30,0.454545,0/2,0.0,6,25,23,9,17
2023021041,2024-03-13,regular,LAK,STL,1,3,41,0.532258,0/2,0.0,4,29,9,4,11,30,0.467742,0/2,0.0,4,22,20,9,9
2023021042,2024-03-13,regular,NSH,WPG,4,2,38,0.478261,0/3,0.0,6,28,9,7,7,29,0.521739,1/3,0.333333,6,42,10,9,7
2023021043,2024-03-13,regular,WSH,EDM,2,7,25,0.418182,1/4,0.25,8,33,13,17,16,37,0.581818,3/4,0.75,8,19,11,8,10
2023021044,2024-03-13,regular,COL,VAN,4,3,34,0.428571,2/4,0.5,11,20,2,7,3,21,0.571429,0/3,0.0,13,31,22,7,9
2023021045,2024-03-14,regular,NYI,BUF,0,4,21,0.454545,0/4,0.0,13,51,9,4,7,37,0.545455,1/4,0.25,13,23,9,2,9
2023021046,2024-03-14,regular,FLA,CAR,0,4,21,0.433962,0/3,0.0,18,41,10,10,4,35,0.566038,0/5,0.0,14,26,10,11,11
2023021047,2024-03-14,regular,OTT,CBJ,3,2,37,0.403509,0/3,0.0,6,12,22,0,4,37,0.596491,1/3,0.333333,6,14,23,4,7
2023021048,2024-03-14,regular,ARI,DET,4,1,27,0.380952,0/2,0.0,10,16,18,4,6,29,0.619048,1/4,0.25,6,20,18,6,7
2023021049,2024-03-14,regular,BOS,MTL,2,1,24,0.5,0/4,0.0,6,20,18,10,3,19,0.5,0/3,0.0,8,17,19,10,2
2023021050,2024-03-14,regular,TOR,PHI,6,2,27,0.557143,0/4,0.0,16,28,12,11,6,28,0.442857,1/3,0.333333,18,37,18,7,6
2023021051,2024-03-14,regular,SJS,PIT,3,6,32,0.428571,0/2,0.0,6,27,20,4,7,31,0.571429,0/2,0.0,6,23,20,9,9
2023021052,2024-03-14,regular,NYR,TBL,3,6,28,0.482143,0/2,0.0,6,27,21,8,10,28,0.517857,1/2,0.5,6,32,15,5,11
2023021053,2024-03-14,regular,NJD,DAL,6,2,20,0.428571,0/0,0.0,6,22,23,2,9,37,0.571429,0/3,0.0,0,27,7,7,9
2023021054,2024-03-14,regular,ANA,MIN,0,2,16,0.454545,0/1,0.0,4,16,14,1,1,31,0.545455,0/2,0.0,2,14,16,4,5
2023021055,2024-03-14,regular,VGK,CGY,1,4,29,0.507246,0/3,0.0,4,20,19,5,15,37,0.492754,0/2,0.0,6,19,30,10,7
2023021056,2024-03-14,regular,WSH,SEA,2,1,23,0.44,1/4,0.25,6,28,16,2,9,24,0.56,1/3,0.333333,8,18,15,5,7
2023021057,2024-03-15,regular,ANA,WPG,0,6,21,0.26,0/3,0.0,20,20,16,3,4,38,0.74,3/3,1.0,20,24,9,4,8
2023021058,2024-03-15,regular,LAK,CHI,5,0,37,0.525424,1/3,0.333333,8,9,19,0,8,28,0.474576,0/4,0.0,6,26,15,6,11
2023021059,2024-03-16,regular,BUF,DET,1,4,26,0.462963,1/2,0.5,4,31,13,6,5,26,0.537037,0/2,0.0,4,30,13,4,14
2023021060,2024-03-16,regular,OTT,NYI,4,3,30,0.540984,2/3,0.666667,6,18,22,10,4,33,0.459016,1/3,0.333333,6,25,18,7,7
2023021061,2024-03-16,regular,NYR,PIT,7,4,28,0.423077,2/3,0.666667,6,18,19,7,5,37,0.576923,1/3,0.333333,6,22,10,11,7
2023021062,2024-03-16,regular,NJD,ARI,1,4,38,0.571429,0/2,0.0,9,25,15,6,2,32,0.428571,1/2,0.5,9,12,22,8,4
2023021063,2024-03-16,regular,TBL,FLA,5,3,16,0.542857,1/7,0.142857,28,15,16,15,2,50,0.457143,1/7,0.142857,39,25,10,13,13
2023021064,2024-03-16,regular,PHI,BOS,5,6,29,0.5,0/3,0.0,8,35,16,9,5,30,0.5,1/2,0.5,10,29,22,11,3
2023021065,2024-03-16,regular,SJS,CBJ,2,4,41,0.451613,0/3,0.0,4,14,18,1,4,20,0.548387,0/1,0.0,6,21,19,5,6
2023021066,2024-03-16,regular,MTL,CGY,2,5,38,0.666667,0/3,0.0,8,18,17,16,8,28,0.333333,2/3,0.666667,8,20,20,12,18
2023021067,2024-03-16,regular,CAR,TOR,5,4,40,0.484375,2/5,0.4,8,25,15,11,11,40,0.515625,0/4,0.0,10,37,16,16,5
2023021068,2024-03-16,regular,LAK,DAL,1,4,28,0.515625,0/1,0.0,4,42,12,4,4,29,0.484375,1/2,0.5,2,18,18,14,12
2023021069,2024-03-16,regular,MIN,STL,2,3,24,0.368421,0/0,0.0,13,14,17,9,11,37,0.631579,1/2,0.5,9,22,31,11,12
2023021070,2024-03-16,regular,COL,EDM,3,2,43,0.366667,0/1,0.0,7,30,18,5,8,34,0.633333,0/1,0.0,7,39,26,13,7
2023021071,2024-03-16,regular,NSH,SEA,4,1,30,0.528302,1/3,0.333333,4,26,17,1,8,24,0.471698,1/2,0.5,6,33,13,3,10
2023021072,2024-03-16,regular,WSH,VAN,2,1,24,0.346939,0/1,0.0,2,16,20,5,1,22,0.653061,0/1,0.0,2,33,9,10,6
2023021073,2024-03-17,regular,NYI,NYR,2,5,27,0.44,0/3,0.0,2,26,21,6,3,31,0.56,0/1,0.0,6,21,12,10,11
2023021074,2024-03-17,regular,NJD,VGK,1,3,21,0.519231,0/2,0.0,4,12,12,3,7,37,0.480769,0/2,0.0,4,25,21,7,15
2023021075,2024-03-17,regular,WPG,CBJ,6,1,27,0.457627,0/1,0.0,6,8,22,1,2,31,0.542373,0/2,0.0,4,14,11,8,3
2023021076,2024-03-17,regular,SJS,CHI,2,5,27,0.456522,0/0,0.0,6,15,12,8,5,31,0.543478,0/2,0.0,2,29,18,15,10
2023021077,2024-03-17,regular,CAR,OTT,7,2,38,0.490196,1/3,0.333333,4,18,10,9,7,32,0.509804,0/2,0.0,6,23,15,11,9
2023021078,2024-03-17,regular,DET,PIT,3,6,28,0.508772,1/2,0.5,8,20,16,5,6,38,0.491228,1/4,0.25,4,18,18,9,7
2023021079,2024-03-17,regular,ANA,STL,2,4,28,0.333333,0/2,0.0,12,20,16,1,14,27,0.666667,3/6,0.5,4,18,14,6,10
2023021080,2024-03-18,regular,WSH,CGY,5,2,33,0.478261,2/3,0.666667,6,10,23,7,11,36,0.521739,0/3,0.0,6,15,25,9,14
2023021081,2024-03-18,regular,BUF,SEA,6,2,30,0.607843,0/2,0.0,10,28,22,7,8,34,0.392157,1/5,0.2,4,38,10,1,9
2023021082,2024-03-19,regular,OTT,BOS,2,6,31,0.327586,1/4,0.25,16,30,15,9,8,26,0.672414,2/2,1.0,10,29,16,15,9
2023021083,2024-03-19,regular,CBJ,DET,3,4,35,0.444444,1/2,0.5,16,17,17,8,9,26,0.555556,1/3,0.333333,4,16,16,7,10
2023021084,2024-03-19,regular,PIT,NJD,2,5,38,0.508475,0/2,0.0,6,13,17,4,14,38,0.491525,2/3,0.666667,4,11,18,9,7
2023021085,2024-03-19,regular,WPG,NYR,4,2,27,0.5,1/3,0.333333,4,17,17,1,7,41,0.5,1/2,0.5,6,22,14,7,4
2023021086,2024-03-19,regular,TOR,PHI,3,4,30,0.615385,1/3,0.333333,9,28,9,3,7,30,0.384615,0/2,0.0,11,34,36,4,3
2023021087,2024-03-19,regular,CAR,NYI,4,1,34,0.595238,1/1,1.0,7,15,13,11,5,31,0.404762,0/1,0.0,7,20,15,18,9
2023021088,2024-03-19,regular,SJS,NSH,2,8,20,0.333333,0/1,0.0,4,28,12,5,3,40,0.666667,0/2,0.0,2,17,21,10,6
2023021089,2024-03-19,regular,COL,STL,4,3,35,0.474576,1/3,0.333333,6,16,13,9,12,33,0.525424,0/3,0.0,6,28,14,13,11
2023021090,2024-03-19,regular,MTL,EDM,2,3,25,0.588235,0/3,0.0,15,26,21,12,7,32,0.411765,1/5,0.2,11,28,20,11,7
2023021091,2024-03-19,regular,MIN,ANA,4,0,32,0.666667,1/5,0.2,6,16,10,9,7,27,0.333333,0/3,0.0,10,17,16,7,6
2023021092,2024-03-19,regular,CHI,LAK,2,6,24,0.407407,1/4,0.25,2,22,9,1,4,24,0.592593,1/1,1.0,8,16,21,8,6
2023021093,2024-03-19,regular,BUF,VAN,2,3,17,0.407407,0/4,0.0,12,18,14,2,4,34,0.592593,1/5,0.2,10,34,23,6,7
2023021094,2024-03-19,regular,TBL,VGK,5,3,21,0.522727,1/4,0.25,6,27,16,3,9,27,0.477273,0/3,0.0,8,36,10,5,6
2023021095,2024-03-20,regular,TOR,WSH,7,3,29,0.517857,1/5,0.2,2,34,20,6,6,21,0.482143,1/1,1.0,10,37,18,8,9
2023021096,2024-03-20,regular,ARI,DAL,2,5,25,0.431373,0/1,0.0,14,39,14,4,5,33,0.568627,0/2,0.0,2,21,9,8,9
2023021097,2024-03-20,regular,MIN,LAK,0,6,31,0.566038,0/2,0.0,79,19,13,3,4,27,0.433962,2/4,0.5,75,17,14,1,1
2023021098,2024-03-21,regular,NYR,BOS,5,2,31,0.52,0/1,0.0,6,44,8,7,5,26,0.48,0/3,0.0,2,40,19,19,5
2023021099,2024-03-21,regular,PHI,CAR,2,3,32,0.559322,0/3,0.0,4,19,27,3,9,33,0.440678,0/2,0.0,6,16,16,4,4
2023021100,2024-03-21,regular,NYI,DET,3,6,36,0.575758,1/4,0.25,4,17,11,2,4,24,0.424242,0/2,0.0,8,27,22,9,5
2023021101,2024-03-21,regular,NSH,FLA,3,0,37,0.526316,1/3,0.333333,14,30,16,7,14,33,0.473684,0/2,0.0,16,34,16,22,10
2023021102,2024-03-21,regular,WPG,NJD,1,4,19,0.360656,0/4,0.0,8,10,11,4,4,41,0.639344,3/4,0.75,8,11,19,5,9
2023021103,2024-03-21,regular,STL,OTT,5,2,27,0.470588,0/2,0.0,6,22,16,11,6,39,0.529412,1/3,0.333333,4,22,8,15,8
2023021104,2024-03-21,regular,BUF,EDM,3,8,29,0.403509,0/3,0.0,4,28,20,5,8,39,0.596491,1/2,0.5,6,32,17,9,12
2023021105,2024-03-21,regular,CHI,ANA,0,4,29,0.416667,0/1,0.0,22,29,14,7,6,25,0.583333,1/5,0.2,14,20,11,9,11
2023021106,2024-03-21,regular,MTL,VAN,1,4,17,0.54,0/3,0.0,10,25,18,4,4,25,0.46,0/3,0.0,8,42,12,4,12
2023021107,2024-03-21,regular,SEA,VGK,1,3,22,0.392157,1/3,0.333333,10,31,16,1,5,37,0.607843,1/5,0.2,6,36,23,6,8
2023021108,2024-03-21,regular,TBL,SJS,4,1,21,0.520833,1/3,0.333333,8,17,18,5,9,22,0.479167,0/3,0.0,8,21,12,7,9
2023021109,2024-03-22,regular,CAR,WSH,6,7,31,0.44,1/2,0.5,12,16,22,8,12,25,0.56,3/6,0.5,6,30,17,16,17
2023021110,2024-03-22,regular,PIT,DAL,2,4,22,0.627119,0/2,0.0,4,26,14,4,7,23,0.372881,1/2,0.5,4,19,18,13,3
2023021111,2024-03-22,regular,CBJ,COL,1,6,24,0.4375,0/0,0.0,11,20,24,2,16,50,0.5625,1/3,0.333333,5,26,11,9,15
2023021112,2024-03-22,regular,SEA,ARI,1,2,28,0.518519,0/3,0.0,9,20,8,4,6,26,0.481481,0/2,0.0,11,30,20,9,4
2023021113,2024-03-23,regular,WPG,NYI,3,6,35,0.40678,0/1,0.0,7,27,15,5,5,39,0.59322,0/1,0.0,7,25,17,8,11
2023021114,2024-03-23,regular,BOS,PHI,2,3,20,0.528302,0/2,0.0,6,39,8,6,2,29,0.471698,1/3,0.333333,4,39,18,12,4
2023021115,2024-03-23,regular,STL,MIN,5,4,27,0.546875,0/1,0.0,4,17,12,2,5,34,0.453125,0/1,0.0,4,15,10,5,5
2023021116,2024-03-23,regular,DET,NSH,0,1,22,0.518519,0/3,0.0,9,5,14,10,5,32,0.481481,0/1,0.0,13,25,13,25,19
2023021117,2024-03-23,regular,OTT,NJD,5,2,25,0.444444,0/5,0.0,13,8,11,7,8,20,0.555556,0/4,0.0,15,10,10,13,7
2023021118,2024-03-23,regular,EDM,TOR,3,6,39,0.526316,2/5,0.4,23,31,11,9,5,29,0.473684,1/3,0.333333,17,33,28,11,7
2023021119,2024-03-23,regular,FLA,NYR,3,4,30,0.527273,0/2,0.0,6,24,19,5,6,37,0.472727,1/3,0.333333,4,28,11,7,3
2023021120,2024-03-23,regular,CGY,VAN,2,4,24,0.407407,0/2,0.0,6,23,10,5,1,26,0.592593,1/3,0.333333,4,29,21,4,4
2023021121,2024-03-23,regular,TBL,LAK,3,4,24,0.568627,2/3,0.666667,6,24,17,7,2,23,0.431373,0/3,0.0,6,19,25,11,5
2023021122,2024-03-23,regular,CHI,SJS,5,4,31,0.45614,0/2,0.0,13,25,19,4,8,30,0.54386,2/4,0.5,9,16,12,6,8
2023021123,2024-03-23,regular,CBJ,VGK,2,4,22,0.52,0/1,0.0,4,36,22,8,5,47,0.48,1/2,0.5,2,17,13,8,9
2023021124,2024-03-24,regular,WPG,WSH,0,3,27,0.472727,0/2,0.0,6,20,15,11,7,19,0.527273,1/3,0.333333,4,29,15,11,6
2023021125,2024-03-24,regular,PIT,COL,4,5,34,0.561404,0/2,0.0,4,21,16,0,12,30,0.438596,0/2,0.0,4,15,16,4,10
2023021126,2024-03-24,regular,NJD,NYI,4,0,30,0.561404,1/4,0.25,29,14,15,2,4,36,0.438596,0/5,0.0,28,22,24,13,7
2023021127,2024-03-24,regular,TOR,CAR,1,2,33,0.435484,0/4,0.0,6,14,16,10,9,43,0.564516,1/3,0.333333,8,6,13,15,6
2023021128,2024-03-24,regular,EDM,OTT,3,5,36,0.537037,2/3,0.666667,8,18,9,9,10,16,0.462963,3/4,0.75,6,26,12,17,15
2023021129,2024-03-24,regular,FLA,PHI,4,1,15,0.520833,1/2,0.5,12,39,26,8,6,33,0.479167,1/5,0.2,6,32,8,4,5
2023021130,2024-03-24,regular,DAL,ARI,4,2,35,0.590164,0/4,0.0,10,16,12,5,8,28,0.409836,0/4,0.0,8,35,21,10,4
2023021131,2024-03-24,regular,TBL,ANA,3,2,27,0.54717,0/3,0.0,8,34,14,12,8,32,0.45283,0/4,0.0,6,21,17,8,11
2023021132,2024-03-24,regular,BUF,CGY,4,1,29,0.372549,0/1,0.0,4,15,22,10,7,33,0.627451,1/2,0.5,2,15,16,7,2
2023021133,2024-03-24,regular,MTL,SEA,5,1,17,0.527273,0/2,0.0,8,17,19,4,5,37,0.472727,0/4,0.0,4,25,13,5,9
2023021134,2024-03-25,regular,VGK,STL,2,1,34,0.444444,0/2,0.0,9,22,14,3,10,32,0.555556,0/2,0.0,9,27,18,5,14
2023021135,2024-03-25,regular,LAK,VAN,3,2,19,0.5,0/2,0.0,4,25,13,3,2,23,0.5,0/2,0.0,4,47,6,6,8
2023021136,2024-03-26,regular,BOS,FLA,4,3,21,0.509804,1/4,0.25,17,51,19,13,4,21,0.490196,0/3,0.0,19,40,9,17,10
2023021137,2024-03-26,regular,PHI,NYR,5,6,42,0.453125,1/3,0.333333,2,16,13,2,5,27,0.546875,1/1,1.0,6,23,17,6,5
2023021138,2024-03-26,regular,CAR,PIT,1,4,39,0.472973,0/2,0.0,9,15,10,10,11,22,0.527027,0/2,0.0,9,18,19,12,9
2023021139,2024-03-26,regular,NJD,TOR,6,3,25,0.489362,0/2,0.0,4,28,15,16,2,45,0.510638,0/2,0.0,4,47,7,19,5
2023021140,2024-03-26,regular,DET,WSH,3,4,33,0.621212,1/2,0.5,4,26,15,5,8,30,0.378788,0/2,0.0,4,23,19,9,11
2023021141,2024-03-26,regular,VGK,NSH,4,5,35,0.528302,0/2,0.0,4,21,17,5,4,35,0.471698,1/2,0.5,4,49,20,10,10
2023021142,2024-03-26,regular,EDM,WPG,4,3,42,0.508475,1/4,0.25,20,38,10,9,6,25,0.491525,0/5,0.0,18,28,12,3,3
2023021143,2024-03-26,regular,CGY,CHI,1,3,39,0.617021,0/2,0.0,4,19,9,2,5,27,0.382979,1/2,0.5,4,19,19,5,3
2023021144,2024-03-26,regular,MTL,COL,2,1,27,0.54386,0/3,0.0,6,18,20,1,8,28,0.45614,0/3,0.0,6,13,12,5,7
2023021145,2024-03-26,regular,CBJ,ARI,2,6,27,0.648148,2/4,0.5,19,27,15,7,5,35,0.351852,1/2,0.5,23,22,12,8,6
2023021146,2024-03-26,regular,ANA,SEA,0,4,12,0.372549,0/1,0.0,10,21,25,3,9,36,0.627451,2/5,0.4,2,22,11,6,7
2023021147,2024-03-26,regular,DAL,SJS,6,3,41,0.538462,1/4,0.25,11,7,15,6,6,20,0.461538,1/3,0.333333,13,18,17,8,11
2023021148,2024-03-27,regular,OTT,BUF,6,2,42,0.6,0/2,0.0,10,26,18,2,7,36,0.4,0/2,0.0,10,32,10,2,7
2023021149,2024-03-27,regular,BOS,TBL,1,3,24,0.44898,0/2,0.0,7,29,15,6,4,31,0.55102,0/1,0.0,9,38,13,7,7
2023021150,2024-03-28,regular,DET,CAR,0,4,24,0.490566,0/2,0.0,4,18,11,5,3,33,0.509434,1/2,0.5,4,13,13,9,12
2023021151,2024-03-28,regular,NYI,FLA,3,2,24,0.509804,0/6,0.0,2,29,26,14,1,28,0.490196,0/1,0.0,12,47,8,15,9
2023021152,2024-03-28,regular,PHI,MTL,1,4,30,0.508772,0/4,0.0,10,21,13,9,1,17,0.491228,1/2,0.5,14,27,22,11,8
2023021153,2024-03-28,regular,CHI,OTT,0,2,19,0.386364,0/2,0.0,4,29,14,14,4,34,0.613636,0/2,0.0,4,35,13,16,7
2023021154,2024-03-28,regular,CBJ,PIT,2,3,19,0.395833,0/2,0.0,10,26,12,3,8,36,0.604167,2/5,0.4,4,12,17,10,10
2023021155,2024-03-28,regular,WSH,TOR,1,5,24,0.363636,0/2,0.0,2,32,13,3,4,48,0.636364,0/1,0.0,4,43,19,5,7
2023021156,2024-03-28,regular,SJS,MIN,1,3,27,0.571429,0/1,0.0,4,21,18,4,1,32,0.428571,0/2,0.0,2,11,19,10,5
2023021157,2024-03-28,regular,CGY,STL,3,5,28,0.366667,1/3,0.333333,11,21,11,2,17,19,0.633333,1/3,0.333333,11,17,16,7,11
2023021158,2024-03-28,regular,VGK,WPG,4,1,27,0.612903,0/1,0.0,22,46,20,9,3,40,0.387097,0/5,0.0,24,41,7,7,6
2023021159,2024-03-28,regular,NYR,COL,3,2,25,0.460317,1/3,0.333333,4,14,22,2,11,40,0.539683,0/2,0.0,6,20,17,3,13
2023021160,2024-03-28,regular,LAK,EDM,1,4,32,0.574074,0/2,0.0,6,32,18,9,7,20,0.425926,1/2,0.5,6,47,16,13,10
2023021161,2024-03-28,regular,NSH,ARI,4,8,37,0.491525,2/2,1.0,11,35,15,15,8,40,0.508475,1/3,0.333333,9,26,16,11,11
2023021162,2024-03-28,regular,ANA,SEA,2,4,23,0.529412,0/3,0.0,27,32,10,4,8,28,0.470588,3/10,0.3,13,23,15,1,6
2023021163,2024-03-28,regular,DAL,VAN,3,1,34,0.446809,2/5,0.4,8,22,18,4,4,28,0.553191,0/3,0.0,12,40,17,4,7
2023021164,2024-03-29,regular,NJD,BUF,2,5,30,0.660377,0/3,0.0,0,18,12,8,5,36,0.339623,0/0,0.0,6,37,17,3,5
2023021165,2024-03-30,regular,DET,FLA,2,3,22,0.561404,2/6,0.333333,6,33,25,8,5,38,0.438596,0/1,0.0,16,41,7,9,12
2023021166,2024-03-30,regular,VGK,MIN,2,1,31,0.396226,0/3,0.0,15,20,16,8,6,33,0.603774,1/2,0.5,16,13,21,5,5
2023021167,2024-03-30,regular,ANA,EDM,1,6,22,0.362069,1/2,0.5,6,33,14,12,8,37,0.637931,1/3,0.333333,4,19,13,12,8
2023021168,2024-03-30,regular,NYR,ARI,8,5,32,0.453125,0/0,0.0,6,31,14,10,5,32,0.546875,1/3,0.333333,0,18,8,12,12
2023021169,2024-03-30,regular,NSH,COL,4,7,35,0.470588,0/5,0.0,23,21,21,2,7,42,0.529412,3/6,0.5,10,25,18,8,3
2023021170,2024-03-30,regular,TOR,BUF,3,0,22,0.68,0/4,0.0,62,41,20,5,7,34,0.32,0/6,0.0,70,24,9,3,6
2023021171,2024-03-30,regular,PIT,CBJ,3,4,33,0.55,0/2,0.0,8,8,23,3,5,37,0.45,0/4,0.0,4,19,15,4,8
2023021172,2024-03-30,regular,CAR,MTL,3,0,30,0.566667,1/2,0.5,6,5,11,14,9,26,0.433333,0/3,0.0,4,21,21,17,8
2023021173,2024-03-30,regular,CHI,PHI,5,1,24,0.391304,1/3,0.333333,13,33,13,11,6,31,0.608696,0/3,0.0,21,27,11,4,4
2023021174,2024-03-30,regular,NYI,TBL,1,4,28,0.428571,0/1,0.0,4,35,17,3,2,40,0.571429,1/1,1.0,4,27,17,6,6
2023021175,2024-03-30,regular,OTT,WPG,3,2,27,0.519231,1/5,0.2,10,29,20,5,4,30,0.480769,1/5,0.2,10,38,11,7,3
2023021176,2024-03-30,regular,BOS,WSH,3,2,29,0.490909,0/2,0.0,8,38,29,4,7,20,0.509091,1/4,0.25,4,41,19,13,8
2023021177,2024-03-30,regular,SJS,STL,4,0,20,0.389831,0/3,0.0,4,26,19,5,9,35,0.610169,0/2,0.0,6,16,8,10,10
2023021178,2024-03-30,regular,LAK,CGY,2,4,18,0.45283,2/4,0.5,12,28,27,5,13,35,0.54717,3/6,0.5,8,22,18,3,13
2023021179,2024-03-30,regular,DAL,SEA,3,0,30,0.614035,1/2,0.5,4,16,17,0,17,17,0.385965,0/2,0.0,15,23,19,4,10
2023021180,2024-03-31,regular,ANA,VAN,2,3,22,0.35,0/4,0.0,12,10,15,2,6,30,0.65,2/4,0.5,8,34,14,4,5
2023021181,2024-04-01,regular,COL,CBJ,1,4,46,0.557377,0/4,0.0,4,7,19,4,1,25,0.442623,0/2,0.0,8,24,13,3,6
2023021182,2024-04-01,regular,PIT,NYR,5,2,20,0.428571,0/3,0.0,10,15,17,1,7,30,0.571429,0/3,0.0,10,20,12,11,6
2023021183,2024-04-01,regular,NYI,PHI,4,3,27,0.528302,0/2,0.0,4,36,26,11,6,34,0.471698,0/2,0.0,4,27,21,8,8
2023021184,2024-04-01,regular,DET,TBL,4,2,32,0.507937,0/3,0.0,6,29,19,1,1,36,0.492063,1/3,0.333333,6,36,14,3,1
2023021185,2024-04-01,regular,FLA,TOR,4,6,30,0.491525,0/4,0.0,6,49,6,9,9,23,0.508475,0/3,0.0,8,43,14,13,6
2023021186,2024-04-01,regular,EDM,STL,2,3,38,0.438596,0/2,0.0,15,15,9,4,20,29,0.561404,1/4,0.25,11,29,15,8,12
2023021187,2024-04-01,regular,LAK,WPG,3,4,28,0.384615,0/0,0.0,2,32,13,5,6,32,0.615385,0/1,0.0,0,39,17,12,5
2023021188,2024-04-01,regular,SEA,SJS,4,2,32,0.425926,0/2,0.0,4,10,18,6,5,26,0.574074,1/2,0.5,4,26,13,8,6
2023021189,2024-04-02,regular,WSH,BUF,2,6,26,0.561404,1/3,0.333333,4,24,18,2,6,35,0.438596,2/2,1.0,6,23,17,5,6
2023021190,2024-04-02,regular,FLA,MTL,3,5,40,0.636364,0/5,0.0,40,17,16,7,3,38,0.363636,1/7,0.142857,26,20,18,6,1
2023021191,2024-04-02,regular,PIT,NJD,6,3,21,0.517241,1/3,0.333333,8,16,17,4,3,26,0.482759,1/4,0.25,6,13,18,8,6
2023021192,2024-04-02,regular,CHI,NYI,1,2,19,0.382979,0/1,0.0,9,12,14,7,4,29,0.617021,1/2,0.5,7,11,12,4,4
2023021193,2024-04-02,regular,OTT,MIN,2,3,32,0.716981,2/3,0.666667,10,11,7,3,3,19,0.283019,0/4,0.0,8,10,19,9,5
2023021194,2024-04-02,regular,BOS,NSH,3,0,32,0.339623,0/2,0.0,8,10,20,10,9,31,0.660377,0/4,0.0,4,23,9,7,8
2023021195,2024-04-02,regular,ANA,CGY,5,3,29,0.41791,1/1,1.0,4,17,13,10,9,24,0.58209,1/2,0.5,2,28,16,16,10
2023021196,2024-04-02,regular,VAN,VGK,3,6,30,0.566667,1/3,0.333333,21,26,12,4,9,30,0.433333,2/4,0.5,8,22,23,6,5
2023021197,2024-04-03,regular,TBL,TOR,4,1,25,0.453125,0/3,0.0,15,38,18,15,2,29,0.546875,1/4,0.25,13,35,13,12,5
2023021198,2024-04-03,regular,NJD,NYR,3,4,20,0.557377,0/3,0.0,88,15,12,3,5,41,0.442623,1/3,0.333333,78,16,13,11,6
2023021199,2024-04-03,regular,EDM,DAL,0,5,35,0.464286,0/4,0.0,16,29,7,7,2,32,0.535714,1/3,0.333333,8,19,22,5,8
2023021200,2024-04-03,regular,VAN,ARI,2,1,33,0.590164,1/3,0.333333,11,44,17,3,8,21,0.409836,1/3,0.333333,11,33,9,11,5
2023021201,2024-04-03,regular,SEA,LAK,2,5,23,0.520833,1/4,0.25,28,27,14,1,4,27,0.479167,1/3,0.333333,10,16,17,5,2
2023021202,2024-04-04,regular,BOS,CAR,4,1,28,0.392157,0/4,0.0,11,16,21,9,3,29,0.607843,1/3,0.333333,13,17,11,13,3
2023021203,2024-04-04,regular,NYI,CBJ,4,2,41,0.607143,1/3,0.333333,2,12,16,1,5,27,0.392857,1/1,1.0,6,22,22,4,4
2023021204,2024-04-04,regular,TBL,MTL,7,4,35,0.59375,2/5,0.4,14,21,21,9,4,30,0.40625,0/4,0.0,16,23,15,12,7
2023021205,2024-04-04,regular,FLA,OTT,6,0,31,0.456522,1/2,0.5,14,34,14,8,10,30,0.543478,0/6,0.0,6,26,16,14,7
2023021206,2024-04-04,regular,PIT,WSH,4,1,24,0.555556,0/2,0.0,8,38,18,9,21,31,0.444444,1/4,0.25,4,53,8,12,11
2023021207,2024-04-04,regular,COL,MIN,5,2,36,0.515152,1/2,0.5,8,18,15,9,6,46,0.484848,1/4,0.25,4,11,16,9,7
2023021208,2024-04-04,regular,STL,NSH,3,6,47,0.45,1/6,0.166667,10,28,19,5,4,31,0.55,2/3,0.666667,16,19,19,12,6
2023021209,2024-04-04,regular,CGY,WPG,2,5,33,0.411765,1/2,0.5,21,38,12,6,5,45,0.588235,2/4,0.5,4,24,14,11,4
2023021210,2024-04-04,regular,LAK,SJS,2,1,27,0.510204,0/4,0.0,13,10,9,5,7,16,0.489796,0/3,0.0,15,22,13,9,11
2023021211,2024-04-05,regular,PHI,BUF,2,4,34,0.693878,0/2,0.0,2,45,16,9,9,19,0.306122,0/0,0.0,6,36,16,2,4
2023021212,2024-04-05,regular,WSH,CAR,2,4,16,0.403226,0/3,0.0,8,21,19,1,5,45,0.596774,2/4,0.5,6,16,7,2,9
2023021213,2024-04-05,regular,NYR,DET,4,3,38,0.424242,1/3,0.333333,8,18,13,7,4,34,0.575758,1/3,0.333333,8,23,15,8,9
2023021214,2024-04-05,regular,COL,EDM,2,6,24,0.338983,0/3,0.0,10,34,8,12,7,47,0.661017,0/5,0.0,6,18,11,15,13
2023021215,2024-04-05,regular,SEA,ANA,3,1,27,0.531915,1/5,0.2,4,32,14,11,5,17,0.468085,0/1,0.0,12,43,14,10,5
2023021216,2024-04-05,regular,VGK,ARI,4,7,24,0.476923,0/4,0.0,4,36,20,6,6,32,0.523077,0/2,0.0,8,42,16,9,9
2023021217,2024-04-06,regular,TBL,PIT,4,5,34,0.423729,2/4,0.5,4,26,21,4,5,28,0.576271,0/2,0.0,8,24,25,4,8
2023021218,2024-04-06,regular,FLA,BOS,2,3,30,0.403226,0/3,0.0,14,41,12,4,3,29,0.596774,1/5,0.2,10,37,22,12,8
2023021219,2024-04-06,regular,WPG,MIN,4,2,25,0.574468,0/2,0.0,8,12,15,7,2,27,0.425532,1/4,0.25,4,14,13,8,3
2023021220,2024-04-06,regular,DAL,CHI,2,3,44,0.583333,0/3,0.0,6,11,13,5,6,17,0.416667,1/2,0.5,8,19,27,7,12
2023021221,2024-04-06,regular,STL,SJS,2,3,36,0.436364,1/6,0.166667,30,15,7,8,6,25,0.563636,2/5,0.4,42,10,8,8,10
2023021222,2024-04-06,regular,PHI,CBJ,2,6,39,0.5,0/2,0.0,6,13,19,8,2,33,0.5,1/3,0.333333,4,10,15,7,8
2023021223,2024-04-06,regular,TOR,MTL,4,2,30,0.491228,0/1,0.0,9,24,21,13,2,26,0.508772,1/1,1.0,9,36,15,10,3
2023021224,2024-04-06,regular,NJD,OTT,4,3,27,0.566667,0/2,0.0,15,19,21,12,9,28,0.433333,2/3,0.666667,11,42,22,14,9
2023021225,2024-04-06,regular,NSH,NYI,0,2,42,0.409091,0/3,0.0,2,17,8,3,7,30,0.590909,0/1,0.0,6,33,33,15,3
2023021226,2024-04-06,regular,EDM,CGY,4,2,27,0.553846,2/6,0.333333,14,13,17,7,12,35,0.446154,2/6,0.333333,14,17,16,9,12
2023021227,2024-04-06,regular,VAN,LAK,3,6,42,0.481481,0/3,0.0,18,33,5,4,3,29,0.518519,2/4,0.5,6,17,22,2,3
2023021228,2024-04-07,regular,BUF,DET,1,3,38,0.5,1/2,0.5,18,29,9,2,6,24,0.5,1/2,0.5,18,28,27,6,7
2023021229,2024-04-07,regular,MIN,CHI,4,0,37,0.32,1/2,0.5,0,10,14,2,6,24,0.68,0/0,0.0,4,14,11,10,5
2023021230,2024-04-07,regular,CBJ,CAR,0,3,23,0.345455,0/1,0.0,8,18,16,6,12,35,0.654545,1/4,0.25,2,5,10,8,7
2023021231,2024-04-07,regular,ARI,SJS,5,2,28,0.469388,1/3,0.333333,14,14,12,11,5,27,0.530612,1/6,0.166667,18,12,13,8,9
2023021232,2024-04-07,regular,OTT,WSH,3,2,21,0.618182,0/2,0.0,8,39,12,4,9,22,0.381818,0/3,0.0,6,23,21,6,15
2023021233,2024-04-07,regular,NSH,NJD,3,2,35,0.555556,1/4,0.25,4,17,9,5,17,25,0.444444,0/2,0.0,8,13,16,12,17
2023021234,2024-04-07,regular,MTL,NYR,2,5,28,0.418182,0/1,0.0,6,23,16,9,2,46,0.581818,2/3,0.666667,2,23,8,6,7
2023021235,2024-04-07,regular,STL,ANA,6,5,31,0.534483,2/3,0.666667,6,16,13,5,4,38,0.465517,1/2,0.5,8,21,12,6,2
2023021236,2024-04-07,regular,DAL,COL,7,4,37,0.583333,3/3,1.0,4,14,27,5,8,38,0.416667,1/2,0.5,6,37,17,8,18
2023021237,2024-04-08,regular,PIT,TOR,2,3,33,0.491228,0/5,0.0,4,31,20,8,6,23,0.508772,1/2,0.5,10,30,13,11,9
2023021238,2024-04-08,regular,VGK,VAN,3,4,23,0.519231,2/4,0.5,6,24,14,3,5,30,0.480769,2/3,0.666667,8,35,17,5,9
2023021239,2024-04-09,regular,CAR,BOS,4,1,26,0.5,0/2,0.0,8,33,10,5,4,23,0.5,0/3,0.0,6,40,10,18,6
2023021240,2024-04-09,regular,WSH,DET,2,1,23,0.48,0/1,0.0,4,23,26,5,4,43,0.52,0/2,0.0,2,22,18,8,4
2023021241,2024-04-09,regular,OTT,FLA,0,2,26,0.521739,0/3,0.0,20,44,23,7,9,30,0.478261,1/5,0.2,16,31,12,9,13
2023021242,2024-04-09,regular,PHI,MTL,3,9,36,0.539683,0/2,0.0,2,24,25,12,3,30,0.460317,0/0,0.0,6,16,17,9,9
2023021243,2024-04-09,regular,TOR,NJD,5,2,39,0.46,0/3,0.0,4,12,11,4,8,20,0.54,1/2,0.5,6,6,19,8,9
2023021244,2024-04-09,regular,NYR,NYI,2,4,33,0.5,2/3,0.666667,14,22,7,6,6,28,0.5,0/2,0.0,6,18,34,6,2
2023021245,2024-04-09,regular,CBJ,TBL,2,5,32,0.45,1/2,0.5,4,29,14,3,7,33,0.55,1/2,0.5,4,39,15,6,4
2023021246,2024-04-09,regular,BUF,DAL,2,3,21,0.452055,0/3,0.0,4,24,8,7,4,24,0.547945,0/2,0.0,16,23,20,7,8
2023021247,2024-04-09,regular,WPG,NSH,4,3,22,0.473684,1/3,0.333333,13,17,17,10,6,48,0.526316,0/4,0.0,11,28,13,6,12
2023021248,2024-04-09,regular,MIN,COL,2,5,22,0.527273,2/5,0.4,8,8,11,2,8,32,0.472727,1/4,0.25,10,14,15,0,12
2023021249,2024-04-09,regular,LAK,ANA,1,3,37,0.734694,0/2,0.0,6,21,12,6,3,27,0.265306,0/3,0.0,4,30,14,8,5
2023021250,2024-04-09,regular,ARI,SEA,0,5,39,0.42623,0/1,0.0,8,30,17,2,18,25,0.57377,1/3,0.333333,4,26,18,7,15
2023021251,2024-04-09,regular,CGY,SJS,3,2,41,0.482143,2/3,0.666667,8,20,9,10,9,22,0.517857,0/4,0.0,6,21,26,4,14
2023021252,2024-04-10,regular,CHI,STL,2,5,20,0.466667,0/2,0.0,10,28,16,2,12,26,0.533333,0/3,0.0,8,18,10,11,13
2023021253,2024-04-10,regular,VGK,EDM,1,5,18,0.490566,0/0,0.0,6,35,13,16,8,25,0.509434,1/3,0.333333,0,24,18,8,10
2023021254,2024-04-10,regular,ARI,VAN,4,3,18,0.344828,0/5,0.0,8,19,20,3,4,26,0.655172,1/4,0.25,10,31,7,3,10
2023021255,2024-04-11,regular,WSH,BUF,2,4,24,0.704545,0/0,0.0,12,37,16,2,2,17,0.295455,0/1,0.0,12,25,13,4,8
2023021256,2024-04-11,regular,CBJ,FLA,0,4,25,0.565217,0/1,0.0,4,39,18,20,10,46,0.434783,0/2,0.0,2,16,8,19,9
2023021257,2024-04-11,regular,PHI,NYR,4,1,26,0.42,0/4,0.0,12,18,19,1,6,25,0.58,1/4,0.25,12,17,8,6,5
2023021258,2024-04-11,regular,DET,PIT,5,6,30,0.550725,0/3,0.0,6,22,19,3,8,27,0.449275,0/2,0.0,8,16,13,5,17
2023021259,2024-04-11,regular,OTT,TBL,3,2,27,0.403226,0/4,0.0,12,40,13,2,5,26,0.596774,0/5,0.0,20,27,20,5,15
2023021260,2024-04-11,regular,NJD,TOR,6,5,20,0.482759,3/4,0.75,11,36,18,13,6,32,0.517241,0/3,0.0,23,34,17,12,8
2023021261,2024-04-11,regular,MTL,NYI,2,3,14,0.458333,0/0,0.0,13,23,21,6,5,31,0.541667,0/4,0.0,5,25,10,13,9
2023021262,2024-04-11,regular,WPG,DAL,3,0,24,0.387755,0/2,0.0,4,32,18,6,7,24,0.612245,0/2,0.0,4,31,6,11,3
2023021263,2024-04-11,regular,SJS,SEA,3,1,23,0.540984,0/2,0.0,6,37,28,0,9,50,0.459016,0/3,0.0,4,20,6,1,10
2023021264,2024-04-11,regular,CGY,LAK,1,4,23,0.490196,0/1,0.0,12,15,14,2,2,30,0.509804,1/4,0.25,6,12,15,7,4
2023021265,2024-04-12,regular,CAR,STL,5,2,42,0.490909,0/3,0.0,6,9,14,3,10,31,0.509091,1/3,0.333333,6,19,18,4,13
2023021266,2024-04-12,regular,NSH,CHI,5,1,40,0.6,3/3,1.0,10,12,12,7,6,26,0.4,1/4,0.25,8,22,12,17,2
2023021267,2024-04-12,regular,ARI,EDM,3,2,28,0.345455,0/2,0.0,2,19,18,4,7,41,0.654545,0/1,0.0,4,37,12,9,9
2023021268,2024-04-12,regular,CGY,ANA,6,3,27,0.509091,2/5,0.4,6,23,13,9,6,22,0.490909,0/2,0.0,12,21,24,12,5
2023021269,2024-04-12,regular,MIN,VGK,2,7,27,0.477273,1/3,0.333333,8,21,14,1,6,30,0.522727,2/4,0.5,6,14,18,3,6
2023021270,2024-04-13,regular,NYI,NYR,2,3,36,0.448276,0/5,0.0,2,25,25,8,2,43,0.551724,0/1,0.0,10,24,14,8,9
2023021271,2024-04-13,regular,SEA,DAL,1,3,27,0.444444,0/3,0.0,6,25,14,7,5,30,0.555556,1/3,0.333333,6,16,14,6,10
2023021272,2024-04-13,regular,WPG,COL,7,0,26,0.288462,2/3,0.666667,2,15,17,1,11,30,0.711538,0/1,0.0,6,28,14,7,11
2023021273,2024-04-13,regular,BUF,FLA,2,3,29,0.362069,1/2,0.5,19,17,25,13,10,42,0.637931,0/3,0.0,4,26,6,13,9
2023021274,2024-04-13,regular,NJD,PHI,0,1,20,0.52381,0/1,0.0,6,23,9,6,2,21,0.47619,0/3,0.0,2,30,22,9,10
2023021275,2024-04-13,regular,TBL,WSH,2,4,34,0.5,0/1,0.0,11,25,15,3,11,34,0.5,1/3,0.333333,7,57,14,7,13
2023021276,2024-04-13,regular,MTL,OTT,4,5,25,0.5,1/3,0.333333,12,25,16,17,7,44,0.5,3/6,0.5,6,35,19,17,12
2023021277,2024-04-13,regular,DET,TOR,5,4,32,0.588235,2/3,0.666667,8,41,20,9,4,36,0.411765,2/4,0.5,6,35,11,5,12
2023021278,2024-04-13,regular,CBJ,NSH,4,6,37,0.514286,0/1,0.0,11,23,4,9,10,37,0.485714,2/3,0.666667,7,16,19,21,16
2023021279,2024-04-13,regular,BOS,PIT,6,4,31,0.53125,0/3,0.0,4,29,21,8,11,32,0.46875,1/2,0.5,6,17,15,6,15
2023021280,2024-04-13,regular,VAN,EDM,3,1,27,0.535714,0/2,0.0,4,47,21,6,4,33,0.464286,0/2,0.0,4,36,8,5,6
2023021281,2024-04-13,regular,ANA,LAK,1,3,29,0.317073,0/2,0.0,10,20,12,4,0,28,0.682927,1/4,0.25,6,18,2,2,4
2023021282,2024-04-13,regular,MIN,SJS,6,2,38,0.476923,1/2,0.5,6,5,19,13,8,29,0.523077,0/3,0.0,4,19,10,5,9
2023021283,2024-04-14,regular,SEA,STL,1,4,20,0.42,0/3,0.0,2,11,16,6,15,28,0.58,0/1,0.0,6,20,18,13,11
2023021284,2024-04-14,regular,COL,VGK,3,4,24,0.316667,0/1,0.0,8,23,17,5,14,30,0.683333,2/3,0.666667,4,29,10,12,10
2023021285,2024-04-14,regular,CAR,CHI,4,2,34,0.433962,2/3,0.666667,6,9,7,3,4,16,0.566038,0/3,0.0,6,17,19,17,6
2023021286,2024-04-14,regular,ARI,CGY,5,6,35,0.393939,1/3,0.333333,11,12,11,6,11,31,0.606061,1/3,0.333333,11,27,17,17,3
2023021287,2024-04-15,regular,MTL,DET,4,5,21,0.519231,0/0,0.0,2,32,33,3,4,35,0.480769,0/1,0.0,0,28,11,6,5
2023021288,2024-04-15,regular,NYI,NJD,4,1,19,0.48,1/1,1.0,6,21,21,2,8,24,0.52,0/3,0.0,2,11,10,4,6
2023021289,2024-04-15,regular,NSH,PIT,2,4,30,0.4,0/1,0.0,20,26,20,4,4,38,0.6,1/4,0.25,4,11,18,5,7
2023021290,2024-04-15,regular,BUF,TBL,4,2,34,0.459016,0/2,0.0,4,13,12,1,7,33,0.540984,0/2,0.0,4,18,11,9,13
2023021291,2024-04-15,regular,BOS,WSH,0,2,16,0.555556,0/0,0.0,2,50,11,6,14,25,0.444444,0/1,0.0,0,41,14,6,19
2023021292,2024-04-15,regular,OTT,NYR,0,4,25,0.530612,0/2,0.0,6,21,15,2,6,34,0.469388,0/3,0.0,4,15,18,13,9
2023021293,2024-04-15,regular,SJS,EDM,2,9,21,0.415094,0/1,0.0,0,40,18,14,6,38,0.584906,0/0,0.0,2,20,8,22,8
2023021294,2024-04-15,regular,MIN,LAK,3,1,28,0.56,1/3,0.333333,8,11,16,2,4,24,0.44,0/4,0.0,6,18,14,7,3
2023021295,2024-04-16,regular,OTT,BOS,3,1,20,0.348837,0/2,0.0,6,31,17,14,10,35,0.651163,1/2,0.5,6,33,8,11,6
2023021296,2024-04-16,regular,CAR,CBJ,3,6,41,0.5,1/5,0.2,4,10,10,4,3,25,0.5,0/2,0.0,10,11,15,4,7
2023021297,2024-04-16,regular,TOR,FLA,2,5,26,0.4375,1/5,0.2,16,38,17,11,6,42,0.5625,0/6,0.0,14,43,13,12,6
2023021298,2024-04-16,regular,DET,MTL,5,4,40,0.45098,0/0,0.0,6,21,11,15,5,33,0.54902,0/3,0.0,0,16,15,18,11
2023021299,2024-04-16,regular,WSH,PHI,2,1,18,0.517241,0/0,0.0,2,27,32,8,5,28,0.482759,0/1,0.0,0,40,26,7,9
2023021300,2024-04-16,regular,SEA,WPG,3,4,23,0.4,0/1,0.0,8,34,7,7,2,24,0.6,1/4,0.25,2,24,13,6,5
2023021301,2024-04-16,regular,CHI,VGK,1,3,23,0.298246,0/1,0.0,2,25,18,11,13,37,0.701754,0/1,0.0,2,20,12,9,17
2023021302,2024-04-16,regular,CGY,VAN,1,4,40,0.526316,0/2,0.0,20,20,10,3,2,31,0.473684,0/2,0.0,20,29,16,3,3
2023021303,2024-04-17,regular,PIT,NYI,4,5,44,0.591549,2/2,1.0,6,13,12,14,5,32,0.408451,2/3,0.666667,4,8,26,10,11
2023021304,2024-04-17,regular,TOR,TBL,4,6,38,0.45098,0/3,0.0,10,33,16,4,6,32,0.54902,1/4,0.25,8,39,17,3,6
2023021305,2024-04-17,regular,STL,DAL,1,2,26,0.387755,0/1,0.0,6,28,15,9,7,37,0.612245,0/3,0.0,2,11,10,10,8
2023021306,2024-04-17,regular,EDM,ARI,2,5,30,0.616667,0/2,0.0,4,17,8,8,10,24,0.383333,1/2,0.5,4,20,16,5,5
2023021307,2024-04-18,regular,SEA,MIN,4,3,27,0.588235,1/3,0.333333,8,11,15,3,5,24,0.411765,2/4,0.5,6,10,16,6,6
2023021308,2024-04-18,regular,VAN,WPG,2,4,20,0.5,1/3,0.333333,10,31,11,5,5,26,0.5,0/4,0.0,8,23,19,6,7
2023021309,2024-04-18,regular,SJS,CGY,1,5,17,0.581395,1/2,0.5,9,12,16,3,15,37,0.418605,0/1,0.0,11,18,14,11,13
2023021310,2024-04-18,regular,EDM,COL,1,5,26,0.672727,1/2,0.5,8,20,16,4,10,27,0.327273,1/4,0.25,4,10,12,7,9
2023021311,2024-04-18,regular,ANA,VGK,4,1,23,0.377778,1/1,1.0,6,18,20,5,14,33,0.622222,1/3,0.333333,2,22,15,8,10
2023021312,2024-04-18,regular,CHI,LAK,4,5,13,0.361702,1/1,1.0,8,22,13,7,10,35,0.638298,2/4,0.5,2,14,7,8,4
2023030111,2024-04-21,playoffs,TBL,FLA,2,3,19,0.461538,1/2,0.5,6,60,21,7,2,28,0.538462,1/3,0.333333,4,56,12,16,16
2023030112,2024-04-23,playoffs,TBL,FLA,2,3,23,0.434783,1/6,0.166667,8,44,16,15,2,37,0.565217,1/4,0.25,12,51,15,13,9
2023030113,2024-04-25,playoffs,FLA,TBL,5,3,31,0.440678,0/0,0.0,10,54,17,4,8,29,0.559322,0/4,0.0,2,69,15,14,7
2023030114,2024-04-27,playoffs,FLA,TBL,3,6,25,0.457627,1/2,0.5,16,57,17,4,7,32,0.542373,2/5,0.4,8,61,19,10,6
2023030115,2024-04-29,playoffs,TBL,FLA,1,6,32,0.45614,0/3,0.0,10,47,11,12,8,39,0.54386,0/4,0.0,8,44,20,19,10
2023030121,2024-04-20,playoffs,TOR,BOS,1,5,36,0.425926,0/3,0.0,12,52,14,12,6,25,0.574074,2/5,0.4,8,51,13,9,9
2023030122,2024-04-22,playoffs,TOR,BOS,3,2,34,0.545455,1/3,0.333333,10,45,11,10,9,29,0.454545,1/2,0.5,10,52,18,6,7
2023030123,2024-04-24,playoffs,BOS,TOR,4,2,34,0.446429,2/3,0.666667,10,63,24,15,4,30,0.553571,0/5,0.0,6,74,18,14,8
2023030124,2024-04-27,playoffs,BOS,TOR,3,1,22,0.392857,1/3,0.333333,8,23,27,3,7,25,0.607143,0/3,0.0,8,49,6,6,9
2023030125,2024-04-30,playoffs,TOR,BOS,2,1,33,0.622642,0/3,0.0,6,38,8,11,5,28,0.377358,0/1,0.0,10,43,19,9,3
2023030126,2024-05-02,playoffs,BOS,TOR,1,2,23,0.37037,0/1,0.0,6,55,14,17,4,26,0.62963,0/3,0.0,2,46,27,15,6
2023030127,2024-05-04,playoffs,TOR,BOS,1,2,31,0.552632,0/1,0.0,4,42,23,1,3,32,0.447368,0/2,0.0,2,48,20,12,5
2023030131,2024-04-21,playoffs,WSH,NYR,1,4,21,0.451613,0/4,0.0,26,21,17,3,3,31,0.548387,0/2,0.0,20,33,21,4,5
2023030132,2024-04-23,playoffs,WSH,NYR,3,4,25,0.415094,2/5,0.4,12,29,19,4,4,28,0.584906,2/6,0.333333,10,34,20,6,6
2023030133,2024-04-26,playoffs,NYR,WSH,3,1,22,0.588235,1/4,0.25,14,38,21,12,12,30,0.411765,0/6,0.0,10,48,16,9,8
2023030134,2024-04-28,playoffs,NYR,WSH,4,2,23,0.5,3/4,0.75,4,36,22,9,7,25,0.5,0/2,0.0,8,46,15,17,8
2023030141,2024-04-20,playoffs,NYI,CAR,1,3,34,0.413793,0/2,0.0,6,19,21,5,7,26,0.586207,1/3,0.333333,4,27,13,8,10
2023030142,2024-04-22,playoffs,NYI,CAR,3,5,12,0.405797,1/1,1.0,83,33,36,2,5,39,0.594203,1/5,0.2,43,27,8,11,6
2023030143,2024-04-25,playoffs,CAR,NYI,3,2,22,0.395833,0/2,0.0,4,22,15,9,5,31,0.604167,0/2,0.0,4,33,21,18,8
2023030144,2024-04-27,playoffs,CAR,NYI,2,3,44,0.323944,2/4,0.5,8,26,18,16,6,35,0.676056,1/2,0.5,12,40,22,22,1
2023030145,2024-04-30,playoffs,NYI,CAR,3,6,24,0.405797,1/4,0.25,2,14,17,13,6,38,0.594203,1/1,1.0,8,25,16,13,7
2023030151,2024-04-22,playoffs,VGK,DAL,4,3,15,0.45,2/2,1.0,4,55,20,2,10,29,0.55,0/2,0.0,4,31,15,9,15
2023030152,2024-04-24,playoffs,VGK,DAL,3,1,26,0.485714,0/1,0.0,6,55,15,6,2,21,0.514286,1/1,1.0,6,54,18,9,4
2023030153,2024-04-27,playoffs,DAL,VGK,3,2,46,0.506494,0/2,0.0,4,23,27,6,11,34,0.493506,0/1,0.0,6,47,32,10,9
2023030154,2024-04-29,playoffs,DAL,VGK,4,2,32,0.529412,1/3,0.333333,4,17,24,2,7,34,0.470588,0/2,0.0,6,41,14,11,4
2023030155,2024-05-01,playoffs,VGK,DAL,2,3,27,0.446809,1/3,0.333333,8,42,20,2,4,25,0.553191,2/4,0.5,6,26,15,6,9
2023030156,2024-05-03,playoffs,DAL,VGK,0,2,23,0.461538,0/1,0.0,4,23,21,5,5,30,0.538462,0/2,0.0,2,34,15,7,9
2023030157,2024-05-05,playoffs,VGK,DAL,1,2,23,0.509434,0/1,0.0,2,34,18,4,5,24,0.490566,0/1,0.0,2,48,24,5,9
2023030161,2024-04-21,playoffs,COL,WPG,6,7,46,0.448276,2/2,1.0,6,55,10,6,5,23,0.551724,1/2,0.5,6,46,25,6,3
2023030162,2024-04-23,playoffs,COL,WPG,5,2,32,0.480769,0/3,0.0,10,45,16,7,4,30,0.519231,0/3,0.0,10,44,20,3,2
2023030163,2024-04-26,playoffs,WPG,COL,2,6,24,0.606557,1/2,0.5,23,40,19,2,11,40,0.393443,2/6,0.333333,15,34,15,10,8
2023030164,2024-04-28,playoffs,WPG,COL,1,5,27,0.5,0/4,0.0,8,33,14,4,4,35,0.5,2/4,0.5,8,32,19,13,9
2023030165,2024-04-30,playoffs,COL,WPG,6,3,32,0.402985,0/1,0.0,4,27,23,8,2,36,0.597015,1/2,0.5,2,41,19,10,5
2023030171,2024-04-21,playoffs,NSH,VAN,2,4,24,0.4375,1/4,0.25,4,34,14,6,5,21,0.5625,0/2,0.0,8,41,11,3,3
2023030172,2024-04-23,playoffs,NSH,VAN,4,1,16,0.42,0/4,0.0,8,31,30,3,5,18,0.58,0/4,0.0,8,47,8,7,3
2023030173,2024-04-26,playoffs,VAN,NSH,2,1,12,0.366667,2/3,0.666667,14,25,28,3,6,30,0.633333,0/5,0.0,10,32,11,9,5
2023030174,2024-04-28,playoffs,VAN,NSH,4,3,21,0.555556,0/2,0.0,6,35,12,6,5,30,0.444444,0/2,0.0,6,33,10,8,11
2023030175,2024-04-30,playoffs,NSH,VAN,2,1,22,0.614035,1/4,0.25,4,37,15,4,4,20,0.385965,0/2,0.0,8,38,19,5,7
2023030176,2024-05-03,playoffs,VAN,NSH,1,0,29,0.559322,0/0,0.0,8,27,16,8,9,28,0.440678,0/3,0.0,2,25,24,7,9
2023030181,2024-04-22,playoffs,LAK,EDM,4,7,37,0.444444,0/2,0.0,8,65,16,7,7,45,0.555556,3/4,0.75,4,45,23,5,12
2023030182,2024-04-24,playoffs,LAK,EDM,5,4,26,0.491803,0/3,0.0,6,55,20,13,11,31,0.508197,1/3,0.333333,6,58,23,8,13
2023030183,2024-04-26,playoffs,EDM,LAK,6,1,40,0.508197,3/7,0.428571,45,23,18,5,4,28,0.491803,0/5,0.0,47,36,11,6,4
2023030184,2024-04-28,playoffs,EDM,LAK,1,0,13,0.541667,1/1,1.0,2,27,19,6,5,33,0.458333,0/1,0.0,2,44,17,3,2
2023030185,2024-05-01,playoffs,LAK,EDM,3,4,21,0.586207,0/1,0.0,12,48,12,4,2,26,0.413793,1/5,0.2,4,26,22,9,13
2023030211,2024-05-06,playoffs,BOS,FLA,5,1,29,0.413333,0/2,0.0,18,56,26,13,7,39,0.586667,0/3,0.0,24,46,11,11,14
2023030212,2024-05-08,playoffs,BOS,FLA,1,6,15,0.518519,0/3,0.0,77,60,20,14,5,33,0.481481,1/6,0.166667,71,65,12,14,6
2023030213,2024-05-10,playoffs,FLA,BOS,6,2,33,0.52381,4/6,0.666667,4,42,15,8,4,17,0.47619,0/2,0.0,12,45,16,6,5
2023030214,2024-05-12,playoffs,FLA,BOS,3,2,41,0.508475,1/6,0.166667,8,41,10,9,6,18,0.491525,1/4,0.25,12,46,16,13,3
2023030215,2024-05-14,playoffs,BOS,FLA,2,1,28,0.46875,0/3,0.0,10,40,21,11,3,29,0.53125,0/4,0.0,8,32,11,17,8
2023030216,2024-05-17,playoffs,FLA,BOS,2,1,28,0.384615,0/3,0.0,6,33,23,9,5,23,0.615385,0/2,0.0,8,39,24,16,3
2023030221,2024-05-05,playoffs,CAR,NYR,3,4,25,0.530612,0/5,0.0,8,31,14,9,4,23,0.469388,2/2,1.0,12,31,28,10,6
2023030222,2024-05-07,playoffs,CAR,NYR,3,4,57,0.531915,0/5,0.0,16,29,40,4,3,39,0.468085,2/7,0.285714,12,32,27,7,5
2023030223,2024-05-09,playoffs,NYR,CAR,3,2,25,0.390625,0/4,0.0,16,19,16,8,8,47,0.609375,0/5,0.0,14,31,10,6,9
2023030224,2024-05-11,playoffs,NYR,CAR,3,4,25,0.488889,0/1,0.0,6,24,17,1,10,31,0.511111,1/2,0.5,4,28,15,22,10
2023030225,2024-05-13,playoffs,CAR,NYR,4,1,28,0.333333,0/3,0.0,6,23,19,2,4,21,0.666667,0/3,0.0,6,32,24,8,3
2023030226,2024-05-16,playoffs,NYR,CAR,5,3,24,0.5,1/2,0.5,2,36,13,8,8,36,0.5,1/1,1.0,4,22,17,10,9
2023030231,2024-05-07,playoffs,COL,DAL,4,3,26,0.402985,2/2,1.0,10,46,24,4,5,22,0.597015,1/4,0.25,6,20,23,12,6
2023030232,2024-05-09,playoffs,COL,DAL,3,5,31,0.507246,0/3,0.0,12,24,26,5,6,32,0.492754,2/5,0.4,8,16,16,8,10
2023030233,2024-05-11,playoffs,DAL,COL,4,1,23,0.5,0/1,0.0,10,21,24,5,11,29,0.5,0/3,0.0,8,34,14,12,13
2023030234,2024-05-13,playoffs,DAL,COL,5,1,34,0.492063,1/2,0.5,6,24,27,7,11,25,0.507937,0/2,0.0,6,42,12,9,9
2023030235,2024-05-15,playoffs,COL,DAL,5,3,27,0.452055,2/3,0.666667,8,36,10,6,8,26,0.547945,1/4,0.25,6,22,15,7,10
2023030236,2024-05-17,playoffs,DAL,COL,2,1,38,0.534247,0/1,0.0,2,44,34,10,14,30,0.465753,1/1,1.0,2,59,35,20,14
2023030241,2024-05-08,playoffs,EDM,VAN,4,5,18,0.365385,1/1,1.0,8,33,11,4,9,24,0.634615,0/3,0.0,4,36,12,5,7
2023030242,2024-05-10,playoffs,EDM,VAN,4,3,31,0.477612,1/3,0.333333,10,24,7,7,3,19,0.522388,1/3,0.333333,10,41,19,4,7
2023030243,2024-05-12,playoffs,VAN,EDM,4,3,18,0.575758,2/3,0.666667,12,50,23,5,8,45,0.424242,2/4,0.5,8,30,6,15,6
2023030244,2024-05-14,playoffs,VAN,EDM,2,3,21,0.531915,0/3,0.0,4,45,15,4,3,30,0.468085,1/2,0.5,6,36,18,12,6
2023030245,2024-05-16,playoffs,EDM,VAN,2,3,23,0.428571,0/5,0.0,10,23,18,9,6,35,0.571429,0/4,0.0,12,41,18,10,3
2023030246,2024-05-18,playoffs,VAN,EDM,1,5,15,0.516667,0/4,0.0,28,38,17,10,5,27,0.483333,0/3,0.0,30,49,11,6,6
2023030247,2024-05-20,playoffs,EDM,VAN,3,2,29,0.446429,1/2,0.5,6,20,21,5,6,17,0.553571,0/3,0.0,4,38,8,5,2
2023030311,2024-05-22,playoffs,FLA,NYR,3,0,27,0.516667,0/3,0.0,4,38,19,2,2,24,0.483333,0/2,0.0,6,27,18,12,6
2023030312,2024-05-24,playoffs,FLA,NYR,1,2,27,0.478261,1/2,0.5,12,40,23,4,2,30,0.521739,0/4,0.0,8,51,25,11,3
2023030313,2024-05-26,playoffs,NYR,FLA,5,4,23,0.445783,0/2,0.0,12,32,37,12,5,37,0.554217,2/6,0.333333,4,33,14,10,10
2023030314,2024-05-28,playoffs,NYR,FLA,2,3,23,0.476923,1/3,0.333333,8,47,28,12,10,40,0.523077,2/4,0.5,6,43,8,17,11
2023030315,2024-05-30,playoffs,FLA,NYR,3,2,37,0.396552,0/3,0.0,8,24,17,1,1,27,0.603448,0/3,0.0,8,29,20,12,2
2023030316,2024-06-01,playoffs,NYR,FLA,1,2,24,0.471698,0/1,0.0,2,48,12,15,7,34,0.528302,0/1,0.0,2,40,23,17,12
2023030321,2024-05-23,playoffs,EDM,DAL,3,2,38,0.443038,0/1,0.0,10,34,24,15,8,33,0.556962,0/5,0.0,2,30,25,9,12
2023030322,2024-05-25,playoffs,EDM,DAL,1,3,29,0.509091,0/2,0.0,4,19,9,6,5,25,0.490909,0/1,0.0,4,31,22,5,11
2023030323,2024-05-27,playoffs,DAL,EDM,5,3,22,0.517857,0/1,0.0,6,19,22,14,17,30,0.482143,0/2,0.0,4,42,15,15,7
2023030324,2024-05-29,playoffs,DAL,EDM,2,5,22,0.47541,0/2,0.0,2,21,14,6,8,29,0.52459,0/1,0.0,4,43,16,8,7
2023030325,2024-05-31,playoffs,EDM,DAL,3,1,26,0.490196,2/3,0.666667,4,16,25,4,9,20,0.509804,0/2,0.0,6,24,25,8,8
2023030326,2024-06-02,playoffs,DAL,EDM,1,2,34,0.566038,0/3,0.0,4,31,7,17,9,10,0.433962,2/2,1.0,6,15,19,17,9
2023030411,2024-06-08,playoffs,EDM,FLA,0,3,32,0.403509,0/3,0.0,8,32,15,14,4,18,0.596491,0/2,0.0,10,57,21,10,11
2023030412,2024-06-10,playoffs,EDM,FLA,1,4,19,0.455882,0/4,0.0,45,30,19,17,4,29,0.544118,1/6,0.166667,12,37,19,16,14
2023030413,2024-06-13,playoffs,FLA,EDM,4,3,23,0.52459,0/1,0.0,10,33,13,4,10,35,0.47541,0/3,0.0,6,37,11,10,10
2023030414,2024-06-15,playoffs,FLA,EDM,1,8,33,0.467742,0/4,0.0,12,49,16,10,8,35,0.532258,1/6,0.166667,8,29,23,19,14
2023030415,2024-06-18,playoffs,EDM,FLA,5,3,24,0.403226,2/5,0.4,8,16,24,18,5,32,0.596774,0/3,0.0,12,44,12,16,6
2023030416,2024-06-21,playoffs,FLA,EDM,1,5,21,0.473684,0/3,0.0,16,44,11,11,5,21,0.526316,0/2,0.0,18,21,22,13,18
2023030417,2024-06-24,playoffs,EDM,FLA,1,2,24,0.525424,0/1,0.0,4,21,13,9,7,21,0.474576,0/2,0.0,2,32,17,13,12
