game_id,date,gameType,away_team,home_team,away_score,home_score,away_sog,away_faceoffWinningPctg,away_powerPlay,away_powerPlayPctg,away_pim,away_hits,away_blockedShots,away_giveaways,away_takeaways,home_sog,home_faceoffWinningPctg,home_powerPlay,home_powerPlayPctg,home_pim,home_hits,home_blockedShots,home_giveaways,home_takeaways
2025020001,2025-10-07,regular,CHI,FLA,2,3,19,0.414286,0/3,0.0,9,27,16,19,4,37,0.585714,1/2,0.5,11,28,15,17,3
2025020002,2025-10-07,regular,PIT,NYR,3,0,31,0.525,0/1,0.0,4,22,20,19,1,25,0.475,0/2,0.0,2,34,17,17,4
2025020003,2025-10-07,regular,COL,LAK,4,1,23,0.45,1/6,0.166667,13,25,21,17,2,25,0.55,1/4,0.25,17,33,14,19,7
2025020004,2025-10-08,regular,MTL,TOR,2,5,31,0.40678,0/2,0.0,4,27,13,13,3,27,0.59322,0/2,0.0,4,35,17,12,2
2025020005,2025-10-08,regular,BOS,WSH,3,1,22,0.5,1/2,0.5,10,33,23,20,3,36,0.5,0/5,0.0,4,35,11,15,3
2025020006,2025-10-08,regular,CGY,EDM,4,3,22,0.517241,1/4,0.25,18,35,17,22,4,35,0.482759,2/4,0.5,8,23,18,18,3
2025020007,2025-10-08,regular,LAK,VGK,6,5,26,0.37931,1/1,1.0,13,37,18,21,3,35,0.62069,2/6,0.333333,6,36,14,17,8
2025020008,2025-10-09,regular,CHI,BOS,3,4,24,0.415385,0/3,0.0,14,15,6,15,7,33,0.584615,1/5,0.2,10,25,16,17,5
2025020009,2025-10-09,regular,NYR,BUF,4,0,33,0.65,0/3,0.0,10,28,16,14,5,37,0.35,0/4,0.0,8,24,12,17,3
2025020010,2025-10-09,regular,MTL,DET,5,1,17,0.425,1/3,0.333333,8,25,14,14,3,31,0.575,1/4,0.25,6,34,13,18,4
2025020011,2025-10-09,regular,OTT,TBL,5,4,34,0.545455,1/4,0.25,20,37,10,13,2,25,0.454545,2/3,0.666667,22,40,18,16,4
2025020012,2025-10-09,regular,PHI,FLA,1,2,20,0.61194,0/2,0.0,10,17,10,23,4,34,0.38806,1/5,0.2,4,27,5,13,2
2025020013,2025-10-09,regular,NYI,PIT,3,4,37,0.58209,0/3,0.0,25,22,13,16,4,28,0.41791,2/5,0.4,8,23,12,22,6
2025020014,2025-10-09,regular,NJD,CAR,3,6,22,0.46875,0/2,0.0,8,25,19,28,4,33,0.53125,1/4,0.25,4,27,13,20,6
2025020015,2025-10-09,regular,MIN,STL,5,0,21,0.537037,1/3,0.333333,4,19,16,9,3,26,0.462963,0/2,0.0,6,40,17,14,5
2025020016,2025-10-09,regular,CBJ,NSH,1,2,39,0.483871,0/1,0.0,10,28,15,18,5,32,0.516129,1/4,0.25,4,22,19,18,8
2025020017,2025-10-09,regular,DAL,WPG,5,4,37,0.52459,1/5,0.2,12,21,18,9,2,25,0.47541,0/4,0.0,14,33,8,22,9
2025020018,2025-10-09,regular,UTA,COL,1,2,33,0.305556,1/3,0.333333,8,19,21,36,0,27,0.694444,1/4,0.25,6,20,13,23,4
2025020019,2025-10-09,regular,CGY,VAN,1,5,18,0.563636,0/4,0.0,10,35,7,16,3,26,0.436364,0/4,0.0,10,27,18,17,5
2025020020,2025-10-09,regular,VGK,SJS,4,3,31,0.569231,1/4,0.25,8,22,17,17,1,23,0.430769,1/4,0.25,8,22,14,24,5
2025020021,2025-10-09,regular,ANA,SEA,1,3,36,0.453125,0/1,0.0,4,24,7,12,2,31,0.546875,0/2,0.0,2,29,26,24,7
2025020022,2025-10-11,regular,LAK,WPG,2,3,32,0.516129,0/5,0.0,13,23,11,19,8,27,0.483871,1/4,0.25,15,26,28,18,5
2025020023,2025-10-11,regular,STL,CGY,4,2,28,0.590164,1/4,0.25,17,29,17,13,8,29,0.409836,1/6,0.166667,13,22,21,11,7
2025020024,2025-10-11,regular,BUF,BOS,1,3,22,0.464286,0/4,0.0,8,32,16,18,1,31,0.535714,0/4,0.0,8,25,17,15,2
2025020025,2025-10-11,regular,TOR,DET,3,6,23,0.480769,0/2,0.0,10,22,16,14,2,35,0.519231,1/4,0.25,6,15,14,13,4
2025020026,2025-10-11,regular,NJD,TBL,5,3,31,0.576271,0/4,0.0,6,27,24,14,6,17,0.423729,0/3,0.0,8,25,17,16,3
2025020027,2025-10-11,regular,OTT,FLA,2,6,28,0.672131,0/2,0.0,10,27,17,22,13,27,0.327869,3/5,0.6,4,28,7,17,5
2025020028,2025-10-11,regular,WSH,NYI,4,2,29,0.47541,0/2,0.0,6,23,20,17,6,36,0.52459,2/3,0.666667,4,33,22,19,3
2025020029,2025-10-11,regular,NYR,PIT,6,1,30,0.48,2/4,0.5,8,30,12,19,8,19,0.52,0/4,0.0,8,14,18,18,6
2025020030,2025-10-11,regular,PHI,CAR,3,4,23,0.463768,1/3,0.333333,10,27,21,17,5,39,0.536232,0/4,0.0,8,24,13,11,2
2025020031,2025-10-11,regular,MTL,CHI,3,2,28,0.615385,2/10,0.2,17,16,8,14,4,22,0.384615,1/4,0.25,39,22,16,15,8
2025020032,2025-10-11,regular,UTA,NSH,3,2,23,0.421053,0/4,0.0,14,21,20,20,6,23,0.578947,0/5,0.0,12,20,12,25,7
2025020033,2025-10-11,regular,CBJ,MIN,7,4,32,0.619718,1/3,0.333333,16,16,16,11,6,52,0.380282,4/8,0.5,6,18,19,14,6
2025020034,2025-10-11,regular,DAL,COL,5,4,22,0.526316,0/2,0.0,15,17,25,22,3,39,0.473684,1/5,0.2,9,19,8,15,4
2025020035,2025-10-11,regular,VAN,EDM,1,3,15,0.444444,0/2,0.0,12,26,14,21,3,37,0.555556,0/5,0.0,6,22,13,15,2
2025020036,2025-10-11,regular,ANA,SJS,7,6,44,0.421053,2/4,0.5,13,24,12,15,3,23,0.578947,2/4,0.5,13,20,18,20,3
2025020037,2025-10-11,regular,VGK,SEA,1,2,27,0.586207,1/3,0.333333,11,22,14,20,3,22,0.413793,1/3,0.333333,11,30,20,17,2
2025020038,2025-10-12,regular,WSH,NYR,1,0,21,0.346939,0/1,0.0,4,26,18,18,3,35,0.653061,0/2,0.0,2,18,15,16,6
2025020039,2025-10-13,regular,COL,BUF,3,1,37,0.564516,0/4,0.0,8,20,21,18,5,28,0.435484,0/3,0.0,10,11,11,20,7
2025020040,2025-10-13,regular,TBL,BOS,4,3,23,0.316667,0/2,0.0,14,21,14,21,9,33,0.683333,0/5,0.0,8,31,12,16,6
2025020041,2025-10-13,regular,NSH,OTT,4,1,26,0.285714,0/6,0.0,10,20,14,12,3,32,0.714286,1/5,0.2,12,29,15,18,3
2025020042,2025-10-13,regular,WPG,NYI,5,2,26,0.568627,1/3,0.333333,10,16,24,13,4,35,0.431373,0/5,0.0,6,14,13,12,3
2025020043,2025-10-13,regular,DET,TOR,3,2,15,0.393443,1/4,0.25,6,18,20,16,11,40,0.606557,0/2,0.0,10,22,10,22,7
2025020044,2025-10-13,regular,FLA,PHI,2,5,26,0.509804,1/5,0.2,10,24,15,17,2,22,0.490196,0/5,0.0,10,8,14,14,4
2025020045,2025-10-13,regular,NJD,CBJ,3,2,28,0.41791,2/2,1.0,10,15,18,19,5,33,0.58209,0/5,0.0,4,18,12,21,3
2025020046,2025-10-13,regular,STL,VAN,5,2,36,0.478261,1/3,0.333333,2,22,17,16,8,29,0.521739,0/1,0.0,6,29,17,24,6
2025020047,2025-10-13,regular,LAK,MIN,3,4,34,0.485714,1/3,0.333333,12,24,10,22,6,26,0.514286,3/6,0.5,6,23,11,20,9
2025020048,2025-10-13,regular,UTA,CHI,1,3,22,0.54717,0/3,0.0,6,16,3,17,1,14,0.45283,1/3,0.333333,6,31,14,16,2
2025020049,2025-10-14,regular,NSH,TOR,4,7,30,0.491525,0/2,0.0,6,18,11,17,4,28,0.508475,0/2,0.0,6,21,20,17,4
2025020050,2025-10-14,regular,SEA,MTL,4,5,22,0.4375,1/4,0.25,6,32,17,14,5,22,0.5625,0/2,0.0,8,25,23,13,3
2025020051,2025-10-14,regular,EDM,NYR,2,0,22,0.534884,0/0,0.0,6,12,23,18,6,30,0.465116,0/3,0.0,0,18,11,13,2
2025020052,2025-10-14,regular,TBL,WSH,2,3,19,0.464286,1/2,0.5,10,8,17,19,2,28,0.535714,1/3,0.333333,8,23,8,14,4
2025020053,2025-10-14,regular,VGK,CGY,4,2,30,0.569231,0/2,0.0,4,26,11,13,6,29,0.430769,0/1,0.0,6,23,18,12,6
2025020054,2025-10-14,regular,MIN,DAL,2,5,41,0.460317,2/4,0.5,11,26,16,11,4,25,0.539683,2/2,1.0,25,15,17,15,5
2025020055,2025-10-14,regular,CAR,SJS,5,1,43,0.555556,0/3,0.0,12,13,8,23,5,17,0.444444,0/5,0.0,8,21,18,15,4
2025020056,2025-10-14,regular,PIT,ANA,3,4,25,0.481481,0/1,0.0,12,16,26,12,3,22,0.518519,2/6,0.333333,2,25,16,14,1
2025020057,2025-10-15,regular,OTT,BUF,4,8,37,0.649123,1/5,0.2,10,21,10,15,5,27,0.350877,3/3,1.0,14,28,20,14,6
2025020058,2025-10-15,regular,FLA,DET,1,4,21,0.442623,0/2,0.0,6,32,9,15,2,25,0.557377,1/3,0.333333,4,15,21,23,3
2025020059,2025-10-15,regular,CHI,STL,8,3,29,0.555556,1/3,0.333333,4,9,9,23,11,26,0.444444,0/2,0.0,6,28,10,15,1
2025020060,2025-10-15,regular,CGY,UTA,1,3,20,0.566038,1/4,0.25,21,21,14,11,5,32,0.433962,0/6,0.0,17,25,17,10,2
2025020061,2025-10-16,regular,NYR,TOR,1,2,29,0.527273,0/3,0.0,4,22,10,13,6,24,0.472727,1/2,0.5,6,18,13,21,2
2025020062,2025-10-16,regular,NSH,MTL,2,3,19,0.553191,1/2,0.5,6,16,12,16,4,30,0.446809,0/3,0.0,4,13,17,12,5
2025020063,2025-10-16,regular,SEA,OTT,3,4,33,0.457627,1/3,0.333333,4,27,21,17,7,23,0.542373,1/2,0.5,6,19,18,16,4
2025020064,2025-10-16,regular,FLA,NJD,1,3,22,0.56,0/5,0.0,12,27,18,14,3,33,0.44,1/5,0.2,12,22,20,10,4
2025020065,2025-10-16,regular,EDM,NYI,2,4,33,0.568966,1/4,0.25,10,7,13,17,5,25,0.431034,1/5,0.2,8,18,13,12,5
2025020066,2025-10-16,regular,WPG,PHI,5,2,15,0.533333,1/1,1.0,8,17,9,14,3,17,0.466667,0/3,0.0,2,15,16,16,4
2025020067,2025-10-16,regular,COL,CBJ,4,1,36,0.54717,0/1,0.0,4,13,14,20,6,23,0.45283,0/2,0.0,2,12,20,22,2
2025020068,2025-10-16,regular,VAN,DAL,5,3,26,0.425926,2/3,0.666667,8,26,15,12,3,31,0.574074,2/4,0.5,6,21,20,11,4
2025020069,2025-10-16,regular,BOS,VGK,5,6,24,0.492958,1/3,0.333333,12,26,20,14,5,37,0.507042,2/6,0.333333,6,20,22,13,3
2025020070,2025-10-16,regular,CAR,ANA,4,1,32,0.413793,1/3,0.333333,14,19,16,22,4,24,0.586207,0/4,0.0,10,31,16,15,1
2025020071,2025-10-16,regular,PIT,LAK,4,2,26,0.390244,1/2,0.5,4,13,15,15,0,32,0.609756,0/2,0.0,4,23,10,16,3
2025020072,2025-10-17,regular,TBL,DET,1,2,32,0.440678,0/3,0.0,6,20,13,15,4,31,0.559322,0/3,0.0,6,27,22,17,4
2025020073,2025-10-17,regular,MIN,WSH,1,5,14,0.5,0/2,0.0,10,18,17,14,1,45,0.5,1/5,0.2,4,23,14,20,6
2025020074,2025-10-17,regular,VAN,CHI,3,2,32,0.41791,1/6,0.166667,8,26,10,11,2,33,0.58209,1/3,0.333333,14,19,10,13,6
2025020075,2025-10-17,regular,SJS,UTA,3,6,21,0.489796,2/3,0.666667,20,25,12,18,7,34,0.510204,1/4,0.25,18,14,8,17,4
2025020076,2025-10-18,regular,FLA,BUF,0,3,32,0.5,0/7,0.0,12,29,17,15,3,31,0.5,2/4,0.5,28,23,20,13,4
2025020077,2025-10-18,regular,NYI,OTT,5,4,23,0.480769,0/3,0.0,4,28,19,13,2,32,0.519231,1/2,0.5,6,29,9,22,4
2025020078,2025-10-18,regular,EDM,NJD,3,5,30,0.58,0/3,0.0,6,20,13,25,4,23,0.42,1/3,0.333333,6,24,15,10,8
2025020079,2025-10-18,regular,SEA,TOR,4,3,28,0.381818,1/2,0.5,8,26,19,19,7,30,0.618182,1/4,0.25,4,29,15,28,2
2025020080,2025-10-18,regular,NYR,MTL,4,3,22,0.482759,1/2,0.5,13,24,13,11,4,24,0.517241,1/2,0.5,13,16,11,13,4
2025020081,2025-10-18,regular,MIN,PHI,1,2,16,0.489362,0/3,0.0,9,19,15,14,1,21,0.510638,0/2,0.0,11,32,16,15,4
2025020082,2025-10-18,regular,TBL,CBJ,2,3,24,0.428571,1/3,0.333333,15,14,15,21,3,31,0.571429,0/2,0.0,17,23,18,18,3
2025020083,2025-10-18,regular,DAL,STL,1,3,19,0.5,0/2,0.0,4,31,13,20,3,22,0.5,0/2,0.0,4,24,11,13,8
2025020084,2025-10-18,regular,NSH,WPG,1,4,31,0.584906,0/4,0.0,11,19,7,10,5,24,0.415094,2/3,0.666667,13,16,16,12,2
2025020085,2025-10-18,regular,BOS,COL,1,4,14,0.541667,0/2,0.0,10,24,29,18,1,38,0.458333,0/5,0.0,4,12,17,12,3
2025020086,2025-10-18,regular,CAR,LAK,4,3,40,0.621622,0/3,0.0,2,18,20,16,7,28,0.378378,1/1,1.0,6,29,20,21,4
2025020087,2025-10-18,regular,CGY,VGK,1,6,27,0.490566,1/3,0.333333,16,22,10,14,2,28,0.509434,3/3,1.0,16,14,21,19,3
2025020088,2025-10-18,regular,PIT,SJS,3,0,27,0.45,0/1,0.0,4,11,21,20,4,31,0.55,0/2,0.0,2,25,14,16,5
2025020089,2025-10-19,regular,VAN,WSH,4,3,24,0.45098,1/4,0.25,13,22,23,17,5,31,0.54902,1/4,0.25,13,28,1,19,3
2025020090,2025-10-19,regular,EDM,DET,2,4,18,0.434783,0/1,0.0,0,19,21,21,3,25,0.565217,0/0,0.0,2,24,11,17,4
2025020091,2025-10-19,regular,ANA,CHI,1,2,39,0.444444,1/5,0.2,6,30,9,18,8,30,0.555556,0/3,0.0,10,26,12,18,5
2025020092,2025-10-19,regular,BOS,UTA,2,3,26,0.59322,1/4,0.25,17,24,19,18,8,27,0.40678,1/5,0.2,15,23,21,20,3
2025020093,2025-10-20,regular,MIN,NYR,3,1,32,0.491228,0/3,0.0,2,20,19,12,3,24,0.508772,0/1,0.0,6,34,21,11,2
2025020094,2025-10-20,regular,SEA,PHI,2,5,23,0.428571,1/6,0.166667,28,23,11,16,4,27,0.571429,2/4,0.5,32,20,11,19,3
2025020095,2025-10-20,regular,BUF,MTL,2,4,32,0.436364,0/1,0.0,6,15,9,15,6,32,0.563636,0/1,0.0,6,22,21,11,3
2025020096,2025-10-20,regular,WPG,CGY,2,1,27,0.644068,1/5,0.2,10,15,19,19,3,33,0.355932,0/5,0.0,10,22,11,18,4
2025020097,2025-10-20,regular,CAR,VGK,1,4,27,0.453125,0/4,0.0,8,15,18,13,1,26,0.546875,0/4,0.0,8,13,20,18,2
2025020098,2025-10-21,regular,NJD,TOR,5,2,35,0.490909,1/2,0.5,11,21,17,25,6,25,0.509091,0/2,0.0,11,22,16,17,7
2025020099,2025-10-21,regular,EDM,OTT,3,2,25,0.409091,2/3,0.666667,6,20,17,18,5,21,0.590909,1/3,0.333333,6,20,9,13,1
2025020100,2025-10-21,regular,SJS,NYI,3,4,36,0.590909,0/3,0.0,6,22,6,21,4,27,0.409091,2/3,0.666667,6,18,19,21,4
2025020101,2025-10-21,regular,VAN,PIT,1,5,24,0.327586,0/3,0.0,10,26,20,19,2,26,0.672414,2/5,0.4,6,18,17,17,4
2025020102,2025-10-21,regular,SEA,WSH,1,4,19,0.520833,0/2,0.0,4,13,19,15,4,34,0.479167,1/2,0.5,4,18,16,14,8
2025020103,2025-10-21,regular,FLA,BOS,4,3,23,0.446154,1/3,0.333333,19,26,16,18,2,31,0.553846,1/5,0.2,15,23,7,15,11
2025020104,2025-10-21,regular,LAK,STL,2,1,28,0.465517,1/3,0.333333,11,13,14,19,7,18,0.534483,1/3,0.333333,11,20,9,12,3
2025020105,2025-10-21,regular,ANA,NSH,5,2,32,0.540984,0/5,0.0,12,23,9,13,7,28,0.459016,0/1,0.0,20,16,11,16,5
2025020106,2025-10-21,regular,CBJ,DAL,5,1,29,0.418182,2/2,1.0,4,35,5,15,9,23,0.581818,0/2,0.0,4,21,14,17,5
2025020107,2025-10-21,regular,COL,UTA,3,4,33,0.447761,0/1,0.0,4,20,8,17,7,33,0.552239,1/2,0.5,2,28,19,21,4
2025020108,2025-10-22,regular,MIN,NJD,1,4,31,0.534483,0/3,0.0,4,25,20,9,4,35,0.465517,1/2,0.5,6,8,19,15,5
2025020109,2025-10-22,regular,DET,BUF,2,4,31,0.547945,0/2,0.0,10,15,15,12,4,31,0.452055,1/5,0.2,4,19,18,10,3
2025020110,2025-10-22,regular,MTL,CGY,2,1,28,0.47541,1/3,0.333333,10,17,25,13,6,37,0.52459,0/5,0.0,6,23,13,12,3
2025020111,2025-10-23,regular,ANA,BOS,7,5,30,0.42029,1/3,0.333333,9,17,22,20,1,42,0.57971,2/2,1.0,11,18,15,18,4
2025020112,2025-10-23,regular,PHI,OTT,1,2,23,0.55814,0/3,0.0,12,21,16,12,4,33,0.44186,0/5,0.0,8,17,16,11,3
2025020113,2025-10-23,regular,CHI,TBL,3,2,25,0.392157,1/5,0.2,8,18,15,14,2,31,0.607843,0/4,0.0,12,18,7,12,4
2025020114,2025-10-23,regular,PIT,FLA,5,3,17,0.530303,2/2,1.0,8,18,19,13,9,37,0.469697,2/3,0.666667,6,26,9,10,4
2025020115,2025-10-23,regular,DET,NYI,2,7,34,0.454545,1/5,0.2,18,28,11,9,2,30,0.545455,0/3,0.0,32,14,22,10,6
2025020116,2025-10-23,regular,SJS,NYR,6,5,24,0.448276,1/5,0.2,13,26,19,22,1,28,0.551724,1/4,0.25,15,24,10,12,3
2025020117,2025-10-23,regular,UTA,STL,7,4,25,0.459016,2/4,0.5,12,15,9,17,3,20,0.540984,1/4,0.25,12,32,5,15,4
2025020118,2025-10-23,regular,VAN,NSH,1,2,22,0.404255,0/5,0.0,6,25,20,13,3,35,0.595745,0/3,0.0,10,21,19,10,8
2025020119,2025-10-23,regular,LAK,DAL,3,2,25,0.597015,1/3,0.333333,10,14,16,20,5,31,0.402985,2/5,0.4,6,18,14,15,5
2025020120,2025-10-23,regular,SEA,WPG,3,0,28,0.45614,0/1,0.0,16,13,14,16,6,32,0.54386,0/3,0.0,12,30,14,24,2
2025020121,2025-10-23,regular,CAR,COL,5,4,31,0.452055,0/5,0.0,20,19,12,12,4,48,0.547945,1/8,0.125,14,28,12,10,5
2025020122,2025-10-23,regular,MTL,EDM,5,6,27,0.368421,0/1,0.0,20,15,16,14,6,29,0.631579,2/5,0.4,2,15,19,12,3
2025020123,2025-10-24,regular,TOR,BUF,3,5,34,0.583333,1/4,0.25,4,30,13,18,7,30,0.416667,0/2,0.0,10,8,21,13,3
2025020124,2025-10-24,regular,SJS,NJD,1,3,17,0.545455,1/4,0.25,10,11,21,13,2,29,0.454545,2/5,0.4,8,22,18,12,5
2025020125,2025-10-24,regular,WSH,CBJ,5,1,30,0.531915,2/5,0.4,6,23,11,18,3,35,0.468085,0/3,0.0,9,25,7,12,4
2025020126,2025-10-24,regular,CGY,WPG,3,5,33,0.393443,1/6,0.166667,23,16,10,13,4,32,0.606557,2/8,0.25,19,19,13,9,5
2025020127,2025-10-25,regular,NYI,PHI,3,4,26,0.509091,0/2,0.0,20,24,10,15,3,26,0.490909,1/3,0.333333,18,30,16,15,6
2025020128,2025-10-25,regular,COL,BOS,2,3,33,0.440678,0/3,0.0,14,15,7,8,8,19,0.559322,0/4,0.0,10,24,34,17,3
2025020129,2025-10-25,regular,ANA,TBL,3,4,40,0.479452,0/2,0.0,19,14,17,10,8,33,0.520548,1/6,0.166667,11,21,15,23,5
2025020130,2025-10-25,regular,VGK,FLA,0,3,17,0.54717,0/2,0.0,8,25,21,20,5,26,0.45283,0/3,0.0,6,24,16,9,7
2025020131,2025-10-25,regular,UTA,MIN,6,2,41,0.484375,1/1,1.0,10,12,21,25,5,35,0.515625,1/4,0.25,4,32,9,20,2
2025020132,2025-10-25,regular,BUF,TOR,3,4,26,0.333333,1/4,0.25,21,20,15,15,6,23,0.666667,0/3,0.0,13,25,18,9,2
2025020133,2025-10-25,regular,STL,DET,4,6,29,0.508475,2/4,0.5,6,17,18,16,4,28,0.491525,1/3,0.333333,8,18,19,16,3
2025020134,2025-10-25,regular,CBJ,PIT,5,4,41,0.461538,0/2,0.0,11,24,15,8,8,31,0.538462,1/3,0.333333,9,18,16,20,3
2025020135,2025-10-25,regular,OTT,WSH,7,1,34,0.610169,3/4,0.75,12,12,23,14,8,13,0.389831,0/2,0.0,16,28,11,12,3
2025020136,2025-10-25,regular,MTL,VAN,4,3,24,0.622951,2/3,0.666667,6,16,17,14,2,31,0.377049,1/3,0.333333,6,20,15,14,3
2025020137,2025-10-25,regular,LAK,NSH,4,5,40,0.449275,0/3,0.0,4,10,7,22,5,25,0.550725,0/2,0.0,6,23,19,15,9
2025020138,2025-10-25,regular,CAR,DAL,2,3,28,0.526316,0/3,0.0,8,29,9,13,3,34,0.473684,2/4,0.5,6,30,30,18,3
2025020139,2025-10-25,regular,EDM,SEA,2,3,33,0.533333,1/2,0.5,6,15,13,13,7,23,0.466667,0/3,0.0,4,10,19,21,2
2025020140,2025-10-26,regular,COL,NJD,3,4,24,0.473684,0/2,0.0,2,22,17,16,7,24,0.526316,0/1,0.0,4,20,20,15,11
2025020141,2025-10-26,regular,VGK,TBL,1,2,19,0.5,0/3,0.0,15,27,24,15,3,28,0.5,0/5,0.0,11,19,14,17,2
2025020142,2025-10-26,regular,SJS,MIN,6,5,25,0.525424,2/2,1.0,8,22,18,18,5,33,0.474576,2/4,0.5,4,17,12,15,5
2025020143,2025-10-26,regular,UTA,WPG,3,2,32,0.470588,1/4,0.25,4,9,14,20,4,30,0.529412,1/1,1.0,10,25,13,16,3
2025020144,2025-10-26,regular,LAK,CHI,3,1,22,0.444444,0/3,0.0,10,14,8,19,4,23,0.555556,0/5,0.0,6,24,8,11,6
2025020145,2025-10-26,regular,DAL,NSH,3,2,28,0.508197,1/5,0.2,4,23,14,14,3,25,0.491803,1/2,0.5,10,29,6,16,4
2025020146,2025-10-26,regular,NYR,CGY,1,5,31,0.557692,0/1,0.0,6,28,21,9,10,30,0.442308,0/3,0.0,2,18,18,13,4
2025020147,2025-10-26,regular,EDM,VAN,3,4,29,0.40678,1/2,0.5,4,19,13,13,3,27,0.59322,1/2,0.5,4,14,18,17,5
2025020148,2025-10-27,regular,STL,PIT,3,6,28,0.553191,0/3,0.0,2,17,11,15,2,26,0.446809,0/0,0.0,8,9,20,31,4
2025020149,2025-10-27,regular,BOS,OTT,2,7,28,0.432836,0/1,0.0,10,33,9,13,5,23,0.567164,4/5,0.8,2,19,19,11,2
2025020150,2025-10-28,regular,PIT,PHI,2,3,26,0.482143,0/4,0.0,48,15,12,19,5,34,0.517857,1/4,0.25,48,20,14,15,1
2025020151,2025-10-28,regular,CGY,TOR,3,4,29,0.5,0/3,0.0,8,20,10,30,3,37,0.5,1/4,0.25,6,18,15,16,8
2025020152,2025-10-28,regular,CBJ,BUF,4,3,39,0.568966,1/1,1.0,6,23,14,15,6,38,0.431034,0/2,0.0,4,13,20,11,4
2025020153,2025-10-28,regular,ANA,FLA,3,2,17,0.391304,1/5,0.2,13,19,17,16,4,33,0.608696,0/4,0.0,15,30,22,16,2
2025020154,2025-10-28,regular,NYI,BOS,2,5,35,0.44186,0/5,0.0,8,13,13,10,5,22,0.55814,2/4,0.5,10,20,14,18,6
2025020155,2025-10-28,regular,VGK,CAR,6,3,35,0.485714,1/4,0.25,4,22,16,21,5,24,0.514286,1/1,1.0,10,17,17,19,8
2025020156,2025-10-28,regular,TBL,NSH,5,2,32,0.338983,0/4,0.0,10,16,15,10,3,20,0.661017,1/3,0.333333,12,24,5,15,6
2025020157,2025-10-28,regular,WPG,MIN,4,3,21,0.527273,0/1,0.0,13,24,17,13,4,35,0.472727,1/4,0.25,7,28,10,14,6
2025020158,2025-10-28,regular,DET,STL,5,2,20,0.6,1/2,0.5,9,14,14,19,3,22,0.4,0/2,0.0,9,31,11,13,3
2025020159,2025-10-28,regular,WSH,DAL,0,1,24,0.44898,0/3,0.0,8,22,14,15,7,19,0.55102,1/4,0.25,6,30,19,10,7
2025020160,2025-10-28,regular,OTT,CHI,3,7,24,0.5625,0/4,0.0,16,32,17,9,3,26,0.4375,1/1,1.0,22,34,15,14,10
2025020161,2025-10-28,regular,NJD,COL,4,8,30,0.486111,0/2,0.0,12,26,10,14,1,42,0.513889,4/6,0.666667,4,17,15,21,3
2025020162,2025-10-28,regular,UTA,EDM,3,6,23,0.423077,0/2,0.0,2,17,14,12,6,24,0.576923,0/1,0.0,4,19,13,16,6
2025020163,2025-10-28,regular,NYR,VAN,2,0,25,0.553191,0/3,0.0,11,18,11,9,4,23,0.446809,0/3,0.0,13,19,10,6,6
2025020164,2025-10-28,regular,MTL,SEA,4,3,21,0.612245,2/2,1.0,10,18,15,15,4,21,0.387755,1/4,0.25,6,22,9,15,5
2025020165,2025-10-28,regular,LAK,SJS,4,3,14,0.522727,0/1,0.0,10,14,23,14,3,40,0.477273,0/5,0.0,2,17,12,9,6
2025020166,2025-10-29,regular,TOR,CBJ,3,6,36,0.423729,0/2,0.0,4,24,21,23,9,24,0.576271,0/2,0.0,4,7,19,19,5
2025020167,2025-10-30,regular,BUF,BOS,3,4,40,0.433333,1/5,0.2,13,25,19,20,5,22,0.566667,1/4,0.25,15,12,7,20,3
2025020168,2025-10-30,regular,CGY,OTT,3,4,29,0.342857,2/4,0.5,10,17,7,19,4,38,0.657143,0/4,0.0,10,16,21,23,8
2025020169,2025-10-30,regular,DAL,TBL,1,2,21,0.565217,0/3,0.0,8,30,10,13,3,33,0.434783,1/4,0.25,6,21,15,17,5
2025020170,2025-10-30,regular,NSH,PHI,1,4,33,0.54902,0/2,0.0,4,21,12,19,4,18,0.45098,1/1,1.0,6,21,21,17,3
2025020171,2025-10-30,regular,NYI,CAR,2,6,28,0.613333,1/4,0.25,6,30,13,19,2,34,0.386667,0/1,0.0,12,19,10,24,5
2025020172,2025-10-30,regular,VAN,STL,4,3,18,0.519231,1/3,0.333333,6,21,16,14,5,39,0.480769,2/3,0.666667,6,17,14,11,5
2025020173,2025-10-30,regular,PIT,MIN,4,1,34,0.627451,1/1,1.0,8,23,15,12,5,27,0.372549,0/4,0.0,2,23,9,19,4
2025020174,2025-10-30,regular,CHI,WPG,3,6,24,0.433962,0/3,0.0,6,16,7,20,4,32,0.566038,1/3,0.333333,6,18,14,13,5
2025020175,2025-10-30,regular,NYR,EDM,4,3,35,0.529412,0/2,0.0,6,18,12,15,5,36,0.470588,1/3,0.333333,4,17,13,15,6
2025020176,2025-10-30,regular,NJD,SJS,2,5,31,0.534483,2/3,0.666667,4,30,11,16,6,28,0.465517,0/2,0.0,6,16,27,17,1
2025020177,2025-10-30,regular,DET,LAK,4,3,27,0.483871,2/3,0.666667,8,11,18,18,3,39,0.516129,0/4,0.0,6,17,15,14,2
2025020178,2025-10-31,regular,COL,VGK,4,2,26,0.483871,0/2,0.0,12,16,22,18,6,23,0.516129,1/6,0.166667,4,14,10,15,3
2025020179,2025-10-31,regular,NYI,WSH,3,1,23,0.627451,0/5,0.0,8,12,16,22,4,23,0.372549,0/4,0.0,10,14,13,24,4
2025020180,2025-10-31,regular,DET,ANA,2,5,30,0.641509,1/7,0.142857,10,16,10,22,3,32,0.358491,1/5,0.2,16,21,12,22,1
2025020181,2025-11-01,regular,CAR,BOS,1,2,29,0.534884,0/1,0.0,2,21,11,14,6,22,0.465116,0/1,0.0,2,26,21,9,2
2025020182,2025-11-01,regular,PIT,WPG,2,5,30,0.541667,1/2,0.5,8,18,14,13,6,34,0.458333,0/3,0.0,4,29,14,14,5
2025020183,2025-11-01,regular,CGY,NSH,2,4,35,0.491228,0/2,0.0,20,18,16,15,3,24,0.508772,1/4,0.25,6,13,16,11,8
2025020184,2025-11-01,regular,COL,SJS,2,3,38,0.492537,0/2,0.0,6,13,14,18,2,23,0.507463,0/3,0.0,4,16,10,18,6
2025020185,2025-11-01,regular,DAL,FLA,3,4,22,0.673913,2/3,0.666667,2,21,22,13,7,28,0.326087,0/1,0.0,6,26,9,21,3
2025020186,2025-11-01,regular,WSH,BUF,3,4,34,0.519231,0/4,0.0,25,17,13,15,4,24,0.480769,0/3,0.0,17,22,13,16,3
2025020187,2025-11-01,regular,OTT,MTL,3,4,17,0.576923,0/3,0.0,16,27,12,15,5,27,0.423077,1/3,0.333333,16,27,20,8,2
2025020188,2025-11-01,regular,TOR,PHI,5,2,27,0.573529,0/3,0.0,12,20,20,15,0,33,0.426471,1/6,0.166667,6,17,11,17,1
2025020189,2025-11-01,regular,STL,CBJ,2,3,39,0.553571,0/2,0.0,11,21,13,14,4,35,0.446429,1/3,0.333333,9,14,13,15,2
2025020190,2025-11-01,regular,VAN,MIN,2,5,28,0.491228,0/3,0.0,18,22,12,14,2,28,0.508772,1/3,0.333333,18,26,15,11,1
2025020191,2025-11-01,regular,NJD,LAK,4,1,22,0.465517,0/0,0.0,8,12,28,17,3,44,0.534483,0/4,0.0,0,10,14,22,5
2025020192,2025-11-01,regular,CHI,EDM,2,3,29,0.444444,1/1,1.0,6,9,17,17,5,30,0.555556,2/3,0.666667,2,18,14,14,5
2025020193,2025-11-01,regular,NYR,SEA,3,2,27,0.621212,0/3,0.0,4,24,13,15,5,13,0.378788,1/2,0.5,6,11,20,22,3
2025020194,2025-11-02,regular,TBL,UTA,4,2,26,0.442623,0/2,0.0,8,16,14,14,3,27,0.557377,0/3,0.0,16,19,13,15,6
2025020195,2025-11-02,regular,CBJ,NYI,2,3,22,0.319149,0/4,0.0,4,26,13,19,4,39,0.680851,1/2,0.5,8,10,10,19,6
2025020196,2025-11-02,regular,CGY,PHI,2,1,21,0.526316,0/2,0.0,2,25,18,20,7,18,0.473684,0/1,0.0,4,21,17,17,5
2025020197,2025-11-02,regular,NJD,ANA,1,4,33,0.520833,0/1,0.0,4,15,19,13,4,29,0.479167,0/2,0.0,2,18,18,20,6
2025020198,2025-11-02,regular,DET,SJS,3,2,32,0.62963,0/2,0.0,6,16,17,23,6,18,0.37037,0/2,0.0,6,16,19,15,4
2025020199,2025-11-03,regular,PIT,TOR,3,4,37,0.410714,1/3,0.333333,2,9,5,18,5,20,0.589286,0/1,0.0,6,35,24,22,5
2025020200,2025-11-03,regular,EDM,STL,2,3,26,0.588235,1/1,1.0,4,17,12,16,5,22,0.411765,1/2,0.5,2,13,21,19,8
2025020201,2025-11-03,regular,VAN,NSH,5,4,36,0.447761,2/3,0.666667,8,22,22,21,5,29,0.552239,2/4,0.5,6,19,7,18,5
2025020202,2025-11-03,regular,CHI,SEA,1,3,30,0.578947,0/3,0.0,4,12,11,21,2,24,0.421053,1/2,0.5,6,20,19,20,4
2025020203,2025-11-04,regular,UTA,BUF,2,1,35,0.6,0/2,0.0,4,15,9,15,4,18,0.4,0/2,0.0,4,20,21,11,4
2025020204,2025-11-04,regular,PHI,MTL,5,4,42,0.344828,2/6,0.333333,15,22,10,17,3,20,0.655172,2/4,0.5,19,26,15,17,3
2025020205,2025-11-04,regular,BOS,NYI,4,3,27,0.5,1/4,0.25,10,16,16,13,5,33,0.5,0/3,0.0,12,15,14,14,6
2025020206,2025-11-04,regular,CAR,NYR,3,0,32,0.526316,1/3,0.333333,6,13,16,16,6,26,0.473684,0/3,0.0,6,22,14,8,10
2025020207,2025-11-04,regular,EDM,DAL,3,4,26,0.54386,1/3,0.333333,8,18,18,13,10,27,0.45614,1/4,0.25,6,18,8,14,2
2025020208,2025-11-04,regular,NSH,MIN,2,3,34,0.54,0/2,0.0,6,13,11,18,3,24,0.46,2/3,0.666667,4,22,22,18,6
2025020209,2025-11-04,regular,TBL,COL,2,3,24,0.491803,0/3,0.0,13,23,14,14,4,33,0.508197,1/4,0.25,11,17,15,11,7
2025020210,2025-11-04,regular,DET,VGK,0,1,24,0.33871,0/2,0.0,2,10,13,15,0,34,0.66129,0/1,0.0,4,21,17,14,3
2025020211,2025-11-04,regular,FLA,ANA,3,7,21,0.447761,1/5,0.2,16,27,17,18,4,32,0.552239,2/7,0.285714,25,13,8,13,6
2025020212,2025-11-04,regular,WPG,LAK,0,3,23,0.372549,0/5,0.0,12,16,15,10,5,26,0.627451,1/6,0.166667,10,13,10,13,3
2025020213,2025-11-05,regular,UTA,TOR,3,5,24,0.45098,0/3,0.0,2,17,6,27,5,19,0.54902,0/1,0.0,6,15,8,19,6
2025020214,2025-11-05,regular,STL,WSH,1,6,24,0.434783,0/3,0.0,11,27,22,16,3,32,0.565217,1/3,0.333333,11,8,14,18,2
2025020215,2025-11-05,regular,CBJ,CGY,1,5,43,0.588235,0/1,0.0,6,18,10,19,3,26,0.411765,0/2,0.0,4,24,23,13,1
2025020216,2025-11-05,regular,CHI,VAN,5,2,28,0.444444,1/1,1.0,4,12,8,17,4,45,0.555556,0/2,0.0,2,18,15,21,6
2025020217,2025-11-05,regular,SJS,SEA,6,1,23,0.431818,1/3,0.333333,12,18,20,11,5,30,0.568182,0/6,0.0,6,16,10,13,4
2025020218,2025-11-06,regular,OTT,BOS,2,3,22,0.490566,0/2,0.0,8,30,18,10,7,25,0.509434,0/3,0.0,8,25,13,12,8
2025020219,2025-11-06,regular,STL,BUF,3,0,17,0.54386,0/2,0.0,11,15,19,8,4,28,0.45614,0/3,0.0,9,16,12,15,1
2025020220,2025-11-06,regular,MTL,NJD,3,4,19,0.568182,0/2,0.0,10,14,21,16,6,28,0.431818,0/5,0.0,4,19,13,16,2
2025020221,2025-11-06,regular,WSH,PIT,3,5,30,0.516667,0/3,0.0,10,27,15,17,6,31,0.483333,3/5,0.6,6,10,16,18,5
2025020222,2025-11-06,regular,MIN,CAR,3,4,24,0.470588,1/3,0.333333,12,35,17,16,3,27,0.529412,0/2,0.0,23,19,11,13,9
2025020223,2025-11-06,regular,PHI,NSH,3,1,26,0.481481,0/1,0.0,10,24,17,20,4,24,0.518519,0/3,0.0,6,22,12,22,5
2025020224,2025-11-06,regular,ANA,DAL,7,5,25,0.40678,2/5,0.4,10,22,10,10,5,26,0.59322,3/5,0.6,10,15,19,17,5
2025020225,2025-11-06,regular,TBL,VGK,6,3,27,0.407407,2/4,0.5,6,11,16,8,9,32,0.592593,0/3,0.0,8,13,17,13,2
2025020226,2025-11-06,regular,FLA,LAK,5,2,24,0.509434,0/2,0.0,13,24,14,11,2,26,0.490566,1/4,0.25,9,16,16,13,4
2025020227,2025-11-07,regular,NYR,DET,4,1,26,0.555556,1/3,0.333333,13,27,20,6,4,33,0.444444,0/4,0.0,11,24,14,17,3
2025020228,2025-11-07,regular,MIN,NYI,5,2,26,0.451613,0/1,0.0,4,16,11,13,6,27,0.548387,0/2,0.0,2,15,15,22,2
2025020229,2025-11-07,regular,CHI,CGY,4,0,27,0.416667,1/3,0.333333,21,18,10,17,10,33,0.583333,0/3,0.0,21,29,13,15,5
2025020230,2025-11-07,regular,WPG,SJS,1,2,33,0.625,0/2,0.0,8,20,28,12,6,28,0.375,0/4,0.0,4,16,11,8,1
2025020231,2025-11-08,regular,PIT,NJD,1,2,34,0.418182,0/1,0.0,9,19,14,13,3,24,0.581818,0/2,0.0,7,22,22,11,6
2025020232,2025-11-08,regular,OTT,PHI,3,2,14,0.54717,0/2,0.0,8,18,17,16,5,22,0.45283,0/2,0.0,8,26,10,13,8
2025020233,2025-11-08,regular,DAL,NSH,5,4,22,0.45614,1/5,0.2,8,15,12,10,3,21,0.54386,1/4,0.25,10,23,6,20,3
2025020234,2025-11-08,regular,BOS,TOR,5,3,39,0.515625,1/1,1.0,15,22,12,21,4,33,0.484375,2/4,0.5,9,26,10,25,6
2025020235,2025-11-08,regular,UTA,MTL,2,6,27,0.5,0/2,0.0,4,22,11,16,4,23,0.5,0/2,0.0,4,25,13,12,4
2025020236,2025-11-08,regular,WSH,TBL,2,3,30,0.557692,0/1,0.0,23,19,12,12,5,20,0.442308,1/2,0.5,11,20,10,11,4
2025020237,2025-11-08,regular,NYI,NYR,5,0,26,0.517857,1/2,0.5,4,18,18,14,5,33,0.482143,0/2,0.0,4,14,14,15,5
2025020238,2025-11-08,regular,BUF,CAR,3,6,22,0.484375,0/1,0.0,6,21,16,25,7,35,0.515625,1/2,0.5,4,25,13,24,7
2025020239,2025-11-08,regular,SEA,STL,4,3,30,0.4375,1/3,0.333333,4,14,10,20,4,19,0.5625,1/2,0.5,6,32,22,15,2
2025020240,2025-11-08,regular,COL,EDM,9,1,34,0.451613,0/7,0.0,10,7,14,23,4,24,0.548387,1/5,0.2,14,13,16,10,2
2025020241,2025-11-08,regular,CBJ,VAN,3,4,32,0.596154,0/3,0.0,21,15,11,10,4,24,0.403846,0/3,0.0,10,20,16,11,5
2025020242,2025-11-08,regular,ANA,VGK,4,3,29,0.446154,0/1,0.0,6,18,21,16,5,39,0.553846,1/3,0.333333,2,17,13,19,13
2025020243,2025-11-08,regular,FLA,SJS,1,3,39,0.542373,0/5,0.0,4,23,11,15,7,23,0.457627,0/2,0.0,10,17,18,13,6
2025020244,2025-11-09,regular,CHI,DET,5,1,20,0.484375,3/3,1.0,10,17,16,12,4,46,0.515625,0/5,0.0,6,20,8,20,3
2025020245,2025-11-09,regular,LAK,PIT,3,2,27,0.5,1/4,0.25,4,9,7,15,3,33,0.5,1/2,0.5,8,19,17,16,2
2025020246,2025-11-09,regular,CAR,TOR,5,4,47,0.416667,1/4,0.25,8,13,9,12,6,20,0.583333,1/3,0.333333,10,21,23,10,3
2025020247,2025-11-09,regular,UTA,OTT,2,4,31,0.383333,0/1,0.0,6,13,9,20,3,25,0.616667,0/2,0.0,4,28,11,15,5
2025020248,2025-11-09,regular,SEA,DAL,1,2,31,0.326087,0/3,0.0,8,25,15,11,6,25,0.673913,1/3,0.333333,8,15,14,19,5
2025020249,2025-11-09,regular,CGY,MIN,0,2,36,0.57377,0/3,0.0,8,15,13,19,5,19,0.42623,0/4,0.0,6,13,20,16,6
2025020250,2025-11-09,regular,COL,VAN,5,4,32,0.409091,2/3,0.666667,10,18,13,10,5,33,0.590909,1/5,0.2,6,10,18,12,2
2025020251,2025-11-09,regular,WPG,ANA,1,4,24,0.535714,0/4,0.0,8,21,15,21,5,21,0.464286,2/4,0.5,8,20,14,12,4
2025020252,2025-11-10,regular,NYI,NJD,3,2,24,0.595238,1/1,1.0,8,17,19,12,4,35,0.404762,1/4,0.25,2,13,11,20,3
2025020253,2025-11-10,regular,NSH,NYR,3,6,30,0.492063,2/4,0.5,4,15,6,14,2,18,0.507937,1/2,0.5,8,31,12,18,6
2025020254,2025-11-10,regular,CBJ,EDM,4,5,22,0.509434,0/2,0.0,11,11,13,19,7,24,0.490566,0/1,0.0,13,23,27,19,5
2025020255,2025-11-10,regular,FLA,VGK,3,2,20,0.530612,1/3,0.333333,13,21,13,13,2,32,0.469388,0/3,0.0,13,22,13,16,6
2025020256,2025-11-11,regular,TOR,BOS,3,5,33,0.596774,1/5,0.2,16,30,15,12,4,32,0.403226,3/6,0.5,14,20,11,7,3
2025020257,2025-11-11,regular,LAK,MTL,5,1,26,0.509434,0/3,0.0,6,10,16,9,3,22,0.490566,0/3,0.0,6,21,15,18,6
2025020258,2025-11-11,regular,DAL,OTT,3,2,33,0.530612,1/3,0.333333,4,24,10,16,5,29,0.469388,0/2,0.0,6,15,13,11,4
2025020259,2025-11-11,regular,WSH,CAR,4,1,28,0.46,1/5,0.2,17,13,21,24,7,31,0.54,0/5,0.0,17,22,10,20,6
2025020260,2025-11-11,regular,CGY,STL,2,3,40,0.519231,0/1,0.0,6,15,5,22,6,31,0.480769,1/2,0.5,4,25,18,10,6
2025020261,2025-11-11,regular,SJS,MIN,2,1,18,0.5,1/3,0.333333,8,22,13,12,1,29,0.5,1/4,0.25,6,16,16,7,5
2025020262,2025-11-11,regular,ANA,COL,1,4,36,0.482759,0/2,0.0,10,26,19,16,7,36,0.517241,1/4,0.25,6,16,13,12,6
2025020263,2025-11-11,regular,WPG,VAN,5,3,30,0.6,2/4,0.5,4,12,17,13,5,33,0.4,1/2,0.5,8,19,14,12,4
2025020264,2025-11-11,regular,CBJ,SEA,2,1,34,0.508475,1/4,0.25,4,15,21,16,5,23,0.491525,0/2,0.0,8,9,11,14,7
2025020265,2025-11-12,regular,NYR,TBL,7,3,21,0.548387,1/3,0.333333,8,21,15,17,4,36,0.451613,0/3,0.0,8,26,19,14,3
2025020266,2025-11-12,regular,EDM,PHI,2,1,31,0.673469,0/2,0.0,8,10,10,23,5,21,0.326531,1/3,0.333333,6,21,13,18,5
2025020267,2025-11-12,regular,BUF,UTA,2,5,19,0.411765,0/2,0.0,24,20,13,20,3,37,0.588235,0/2,0.0,14,16,9,11,5
2025020268,2025-11-12,regular,NJD,CHI,4,3,37,0.574468,0/1,0.0,6,19,7,16,6,20,0.425532,1/3,0.333333,2,28,13,20,3
2025020269,2025-11-13,regular,LAK,TOR,4,3,37,0.283019,0/2,0.0,2,14,7,18,3,15,0.716981,0/1,0.0,4,26,20,18,2
2025020270,2025-11-13,regular,DAL,MTL,7,0,19,0.636364,1/3,0.333333,13,17,12,17,6,24,0.363636,0/3,0.0,15,30,13,14,4
2025020271,2025-11-13,regular,BOS,OTT,3,5,21,0.395833,1/2,0.5,9,30,18,23,6,22,0.604167,1/2,0.5,9,26,19,16,7
2025020272,2025-11-13,regular,ANA,DET,3,6,28,0.507937,0/3,0.0,24,21,14,12,5,33,0.492063,2/4,0.5,22,16,17,20,7
2025020273,2025-11-13,regular,WSH,FLA,3,6,40,0.525424,0/2,0.0,10,14,13,11,6,28,0.474576,2/5,0.4,4,22,19,14,4
2025020274,2025-11-13,regular,EDM,CBJ,4,5,29,0.40678,0/2,0.0,4,15,11,13,2,25,0.59322,0/1,0.0,6,12,15,14,7
2025020275,2025-11-13,regular,BUF,COL,3,6,21,0.40625,1/4,0.25,4,16,11,23,9,34,0.59375,0/2,0.0,8,22,13,13,4
2025020276,2025-11-13,regular,SJS,CGY,0,2,17,0.377778,0/2,0.0,6,19,25,14,4,36,0.622222,0/3,0.0,4,10,13,15,6
2025020277,2025-11-13,regular,NYI,VGK,4,3,24,0.566038,1/5,0.2,10,9,14,7,3,29,0.433962,0/5,0.0,10,22,12,12,2
2025020278,2025-11-13,regular,WPG,SEA,3,5,26,0.534483,1/3,0.333333,6,20,13,14,5,18,0.465517,1/3,0.333333,6,14,12,8,2
2025020279,2025-11-14,regular,VAN,CAR,3,4,17,0.484375,1/2,0.5,4,25,29,17,5,38,0.515625,1/2,0.5,4,21,4,16,5
2025020280,2025-11-14,regular,PHI,STL,6,5,31,0.433962,0/1,0.0,2,18,16,10,4,17,0.566038,0/1,0.0,2,20,11,13,6
2025020281,2025-11-14,regular,PIT,NSH,1,2,17,0.5,0/2,0.0,2,10,14,13,7,30,0.5,0/1,0.0,4,17,7,21,3
2025020282,2025-11-14,regular,NYI,UTA,3,2,21,0.54386,0/4,0.0,22,18,11,20,4,30,0.45614,1/6,0.166667,8,13,20,13,4
2025020283,2025-11-15,regular,TBL,FLA,3,1,20,0.438596,0/4,0.0,16,27,14,18,2,23,0.561404,1/5,0.2,14,25,7,15,4
2025020284,2025-11-15,regular,ANA,MIN,0,2,28,0.421053,0/2,0.0,14,20,13,12,3,30,0.578947,0/7,0.0,4,18,7,21,2
2025020285,2025-11-15,regular,BOS,MTL,3,2,23,0.589286,1/5,0.2,30,27,16,14,5,28,0.410714,0/7,0.0,26,27,22,10,7
2025020286,2025-11-15,regular,LAK,OTT,1,0,18,0.444444,0/2,0.0,4,16,20,18,2,17,0.555556,0/2,0.0,6,22,13,14,4
2025020287,2025-11-15,regular,BUF,DET,5,4,27,0.361111,0/4,0.0,10,19,16,15,8,28,0.638889,1/5,0.2,8,18,14,10,3
2025020288,2025-11-15,regular,NJD,WSH,3,2,31,0.525424,1/3,0.333333,2,13,21,17,4,31,0.474576,0/1,0.0,6,26,16,11,8
2025020289,2025-11-15,regular,EDM,CAR,4,3,23,0.574074,1/1,1.0,4,25,13,20,4,36,0.425926,0/2,0.0,2,17,11,23,8
2025020290,2025-11-15,regular,NYR,CBJ,2,1,33,0.47619,1/2,0.5,9,31,12,17,4,27,0.52381,1/2,0.5,9,27,19,19,7
2025020291,2025-11-15,regular,TOR,CHI,2,3,33,0.611111,0/3,0.0,4,28,5,13,6,32,0.388889,0/2,0.0,6,15,17,20,4
2025020292,2025-11-15,regular,VGK,STL,4,1,34,0.5,1/3,0.333333,4,12,11,22,4,23,0.5,0/2,0.0,6,24,15,16,3
2025020293,2025-11-15,regular,PHI,DAL,1,5,21,0.538462,0/1,0.0,4,32,12,17,6,28,0.461538,1/2,0.5,2,23,12,11,3
2025020294,2025-11-15,regular,WPG,CGY,4,3,23,0.5,1/1,1.0,16,21,15,17,5,34,0.5,1/3,0.333333,2,27,22,19,4
2025020295,2025-11-15,regular,SJS,SEA,1,4,26,0.54717,1/6,0.166667,4,19,8,14,5,23,0.45283,0/2,0.0,12,13,25,12,3
2025020296,2025-11-16,regular,NSH,PIT,0,4,21,0.589286,0/4,0.0,0,27,11,20,7,22,0.410714,0/0,0.0,8,15,14,10,4
2025020297,2025-11-16,regular,VAN,TBL,6,2,18,0.525424,2/3,0.666667,33,28,10,12,5,30,0.474576,0/2,0.0,33,18,8,16,3
2025020298,2025-11-16,regular,VGK,MIN,2,3,25,0.481481,2/4,0.5,8,15,11,17,4,28,0.518519,1/4,0.25,8,31,16,15,7
2025020299,2025-11-16,regular,DET,NYR,2,1,42,0.604167,1/5,0.2,14,23,21,16,5,19,0.395833,1/2,0.5,22,26,18,19,4
2025020300,2025-11-16,regular,NYI,COL,1,4,29,0.573529,0/4,0.0,11,11,14,12,3,28,0.426471,0/3,0.0,13,19,11,14,7
2025020301,2025-11-17,regular,CAR,BOS,3,1,32,0.439394,0/2,0.0,10,19,10,15,6,30,0.560606,1/4,0.25,6,26,20,27,4
2025020302,2025-11-17,regular,EDM,BUF,1,5,33,0.560606,0/1,0.0,9,20,16,17,5,28,0.439394,1/2,0.5,7,13,19,14,7
2025020303,2025-11-17,regular,VAN,FLA,5,8,15,0.521739,2/6,0.333333,18,13,15,10,2,41,0.478261,2/6,0.333333,18,24,20,10,4
2025020304,2025-11-17,regular,LAK,WSH,1,2,31,0.531915,1/3,0.333333,4,18,16,12,4,25,0.468085,0/2,0.0,6,17,21,12,4
2025020305,2025-11-17,regular,MTL,CBJ,3,4,32,0.596154,0/0,0.0,4,17,13,16,5,23,0.403846,1/2,0.5,0,15,12,17,4
2025020306,2025-11-17,regular,UTA,ANA,2,3,18,0.510204,0/1,0.0,9,17,15,19,5,26,0.489796,0/1,0.0,9,20,12,18,9
2025020307,2025-11-18,regular,STL,TOR,2,3,29,0.534483,1/3,0.333333,6,18,12,10,5,29,0.465517,0/3,0.0,6,21,16,19,4
2025020308,2025-11-18,regular,SEA,DET,2,4,22,0.492063,1/2,0.5,4,11,14,14,3,27,0.507937,1/2,0.5,4,23,9,13,4
2025020309,2025-11-18,regular,NJD,TBL,1,5,32,0.563636,0/4,0.0,8,17,11,13,6,29,0.436364,2/3,0.666667,10,14,7,11,4
2025020310,2025-11-18,regular,NYI,DAL,3,2,22,0.365385,0/2,0.0,16,17,16,16,8,24,0.634615,0/3,0.0,19,16,6,7,1
2025020311,2025-11-18,regular,CBJ,WPG,2,5,22,0.451613,0/1,0.0,4,13,11,18,5,30,0.548387,1/2,0.5,2,16,18,13,3
2025020312,2025-11-18,regular,CGY,CHI,2,5,21,0.558824,1/4,0.25,62,43,15,9,3,23,0.441176,0/4,0.0,60,13,11,19,5
2025020313,2025-11-18,regular,NYR,VGK,2,3,19,0.54,0/1,0.0,4,34,17,15,5,26,0.46,2/2,1.0,2,20,17,16,4
2025020314,2025-11-18,regular,UTA,SJS,2,3,26,0.45,0/2,0.0,10,13,10,13,6,22,0.55,1/5,0.2,4,22,17,14,4
2025020315,2025-11-19,regular,EDM,WSH,4,7,30,0.537037,1/3,0.333333,2,11,6,11,4,22,0.462963,0/1,0.0,6,16,25,12,7
2025020316,2025-11-19,regular,CGY,BUF,6,2,35,0.533333,0/1,0.0,6,17,16,12,4,30,0.466667,0/3,0.0,2,17,25,17,3
2025020317,2025-11-19,regular,CAR,MIN,3,4,45,0.539683,0/2,0.0,2,12,4,18,5,19,0.460317,0/1,0.0,4,18,25,14,4
2025020318,2025-11-19,regular,BOS,ANA,3,4,39,0.561404,2/2,1.0,26,38,21,16,3,33,0.438596,1/3,0.333333,14,16,18,22,5
2025020319,2025-11-20,regular,CBJ,TOR,3,2,30,0.3125,0/2,0.0,4,15,25,20,2,29,0.6875,0/2,0.0,4,27,14,14,3
2025020320,2025-11-20,regular,WSH,MTL,8,4,36,0.454545,2/4,0.5,10,19,13,16,4,28,0.545455,1/3,0.333333,12,20,15,16,2
2025020321,2025-11-20,regular,NYI,DET,5,0,26,0.419355,0/4,0.0,21,8,15,13,4,29,0.580645,0/1,0.0,37,23,14,19,2
2025020322,2025-11-20,regular,EDM,TBL,1,2,25,0.574074,0/2,0.0,21,17,10,14,5,35,0.425926,0/3,0.0,9,29,19,17,3
2025020323,2025-11-20,regular,NJD,FLA,0,1,32,0.55102,0/2,0.0,2,23,13,13,4,24,0.44898,0/1,0.0,4,22,14,10,3
2025020324,2025-11-20,regular,STL,PHI,2,3,29,0.591837,1/2,0.5,4,25,16,15,6,28,0.408163,0/2,0.0,4,24,14,14,5
2025020325,2025-11-20,regular,SEA,CHI,3,2,27,0.509804,1/3,0.333333,4,16,10,16,4,24,0.490196,1/2,0.5,6,11,6,19,7
2025020326,2025-11-20,regular,NYR,COL,3,6,19,0.607143,2/2,1.0,12,22,26,17,5,35,0.392857,1/6,0.166667,4,17,13,19,4
2025020327,2025-11-20,regular,VGK,UTA,4,1,33,0.559322,0/3,0.0,15,19,16,13,6,26,0.440678,0/2,0.0,17,24,9,11,4
2025020328,2025-11-20,regular,DAL,VAN,4,2,24,0.385965,0/2,0.0,10,21,20,15,5,36,0.614035,1/5,0.2,4,24,8,13,5
2025020329,2025-11-20,regular,OTT,ANA,3,2,25,0.540984,1/3,0.333333,4,29,11,16,2,25,0.459016,0/2,0.0,6,24,20,15,5
2025020330,2025-11-20,regular,LAK,SJS,3,4,34,0.533333,0/4,0.0,8,12,10,15,6,24,0.466667,0/3,0.0,10,26,24,15,5
2025020331,2025-11-21,regular,CHI,BUF,3,9,23,0.40678,1/2,0.5,4,13,17,24,4,31,0.59322,1/2,0.5,4,19,14,14,8
2025020332,2025-11-21,regular,MIN,PIT,5,0,21,0.470588,1/3,0.333333,4,20,14,18,7,19,0.529412,0/2,0.0,6,9,13,22,5
2025020333,2025-11-21,regular,CAR,WPG,4,3,28,0.5,1/3,0.333333,8,13,9,14,4,28,0.5,1/3,0.333333,8,29,20,18,3
2025020334,2025-11-21,regular,BOS,LAK,2,1,26,0.381818,0/2,0.0,20,28,23,13,4,32,0.618182,0/5,0.0,4,12,12,13,5
2025020335,2025-11-22,regular,CBJ,DET,3,4,35,0.573529,1/3,0.333333,8,16,16,16,4,33,0.426471,0/2,0.0,10,12,22,13,6
2025020336,2025-11-22,regular,STL,NYI,2,1,22,0.475,0/1,0.0,6,22,14,14,3,30,0.525,0/3,0.0,2,20,12,15,4
2025020337,2025-11-22,regular,TOR,MTL,2,5,26,0.54902,1/3,0.333333,35,20,14,17,1,29,0.45098,0/3,0.0,35,25,17,17,8
2025020338,2025-11-22,regular,EDM,FLA,6,3,31,0.479167,0/2,0.0,24,20,13,13,3,38,0.520833,1/4,0.25,20,30,10,14,4
2025020339,2025-11-22,regular,NJD,PHI,3,6,35,0.5,1/2,0.5,12,28,4,14,2,29,0.5,0/4,0.0,8,23,10,13,7
2025020340,2025-11-22,regular,SEA,PIT,3,2,21,0.431373,0/2,0.0,10,22,13,15,5,32,0.568627,1/4,0.25,6,16,14,20,2
2025020341,2025-11-22,regular,TBL,WSH,5,3,16,0.537037,1/3,0.333333,27,15,23,19,4,32,0.462963,0/6,0.0,11,22,13,18,5
2025020342,2025-11-22,regular,OTT,SJS,3,2,27,0.611111,1/5,0.2,15,19,9,9,3,19,0.388889,1/5,0.2,15,23,14,19,3
2025020343,2025-11-22,regular,COL,NSH,3,0,26,0.428571,0/2,0.0,6,28,13,10,4,35,0.571429,0/3,0.0,4,15,8,17,8
2025020344,2025-11-22,regular,NYR,UTA,2,3,22,0.677966,0/2,0.0,4,30,9,18,6,34,0.322034,0/1,0.0,6,17,12,19,3
2025020345,2025-11-22,regular,DAL,CGY,2,3,30,0.538462,0/4,0.0,28,15,15,12,4,33,0.461538,2/6,0.333333,25,17,15,19,4
2025020346,2025-11-22,regular,VGK,ANA,3,4,32,0.661017,1/4,0.25,6,15,20,23,4,33,0.338983,0/2,0.0,10,19,14,16,8
2025020347,2025-11-23,regular,CAR,BUF,1,4,30,0.566038,1/4,0.25,8,18,9,18,6,21,0.433962,1/4,0.25,8,27,21,17,4
2025020348,2025-11-23,regular,MIN,WPG,3,0,30,0.428571,0/1,0.0,15,28,18,16,4,32,0.571429,0/4,0.0,9,20,11,8,3
2025020349,2025-11-23,regular,SEA,NYI,0,1,19,0.45098,0/1,0.0,4,14,23,21,5,34,0.54902,0/2,0.0,2,18,15,17,6
2025020350,2025-11-23,regular,COL,CHI,1,0,26,0.431034,0/3,0.0,4,29,14,14,3,22,0.568966,0/2,0.0,6,20,12,18,5
2025020351,2025-11-23,regular,BOS,SJS,1,3,35,0.5,0/3,0.0,22,30,9,16,3,31,0.5,1/6,0.166667,16,23,15,13,4
2025020352,2025-11-23,regular,CGY,VAN,5,2,21,0.509434,0/4,0.0,8,15,15,18,3,31,0.490566,1/4,0.25,8,17,11,20,4
2025020353,2025-11-24,regular,PHI,TBL,0,3,20,0.522727,0/1,0.0,9,22,12,11,4,18,0.477273,0/2,0.0,7,20,10,17,7
2025020354,2025-11-24,regular,DET,NJD,3,4,35,0.649123,1/3,0.333333,23,22,20,16,3,20,0.350877,0/1,0.0,17,25,19,11,4
2025020355,2025-11-24,regular,STL,NYR,2,3,21,0.525424,0/4,0.0,0,18,19,6,3,21,0.474576,0/0,0.0,8,31,15,12,4
2025020356,2025-11-24,regular,CBJ,WSH,1,5,23,0.55,0/2,0.0,6,21,10,16,5,31,0.45,1/3,0.333333,4,11,12,16,6
2025020357,2025-11-24,regular,FLA,NSH,8,3,26,0.428571,0/2,0.0,8,19,14,15,10,39,0.571429,1/3,0.333333,6,25,5,13,6
2025020358,2025-11-24,regular,VGK,UTA,1,5,34,0.59322,0/3,0.0,4,17,9,14,2,23,0.40678,0/2,0.0,6,19,16,12,5
2025020359,2025-11-24,regular,OTT,LAK,1,2,28,0.6875,0/3,0.0,6,22,14,12,4,22,0.3125,1/3,0.333333,6,14,8,12,2
2025020360,2025-11-25,regular,DAL,EDM,8,3,30,0.591837,3/4,0.75,6,17,14,14,4,25,0.408163,0/2,0.0,10,22,11,20,6
2025020361,2025-11-26,regular,NSH,DET,6,3,29,0.478873,1/4,0.25,10,22,8,7,3,31,0.521127,2/4,0.5,10,13,17,14,3
2025020362,2025-11-26,regular,CGY,TBL,1,5,32,0.45098,0/5,0.0,8,25,17,16,4,23,0.54902,0/4,0.0,10,13,15,15,6
2025020363,2025-11-26,regular,PHI,FLA,4,2,18,0.48,0/1,0.0,6,17,15,14,4,27,0.52,0/3,0.0,2,33,12,21,5
2025020364,2025-11-26,regular,STL,NJD,2,3,23,0.44,1/4,0.25,4,15,14,13,7,29,0.56,1/2,0.5,8,26,18,11,4
2025020365,2025-11-26,regular,BOS,NYI,3,1,14,0.5,0/1,0.0,8,24,12,10,4,44,0.5,0/4,0.0,2,17,17,12,3
2025020366,2025-11-26,regular,BUF,PIT,2,4,31,0.416667,0/0,0.0,2,21,15,15,8,19,0.583333,0/1,0.0,0,17,10,14,6
2025020367,2025-11-26,regular,WPG,WSH,3,4,21,0.5,1/2,0.5,6,12,15,13,3,35,0.5,0/2,0.0,6,20,21,11,5
2025020368,2025-11-26,regular,NYR,CAR,4,2,18,0.540984,0/1,0.0,10,34,20,16,3,38,0.459016,1/5,0.2,2,26,10,24,6
2025020369,2025-11-26,regular,TOR,CBJ,2,1,24,0.59322,0/2,0.0,8,21,13,19,6,36,0.40678,0/3,0.0,6,20,12,15,4
2025020370,2025-11-26,regular,MIN,CHI,4,3,24,0.438596,1/5,0.2,18,26,5,18,4,37,0.561404,0/4,0.0,20,11,11,19,4
2025020371,2025-11-26,regular,SJS,COL,0,6,26,0.482143,0/4,0.0,8,22,18,13,5,42,0.517857,1/4,0.25,8,10,22,12,2
2025020372,2025-11-26,regular,MTL,UTA,4,3,17,0.5,2/3,0.666667,10,20,18,13,4,34,0.5,1/4,0.25,8,18,13,14,4
2025020373,2025-11-26,regular,OTT,VGK,4,3,22,0.548387,1/3,0.333333,6,26,10,12,4,35,0.451613,1/3,0.333333,6,33,12,14,5
2025020374,2025-11-26,regular,VAN,ANA,5,4,28,0.491803,1/3,0.333333,14,13,17,11,5,41,0.508197,1/6,0.166667,8,15,16,11,4
2025020375,2025-11-26,regular,DAL,SEA,3,2,21,0.511111,0/1,0.0,12,17,13,13,7,28,0.488889,0/5,0.0,4,23,8,17,4
2025020376,2025-11-28,regular,NYR,BOS,6,2,37,0.553571,2/3,0.666667,4,34,16,15,2,21,0.446429,0/2,0.0,6,25,9,16,3
2025020377,2025-11-28,regular,TBL,DET,6,3,27,0.526316,1/1,1.0,4,15,4,12,4,37,0.473684,0/1,0.0,4,20,16,12,7
2025020378,2025-11-28,regular,COL,MIN,2,3,41,0.596491,0/1,0.0,2,12,12,16,2,39,0.403509,0/1,0.0,2,25,17,14,4
2025020379,2025-11-28,regular,NJD,BUF,5,0,23,0.561404,0/1,0.0,9,20,20,19,8,42,0.438596,0/2,0.0,7,24,9,19,6
2025020380,2025-11-28,regular,CGY,FLA,5,3,34,0.521127,1/2,0.5,4,20,28,14,3,41,0.478873,0/2,0.0,4,30,11,10,4
2025020381,2025-11-28,regular,PHI,NYI,4,3,21,0.469388,1/2,0.5,10,20,18,13,4,31,0.530612,1/5,0.2,4,17,11,16,5
2025020382,2025-11-28,regular,OTT,STL,3,4,28,0.519231,0/1,0.0,10,20,17,15,7,31,0.480769,0/3,0.0,6,17,15,21,0
2025020383,2025-11-28,regular,MTL,VGK,4,1,19,0.407407,0/1,0.0,4,20,24,11,9,31,0.592593,0/1,0.0,4,15,7,17,2
2025020384,2025-11-28,regular,LAK,ANA,4,5,27,0.527273,0/1,0.0,4,14,24,13,3,31,0.472727,1/2,0.5,2,18,21,19,11
2025020385,2025-11-28,regular,VAN,SJS,2,3,34,0.393939,0/8,0.0,16,17,9,13,4,24,0.606061,2/6,0.333333,22,14,15,12,5
2025020386,2025-11-28,regular,TOR,WSH,2,4,22,0.592593,0/0,0.0,4,28,14,17,4,34,0.407407,0/2,0.0,0,17,12,22,0
2025020387,2025-11-28,regular,WPG,CAR,1,5,13,0.546875,0/2,0.0,12,32,17,15,2,35,0.453125,0/4,0.0,8,13,14,12,6
2025020388,2025-11-28,regular,PIT,CBJ,4,3,24,0.491525,0/2,0.0,4,18,20,13,5,29,0.508475,0/2,0.0,4,16,14,19,3
2025020389,2025-11-28,regular,NSH,CHI,4,3,29,0.629032,0/2,0.0,10,21,20,11,6,27,0.370968,1/4,0.25,6,15,13,16,4
2025020390,2025-11-28,regular,UTA,DAL,3,4,30,0.5,0/2,0.0,10,22,10,18,3,28,0.5,2/5,0.4,4,19,6,14,6
2025020391,2025-11-29,regular,TBL,NYR,4,1,35,0.354167,0/2,0.0,4,16,20,19,3,13,0.645833,0/2,0.0,4,24,15,13,3
2025020392,2025-11-29,regular,MTL,COL,2,7,23,0.448276,1/2,0.5,10,27,17,17,4,36,0.551724,1/4,0.25,6,13,10,18,5
2025020393,2025-11-29,regular,EDM,SEA,4,0,25,0.444444,2/2,1.0,32,19,16,15,4,26,0.555556,0/6,0.0,24,18,11,15,5
2025020394,2025-11-29,regular,DET,BOS,2,3,26,0.528302,0/5,0.0,11,24,9,21,3,20,0.471698,1/2,0.5,17,28,17,16,6
2025020395,2025-11-29,regular,PHI,NJD,5,3,31,0.430769,0/2,0.0,10,20,23,12,5,32,0.569231,1/4,0.25,6,20,7,16,3
2025020396,2025-11-29,regular,TOR,PIT,7,2,23,0.545455,1/3,0.333333,10,19,26,19,6,35,0.454545,1/3,0.333333,10,16,11,11,2
2025020397,2025-11-29,regular,WPG,NSH,5,2,27,0.515625,0/4,0.0,15,27,14,14,5,23,0.484375,1/4,0.25,15,19,8,14,3
2025020398,2025-11-29,regular,UTA,STL,0,1,18,0.543478,0/2,0.0,4,20,13,13,4,19,0.456522,0/2,0.0,17,26,23,18,5
2025020399,2025-11-29,regular,BUF,MIN,3,2,33,0.448276,0/3,0.0,6,20,8,18,6,24,0.551724,0/3,0.0,6,18,14,15,6
2025020400,2025-11-29,regular,SJS,VGK,3,4,21,0.389831,1/2,0.5,4,25,22,20,5,24,0.610169,1/2,0.5,4,6,18,12,4
2025020401,2025-11-29,regular,VAN,LAK,1,2,20,0.534483,0/3,0.0,8,16,13,11,6,23,0.465517,0/4,0.0,6,14,11,15,4
2025020402,2025-11-30,regular,WSH,NYI,4,1,19,0.413043,1/2,0.5,6,21,13,8,3,31,0.586957,1/3,0.333333,4,23,13,18,6
2025020403,2025-11-30,regular,ANA,CHI,3,5,26,0.537037,0/3,0.0,8,22,9,10,3,18,0.462963,2/4,0.5,6,15,19,16,5
2025020404,2025-11-30,regular,CGY,CAR,0,1,16,0.472727,0/1,0.0,14,21,25,22,4,17,0.527273,0/1,0.0,4,18,7,14,5
2025020405,2025-11-30,regular,OTT,DAL,1,6,16,0.508772,0/3,0.0,10,31,9,18,5,26,0.491228,2/4,0.5,8,21,11,15,6
2025020406,2025-12-01,regular,CBJ,NJD,5,3,25,0.641509,1/3,0.333333,34,21,11,15,7,33,0.358491,2/5,0.4,40,23,11,14,5
2025020407,2025-12-01,regular,PIT,PHI,5,1,27,0.509091,3/4,0.75,14,18,12,15,7,29,0.490909,1/7,0.142857,8,27,13,20,2
2025020408,2025-12-01,regular,WPG,BUF,1,5,24,0.477273,0/2,0.0,26,35,17,13,1,31,0.522727,1/3,0.333333,14,12,8,8,6
2025020409,2025-12-01,regular,ANA,STL,4,1,26,0.351852,0/3,0.0,12,17,22,17,6,22,0.648148,0/6,0.0,6,15,8,15,3
2025020410,2025-12-01,regular,UTA,SJS,3,6,34,0.606557,0/3,0.0,8,16,17,17,1,30,0.393443,1/4,0.25,6,19,8,10,6
2025020411,2025-12-02,regular,OTT,MTL,5,2,29,0.529412,0/2,0.0,10,21,16,10,7,22,0.470588,2/3,0.666667,8,33,16,14,4
2025020412,2025-12-02,regular,BOS,DET,4,5,38,0.482759,0/2,0.0,28,27,15,14,5,32,0.517241,1/3,0.333333,6,18,20,18,5
2025020413,2025-12-02,regular,TOR,FLA,4,1,31,0.722222,0/3,0.0,2,22,20,10,7,26,0.277778,0/1,0.0,6,27,11,10,4
2025020414,2025-12-02,regular,TBL,NYI,1,2,31,0.52381,0/3,0.0,6,14,7,13,4,24,0.47619,0/3,0.0,6,19,19,17,3
2025020415,2025-12-02,regular,DAL,NYR,2,3,26,0.55,0/2,0.0,10,17,14,13,5,41,0.45,0/5,0.0,4,27,14,12,4
2025020416,2025-12-02,regular,CGY,NSH,1,5,28,0.589286,1/3,0.333333,18,24,10,25,5,28,0.410714,0/3,0.0,20,18,9,14,8
2025020417,2025-12-02,regular,VAN,COL,1,3,21,0.468085,0/1,0.0,2,17,11,15,4,31,0.531915,0/1,0.0,2,18,16,17,5
2025020418,2025-12-02,regular,MIN,EDM,1,0,24,0.387755,0/2,0.0,6,25,20,12,8,33,0.612245,0/3,0.0,4,19,13,18,4
2025020419,2025-12-02,regular,CHI,VGK,3,4,30,0.596491,0/5,0.0,4,9,16,15,4,28,0.403509,0/2,0.0,10,20,18,13,5
2025020420,2025-12-02,regular,WSH,LAK,3,1,25,0.530612,1/2,0.5,9,20,21,15,6,25,0.469388,0/2,0.0,9,13,5,13,6
2025020421,2025-12-03,regular,DAL,NJD,3,0,28,0.381818,0/1,0.0,6,12,24,16,7,30,0.618182,0/2,0.0,4,23,9,21,4
2025020422,2025-12-03,regular,WPG,MTL,2,3,32,0.393443,0/1,0.0,7,22,15,26,6,31,0.606557,1/1,1.0,7,25,19,15,5
2025020423,2025-12-03,regular,BUF,PHI,2,5,29,0.473684,1/6,0.166667,25,16,20,13,3,35,0.526316,2/5,0.4,14,18,15,9,7
2025020424,2025-12-03,regular,UTA,ANA,7,0,34,0.47619,1/2,0.5,6,30,25,11,4,27,0.52381,0/3,0.0,4,22,13,14,3
2025020425,2025-12-03,regular,WSH,SJS,7,1,31,0.56,1/2,0.5,10,10,16,15,6,24,0.44,1/5,0.2,4,19,6,12,5
2025020426,2025-12-04,regular,STL,BOS,2,5,39,0.508475,0/2,0.0,4,31,7,18,3,27,0.491525,1/2,0.5,4,19,11,19,6
2025020427,2025-12-04,regular,NYR,OTT,4,2,28,0.54902,0/1,0.0,6,20,13,18,2,27,0.45098,2/3,0.666667,2,29,17,13,6
2025020428,2025-12-04,regular,PIT,TBL,4,3,31,0.542373,2/4,0.5,17,21,14,13,4,40,0.457627,1/6,0.166667,13,13,4,20,5
2025020429,2025-12-04,regular,NSH,FLA,2,1,29,0.646154,0/5,0.0,14,19,12,17,3,31,0.353846,0/6,0.0,12,19,9,17,5
2025020430,2025-12-04,regular,COL,NYI,3,6,38,0.545455,0/3,0.0,10,26,12,16,5,42,0.454545,1/4,0.25,6,18,20,10,3
2025020431,2025-12-04,regular,TOR,CAR,5,1,24,0.564516,0/2,0.0,6,20,20,18,5,33,0.435484,0/3,0.0,4,18,4,13,6
2025020432,2025-12-04,regular,DET,CBJ,5,6,33,0.451613,3/5,0.6,6,15,21,15,5,32,0.548387,2/3,0.666667,10,24,11,14,6
2025020433,2025-12-04,regular,MIN,CGY,1,4,27,0.490566,0/5,0.0,2,24,17,14,5,31,0.509434,0/1,0.0,10,22,14,13,3
2025020434,2025-12-04,regular,SEA,EDM,4,9,32,0.46,1/3,0.333333,10,23,7,14,6,32,0.54,4/5,0.8,6,22,20,13,3
2025020435,2025-12-04,regular,CHI,LAK,2,1,36,0.440678,1/3,0.333333,10,13,25,15,6,27,0.559322,0/5,0.0,6,20,20,19,4
2025020436,2025-12-05,regular,VGK,NJD,3,0,25,0.468085,2/2,1.0,4,21,23,19,5,24,0.531915,0/2,0.0,4,15,11,16,7
2025020437,2025-12-05,regular,BUF,WPG,1,4,35,0.464286,1/2,0.5,4,22,7,13,6,23,0.535714,0/1,0.0,6,33,9,16,2
2025020438,2025-12-05,regular,SJS,DAL,1,4,17,0.444444,0/4,0.0,6,24,9,13,6,24,0.555556,1/2,0.5,10,17,17,10,6
2025020439,2025-12-05,regular,UTA,VAN,4,1,18,0.473684,1/2,0.5,8,25,23,18,6,33,0.526316,0/3,0.0,6,21,12,20,6
2025020440,2025-12-05,regular,WSH,ANA,3,4,21,0.46,0/3,0.0,10,21,21,21,4,38,0.54,0/5,0.0,6,18,19,16,7
2025020441,2025-12-06,regular,COL,NYR,3,2,42,0.424242,0/2,0.0,4,21,13,13,4,27,0.575758,0/2,0.0,4,32,18,21,3
2025020442,2025-12-06,regular,CBJ,FLA,6,7,31,0.426471,1/4,0.25,8,15,20,21,5,40,0.573529,2/4,0.5,8,30,7,12,4
2025020443,2025-12-06,regular,NJD,BOS,1,4,30,0.436364,0/1,0.0,2,15,16,17,4,22,0.563636,0/1,0.0,2,24,18,22,5
2025020444,2025-12-06,regular,MTL,TOR,2,1,34,0.419355,1/4,0.25,6,21,11,12,3,23,0.580645,0/3,0.0,8,28,8,12,5
2025020445,2025-12-06,regular,STL,OTT,2,1,20,0.507463,0/2,0.0,20,22,21,17,1,42,0.492537,1/7,0.142857,10,25,10,10,7
2025020446,2025-12-06,regular,NYI,TBL,2,0,19,0.425532,1/3,0.333333,4,22,22,16,2,32,0.574468,0/2,0.0,6,21,10,10,7
2025020447,2025-12-06,regular,NSH,CAR,3,6,22,0.584416,1/3,0.333333,14,19,14,18,5,40,0.415584,2/6,0.333333,8,12,9,17,5
2025020448,2025-12-06,regular,UTA,CGY,0,2,28,0.350877,0/2,0.0,7,22,14,17,4,23,0.649123,0/1,0.0,9,20,19,11,8
2025020449,2025-12-06,regular,CHI,LAK,0,6,23,0.403509,0/3,0.0,6,10,11,18,5,32,0.596491,1/2,0.5,8,20,10,23,7
2025020450,2025-12-06,regular,WPG,EDM,2,6,21,0.463415,0/1,0.0,4,36,6,12,5,27,0.536585,1/1,1.0,4,9,12,16,2
2025020451,2025-12-06,regular,MIN,VAN,2,4,30,0.366667,1/3,0.333333,10,22,13,16,4,21,0.633333,0/3,0.0,10,27,9,13,4
2025020452,2025-12-06,regular,DET,SEA,4,3,25,0.555556,1/1,1.0,6,19,25,14,7,27,0.444444,0/2,0.0,4,17,20,8,6
2025020453,2025-12-07,regular,COL,PHI,3,2,28,0.520833,1/2,0.5,2,18,18,16,5,25,0.479167,0/1,0.0,4,21,20,16,7
2025020454,2025-12-07,regular,NYI,FLA,1,4,21,0.489796,0/1,0.0,6,23,16,13,4,30,0.510204,0/1,0.0,6,18,16,12,6
2025020455,2025-12-07,regular,SJS,CAR,4,1,23,0.507937,1/2,0.5,8,21,26,9,4,29,0.492063,1/3,0.333333,6,12,9,18,6
2025020456,2025-12-07,regular,PIT,DAL,2,3,29,0.531915,0/2,0.0,2,26,19,13,5,23,0.468085,0/1,0.0,4,17,20,23,5
2025020457,2025-12-07,regular,STL,MTL,4,3,18,0.592593,1/2,0.5,6,34,19,15,5,26,0.407407,0/2,0.0,6,14,9,16,2
2025020458,2025-12-07,regular,VGK,NYR,3,2,28,0.530612,0/1,0.0,9,15,11,18,7,24,0.469388,0/0,0.0,11,33,23,16,3
2025020459,2025-12-07,regular,CBJ,WSH,0,2,39,0.47541,0/3,0.0,8,12,7,17,5,38,0.52459,0/4,0.0,6,16,11,15,4
2025020460,2025-12-07,regular,CHI,ANA,1,7,20,0.482759,1/2,0.5,10,15,10,17,5,53,0.517241,2/5,0.4,4,15,8,12,4
2025020461,2025-12-08,regular,TBL,TOR,0,2,29,0.436364,0/1,0.0,24,16,8,19,4,25,0.563636,0/2,0.0,12,20,14,10,8
2025020462,2025-12-08,regular,LAK,UTA,4,2,27,0.403509,0/1,0.0,8,17,15,13,2,21,0.596491,1/4,0.25,2,32,18,12,5
2025020463,2025-12-08,regular,BUF,CGY,4,7,29,0.471429,2/6,0.333333,16,19,8,9,4,28,0.528571,2/5,0.4,18,17,17,14,4
2025020464,2025-12-08,regular,DET,VAN,4,0,21,0.5,0/2,0.0,6,15,23,17,5,39,0.5,0/3,0.0,4,27,7,12,3
2025020465,2025-12-08,regular,MIN,SEA,4,1,29,0.44,0/3,0.0,8,24,17,13,7,24,0.56,1/3,0.333333,8,16,20,19,4
2025020466,2025-12-09,regular,TBL,MTL,6,1,27,0.302326,1/3,0.333333,17,27,16,10,4,27,0.697674,1/4,0.25,15,24,18,14,3
2025020467,2025-12-09,regular,NJD,OTT,4,3,32,0.461538,0/3,0.0,8,15,15,17,5,38,0.538462,3/3,1.0,8,22,11,16,2
2025020468,2025-12-09,regular,VGK,NYI,4,5,37,0.48,0/4,0.0,8,14,12,20,6,27,0.52,1/2,0.5,10,24,10,15,8
2025020469,2025-12-09,regular,SJS,PHI,1,4,18,0.333333,0/2,0.0,4,28,20,17,3,30,0.666667,0/2,0.0,4,17,11,10,4
2025020470,2025-12-09,regular,ANA,PIT,4,3,28,0.509091,0/1,0.0,10,24,17,17,7,47,0.490909,1/5,0.2,2,11,13,19,9
2025020471,2025-12-09,regular,CBJ,CAR,1,4,24,0.392857,1/3,0.333333,8,14,18,11,6,32,0.607143,1/4,0.25,6,19,16,11,8
2025020472,2025-12-09,regular,BOS,STL,5,2,31,0.421053,0/2,0.0,6,26,21,16,12,26,0.578947,1/2,0.5,6,30,20,14,2
2025020473,2025-12-09,regular,DAL,WPG,4,3,19,0.618182,2/4,0.5,8,8,15,17,5,33,0.381818,0/4,0.0,8,32,10,15,6
2025020474,2025-12-09,regular,BUF,EDM,4,3,28,0.381818,2/6,0.333333,8,14,12,10,6,30,0.618182,0/4,0.0,12,17,15,14,3
2025020475,2025-12-09,regular,COL,NSH,3,4,42,0.5,1/4,0.25,4,9,7,16,7,31,0.5,1/2,0.5,8,11,18,14,3
2025020476,2025-12-10,regular,NYR,CHI,0,3,21,0.680851,0/3,0.0,8,36,13,16,2,25,0.319149,0/3,0.0,6,12,14,9,7
2025020477,2025-12-10,regular,DET,CGY,4,3,29,0.520548,0/2,0.0,10,20,26,18,2,37,0.479452,0/3,0.0,8,15,5,17,7
2025020478,2025-12-10,regular,FLA,UTA,4,3,36,0.491525,0/2,0.0,6,21,15,16,6,30,0.508475,0/3,0.0,4,19,15,13,3
2025020479,2025-12-10,regular,LAK,SEA,2,3,26,0.522388,1/5,0.2,14,18,18,16,4,33,0.477612,3/7,0.428571,10,18,14,11,4
2025020480,2025-12-11,regular,SJS,TOR,3,2,32,0.393443,0/2,0.0,6,22,13,13,2,30,0.606557,1/3,0.333333,4,19,15,16,10
2025020481,2025-12-11,regular,TBL,NJD,8,4,35,0.515152,2/3,0.666667,11,15,13,7,2,37,0.484848,1/3,0.333333,11,32,13,14,6
2025020482,2025-12-11,regular,ANA,NYI,2,5,33,0.457143,0/1,0.0,8,15,13,14,3,37,0.542857,2/4,0.5,2,20,18,19,7
2025020483,2025-12-11,regular,VGK,PHI,3,2,22,0.543478,1/2,0.5,6,23,16,19,4,19,0.456522,0/3,0.0,4,25,13,10,4
2025020484,2025-12-11,regular,MTL,PIT,4,2,29,0.409836,1/4,0.25,12,12,24,12,1,38,0.590164,1/6,0.166667,8,25,19,14,9
2025020485,2025-12-11,regular,CAR,WSH,3,2,39,0.652174,0/2,0.0,7,29,10,16,7,25,0.347826,0/1,0.0,9,21,21,10,3
2025020486,2025-12-11,regular,OTT,CBJ,6,3,29,0.578125,1/2,0.5,2,18,21,16,6,27,0.421875,1/1,1.0,4,23,12,14,4
2025020487,2025-12-11,regular,STL,NSH,2,7,26,0.519231,0/3,0.0,13,27,10,14,2,32,0.480769,1/4,0.25,11,14,15,11,5
2025020488,2025-12-11,regular,DAL,MIN,2,5,18,0.52381,1/1,1.0,6,12,14,13,8,32,0.47619,0/3,0.0,2,26,20,17,6
2025020489,2025-12-11,regular,BOS,WPG,6,3,24,0.520833,2/2,1.0,13,21,18,15,3,29,0.479167,1/4,0.25,9,24,16,10,6
2025020490,2025-12-11,regular,FLA,COL,2,6,25,0.303571,0/2,0.0,6,28,13,11,7,42,0.696429,0/3,0.0,4,11,17,21,5
2025020491,2025-12-11,regular,DET,EDM,1,4,28,0.458333,0/2,0.0,4,9,11,14,5,29,0.541667,1/2,0.5,4,25,20,14,5
2025020492,2025-12-11,regular,BUF,VAN,3,2,15,0.404762,1/2,0.5,10,13,26,17,8,32,0.595238,1/3,0.333333,8,22,7,14,4
2025020493,2025-12-12,regular,CHI,STL,2,3,29,0.442308,0/0,0.0,14,19,11,16,4,26,0.557692,0/1,0.0,12,30,13,13,9
2025020494,2025-12-12,regular,SEA,UTA,3,5,37,0.516667,0/4,0.0,6,14,25,14,4,33,0.483333,1/2,0.5,10,13,17,15,4
2025020495,2025-12-13,regular,ANA,NJD,1,4,31,0.372881,0/3,0.0,4,17,21,16,3,22,0.627119,0/2,0.0,6,17,12,14,5
2025020496,2025-12-13,regular,OTT,MIN,2,3,36,0.564516,2/4,0.5,13,30,7,17,5,25,0.435484,1/3,0.333333,15,21,19,16,4
2025020497,2025-12-13,regular,SJS,PIT,6,5,31,0.507937,1/4,0.25,14,17,16,18,6,43,0.492063,3/5,0.6,12,14,21,9,4
2025020498,2025-12-13,regular,TBL,NYI,2,3,34,0.507246,1/4,0.25,8,27,10,8,6,17,0.492754,1/4,0.25,10,19,20,13,4
2025020499,2025-12-13,regular,EDM,TOR,6,3,37,0.528302,0/2,0.0,2,17,10,18,5,28,0.471698,0/1,0.0,4,25,15,24,4
2025020500,2025-12-13,regular,MTL,NYR,4,5,18,0.469388,0/1,0.0,6,21,23,13,7,29,0.530612,2/2,1.0,4,32,18,14,4
2025020501,2025-12-13,regular,CAR,PHI,4,3,21,0.435484,0/2,0.0,0,19,3,13,6,18,0.564516,0/0,0.0,4,28,21,18,3
2025020502,2025-12-13,regular,VGK,CBJ,3,2,26,0.419355,1/3,0.333333,8,15,20,14,5,30,0.580645,0/4,0.0,6,15,19,16,7
2025020503,2025-12-13,regular,WSH,WPG,1,5,25,0.563636,1/5,0.2,6,20,16,17,3,35,0.436364,1/3,0.333333,10,23,12,11,6
2025020504,2025-12-13,regular,DET,CHI,4,0,24,0.454545,0/3,0.0,6,15,21,13,5,26,0.545455,0/3,0.0,6,30,7,10,2
2025020505,2025-12-13,regular,FLA,DAL,4,0,23,0.527273,1/3,0.333333,13,22,13,18,3,15,0.472727,0/3,0.0,25,13,18,17,8
2025020506,2025-12-13,regular,NSH,COL,2,4,29,0.457627,1/3,0.333333,8,18,19,13,5,41,0.542373,0/4,0.0,6,16,16,15,3
2025020507,2025-12-13,regular,CGY,LAK,2,1,38,0.471429,0/4,0.0,9,12,16,23,5,22,0.528571,0/2,0.0,13,13,15,17,7
2025020508,2025-12-14,regular,VAN,NJD,2,1,15,0.482143,2/3,0.666667,6,22,16,12,4,26,0.517857,0/3,0.0,6,18,11,16,4
2025020509,2025-12-14,regular,UTA,PIT,5,4,36,0.5,1/5,0.2,4,9,7,20,5,16,0.5,0/2,0.0,10,18,17,15,4
2025020510,2025-12-14,regular,PHI,CAR,2,3,26,0.484375,0/4,0.0,14,23,18,13,7,32,0.515625,1/6,0.166667,10,10,10,17,6
2025020511,2025-12-14,regular,BOS,MIN,2,6,31,0.514706,0/2,0.0,6,20,16,14,3,31,0.485294,2/3,0.666667,4,14,14,15,5
2025020512,2025-12-14,regular,EDM,MTL,1,4,28,0.509091,1/5,0.2,8,17,12,20,3,27,0.490909,2/4,0.5,10,20,11,17,4
2025020513,2025-12-14,regular,BUF,SEA,3,1,23,0.468085,0/2,0.0,6,17,13,19,5,24,0.531915,1/3,0.333333,4,23,11,13,5
2025020514,2025-12-15,regular,FLA,TBL,5,2,24,0.467742,1/4,0.25,19,25,17,18,5,28,0.532258,0/5,0.0,17,33,3,14,5
2025020515,2025-12-15,regular,ANA,NYR,4,1,26,0.3125,1/3,0.333333,8,25,14,15,7,27,0.6875,0/4,0.0,6,20,12,13,4
2025020516,2025-12-15,regular,OTT,WPG,3,2,31,0.456522,0/3,0.0,4,31,14,13,7,25,0.543478,0/2,0.0,6,20,15,12,0
2025020517,2025-12-15,regular,NSH,STL,5,2,26,0.653061,1/4,0.25,15,13,7,13,6,22,0.346939,1/3,0.333333,17,22,11,10,2
2025020518,2025-12-15,regular,LAK,DAL,1,4,28,0.5,1/3,0.333333,6,30,15,20,4,26,0.5,0/2,0.0,8,19,18,14,2
2025020519,2025-12-16,regular,UTA,BOS,1,4,21,0.483333,1/3,0.333333,28,21,10,12,4,23,0.516667,1/4,0.25,16,21,23,15,4
2025020520,2025-12-16,regular,CHI,TOR,2,3,25,0.428571,0/1,0.0,6,15,12,13,4,27,0.571429,1/3,0.333333,2,29,14,14,4
2025020521,2025-12-16,regular,PHI,MTL,4,1,21,0.672414,0/3,0.0,4,23,13,15,4,22,0.327586,0/1,0.0,8,21,10,8,2
2025020522,2025-12-16,regular,NYI,DET,2,3,18,0.54717,0/1,0.0,4,16,21,9,3,21,0.45283,2/2,1.0,2,14,19,13,5
2025020523,2025-12-16,regular,VAN,NYR,3,0,17,0.468085,0/3,0.0,8,20,13,14,4,23,0.531915,0/4,0.0,6,26,6,12,6
2025020524,2025-12-16,regular,EDM,PIT,6,4,23,0.62,3/4,0.75,12,8,19,14,4,30,0.38,1/6,0.166667,8,27,8,16,4
2025020525,2025-12-16,regular,ANA,CBJ,3,4,27,0.423077,0/4,0.0,4,20,21,19,2,28,0.576923,0/2,0.0,8,20,19,17,5
2025020526,2025-12-16,regular,WSH,MIN,0,5,25,0.473684,0/2,0.0,8,18,8,9,4,32,0.526316,1/4,0.25,4,22,21,18,3
2025020527,2025-12-16,regular,CGY,SJS,3,6,30,0.451613,0/2,0.0,2,24,12,16,4,26,0.548387,0/1,0.0,4,24,25,22,5
2025020528,2025-12-16,regular,COL,SEA,5,3,39,0.5,1/4,0.25,16,14,14,13,6,38,0.5,1/4,0.25,16,18,26,19,4
2025020529,2025-12-17,regular,LAK,FLA,2,3,29,0.534483,1/4,0.25,8,16,15,12,5,29,0.465517,1/4,0.25,8,28,21,11,5
2025020530,2025-12-17,regular,UTA,DET,4,1,28,0.468085,0/4,0.0,8,21,18,13,4,28,0.531915,1/4,0.25,8,11,15,16,4
2025020531,2025-12-17,regular,WPG,STL,0,1,24,0.627907,0/2,0.0,20,21,9,19,3,26,0.372093,0/4,0.0,6,14,14,11,4
2025020532,2025-12-17,regular,CAR,NSH,4,1,37,0.467532,1/4,0.25,6,11,14,12,7,26,0.532468,0/3,0.0,8,23,15,18,6
2025020533,2025-12-17,regular,NJD,VGK,2,1,33,0.563636,0/2,0.0,8,21,10,11,5,37,0.436364,1/4,0.25,4,21,19,16,6
2025020534,2025-12-18,regular,EDM,BOS,3,1,25,0.460317,1/5,0.2,6,21,19,13,3,26,0.539683,1/3,0.333333,20,22,11,17,5
2025020535,2025-12-18,regular,PHI,BUF,3,5,27,0.535714,0/3,0.0,10,29,10,9,1,28,0.464286,1/5,0.2,6,24,15,25,6
2025020536,2025-12-18,regular,CHI,MTL,1,4,15,0.340426,0/2,0.0,4,14,8,14,8,35,0.659574,0/2,0.0,4,21,13,10,3
2025020537,2025-12-18,regular,PIT,OTT,0,4,25,0.44898,0/2,0.0,6,21,13,22,4,26,0.55102,1/3,0.333333,4,18,11,10,3
2025020538,2025-12-18,regular,LAK,TBL,2,1,20,0.453125,0/1,0.0,20,17,22,20,11,32,0.546875,1/5,0.2,2,18,7,9,2
2025020539,2025-12-18,regular,TOR,WSH,0,4,22,0.541667,0/5,0.0,6,27,13,16,6,29,0.458333,0/3,0.0,10,13,12,18,4
2025020540,2025-12-18,regular,MIN,CBJ,5,2,28,0.358209,1/1,1.0,4,15,18,19,6,29,0.641791,0/2,0.0,2,26,12,16,6
2025020541,2025-12-18,regular,NYR,STL,2,1,31,0.474576,1/2,0.5,8,24,17,15,5,27,0.525424,0/3,0.0,6,13,7,13,5
2025020542,2025-12-18,regular,SEA,CGY,2,4,23,0.42623,1/1,1.0,10,24,14,13,6,46,0.57377,1/5,0.2,2,22,14,8,4
2025020543,2025-12-18,regular,DAL,SJS,5,3,30,0.584615,1/1,1.0,6,16,20,15,6,37,0.415385,0/3,0.0,2,30,11,21,4
2025020544,2025-12-19,regular,CAR,FLA,3,4,29,0.417722,1/3,0.333333,8,27,16,16,8,41,0.582278,0/2,0.0,8,23,14,15,3
2025020545,2025-12-19,regular,VAN,NYI,4,1,31,0.54902,1/3,0.333333,8,10,14,17,6,24,0.45098,0/4,0.0,6,21,12,16,3
2025020546,2025-12-19,regular,WPG,COL,2,3,22,0.509091,1/2,0.5,11,20,15,14,4,26,0.490909,0/3,0.0,9,21,13,12,3
2025020547,2025-12-19,regular,NJD,UTA,2,1,22,0.462963,1/5,0.2,8,12,26,13,5,33,0.537037,1/4,0.25,10,20,16,9,2
2025020548,2025-12-19,regular,DAL,ANA,8,3,25,0.537037,1/3,0.333333,8,8,21,22,4,25,0.462963,0/3,0.0,18,22,13,18,4
2025020549,2025-12-20,regular,PHI,NYR,4,5,32,0.508475,2/5,0.4,13,19,21,10,1,27,0.491525,1/4,0.25,15,23,4,23,7
2025020550,2025-12-20,regular,DET,WSH,5,2,41,0.431373,0/3,0.0,4,10,19,18,6,26,0.568627,0/2,0.0,6,32,18,18,2
2025020551,2025-12-20,regular,CHI,OTT,4,6,24,0.403226,1/3,0.333333,26,21,17,15,5,40,0.596774,1/6,0.166667,10,29,8,7,5
2025020552,2025-12-20,regular,EDM,MIN,2,5,30,0.5,1/2,0.5,4,23,5,11,4,37,0.5,1/2,0.5,4,25,21,16,7
2025020553,2025-12-20,regular,NYI,BUF,2,3,34,0.55,1/3,0.333333,8,25,8,21,4,32,0.45,1/4,0.25,6,18,11,18,5
2025020554,2025-12-20,regular,STL,FLA,6,2,32,0.507692,1/3,0.333333,8,19,14,11,4,29,0.492308,1/4,0.25,6,26,7,15,2
2025020555,2025-12-20,regular,VAN,BOS,5,4,23,0.389831,1/4,0.25,8,29,15,16,5,43,0.610169,1/3,0.333333,10,20,11,16,6
2025020556,2025-12-20,regular,PIT,MTL,0,4,31,0.608696,0/3,0.0,2,24,13,20,4,21,0.391304,1/1,1.0,6,16,16,8,5
2025020557,2025-12-20,regular,CAR,TBL,4,6,22,0.423077,2/5,0.4,10,23,15,13,6,29,0.576923,0/3,0.0,14,19,15,14,1
2025020558,2025-12-20,regular,TOR,NSH,3,5,22,0.622222,0/1,0.0,6,21,23,20,2,34,0.377778,1/2,0.5,4,20,12,13,4
2025020559,2025-12-20,regular,VGK,CGY,3,6,37,0.479167,1/2,0.5,5,27,13,15,4,26,0.520833,0/0,0.0,9,14,12,9,5
2025020560,2025-12-20,regular,CBJ,ANA,3,4,26,0.57377,1/2,0.5,6,12,11,15,4,28,0.42623,0/3,0.0,4,19,26,16,5
2025020561,2025-12-20,regular,SEA,SJS,4,2,32,0.555556,0/1,0.0,8,18,23,9,6,36,0.444444,1/4,0.25,2,19,8,13,7
2025020562,2025-12-21,regular,WSH,DET,2,3,33,0.491228,0/1,0.0,4,11,13,12,3,27,0.508772,1/2,0.5,2,16,18,18,8
2025020563,2025-12-21,regular,COL,MIN,5,1,42,0.552632,2/4,0.5,6,17,8,20,6,29,0.447368,0/3,0.0,8,13,25,11,2
2025020564,2025-12-21,regular,OTT,BOS,6,2,28,0.508197,2/4,0.5,54,22,17,22,6,20,0.491803,1/5,0.2,42,32,11,15,2
2025020565,2025-12-21,regular,BUF,NJD,3,1,25,0.411765,0/0,0.0,2,20,23,16,7,27,0.588235,0/1,0.0,0,16,13,18,2
2025020566,2025-12-21,regular,MTL,PIT,3,4,25,0.480769,0/2,0.0,8,25,18,19,5,31,0.519231,1/3,0.333333,6,30,11,16,4
2025020567,2025-12-21,regular,NYR,NSH,1,2,17,0.636364,0/3,0.0,4,17,19,19,2,32,0.363636,0/2,0.0,6,18,16,12,6
2025020568,2025-12-21,regular,TOR,DAL,1,5,28,0.608696,0/4,0.0,6,24,9,24,3,22,0.391304,0/3,0.0,8,11,12,10,6
2025020569,2025-12-21,regular,WPG,UTA,3,4,26,0.509434,1/3,0.333333,6,27,15,11,6,22,0.490566,0/3,0.0,6,16,13,13,4
2025020570,2025-12-21,regular,VGK,EDM,3,4,31,0.537037,2/5,0.4,6,32,13,17,4,21,0.462963,2/3,0.666667,10,24,16,22,2
2025020571,2025-12-22,regular,STL,TBL,1,4,24,0.509091,0/2,0.0,8,27,16,14,4,17,0.490909,2/4,0.5,4,10,15,11,6
2025020572,2025-12-22,regular,VAN,PHI,2,5,25,0.578947,0/2,0.0,2,33,18,13,3,39,0.421053,0/1,0.0,4,14,12,12,1
2025020573,2025-12-22,regular,SEA,ANA,3,1,21,0.42623,1/3,0.333333,16,24,13,16,4,41,0.57377,0/2,0.0,18,24,12,13,7
2025020574,2025-12-22,regular,CBJ,LAK,3,1,30,0.533333,3/7,0.428571,12,15,12,14,6,24,0.466667,0/5,0.0,16,19,10,15,4
2025020575,2025-12-23,regular,PIT,TOR,3,6,32,0.413793,0/1,0.0,6,16,7,14,7,31,0.586207,0/2,0.0,6,19,14,19,6
2025020576,2025-12-23,regular,NYR,WSH,7,3,21,0.541667,1/4,0.25,6,18,18,14,3,32,0.458333,1/3,0.333333,8,13,17,11,2
2025020577,2025-12-23,regular,MTL,BOS,6,2,29,0.473684,2/7,0.285714,32,23,18,11,3,28,0.526316,1/5,0.2,36,27,16,20,7
2025020578,2025-12-23,regular,BUF,OTT,3,2,25,0.4375,0/1,0.0,8,15,16,10,4,26,0.5625,1/3,0.333333,4,19,9,11,5
2025020579,2025-12-23,regular,DAL,DET,3,4,22,0.482143,2/5,0.4,6,20,8,15,4,25,0.517857,2/3,0.666667,10,16,16,12,4
2025020580,2025-12-23,regular,NJD,NYI,1,2,32,0.55,0/0,0.0,0,15,20,15,1,25,0.45,0/0,0.0,0,26,11,14,8
2025020581,2025-12-23,regular,FLA,CAR,5,2,22,0.431373,1/4,0.25,6,32,11,17,5,19,0.568627,0/2,0.0,12,35,12,11,5
2025020582,2025-12-23,regular,NSH,MIN,3,2,29,0.607843,2/4,0.5,8,22,10,13,5,32,0.392157,0/3,0.0,10,27,9,15,4
2025020583,2025-12-23,regular,PHI,CHI,3,1,26,0.372549,1/4,0.25,10,12,16,14,4,21,0.627451,0/4,0.0,10,17,10,17,0
2025020584,2025-12-23,regular,UTA,COL,0,1,32,0.551724,0/3,0.0,4,16,19,16,3,26,0.448276,0/2,0.0,6,20,21,21,5
2025020585,2025-12-23,regular,CGY,EDM,1,5,19,0.566038,0/4,0.0,89,27,13,21,5,39,0.433962,3/6,0.5,65,14,21,15,5
2025020586,2025-12-23,regular,SJS,VGK,2,7,23,0.526316,0/1,0.0,8,25,6,15,6,26,0.473684,1/4,0.25,4,13,9,20,6
2025020587,2025-12-23,regular,SEA,LAK,3,2,28,0.478873,1/2,0.5,6,17,19,13,6,37,0.521127,0/3,0.0,4,25,5,15,5
2025020588,2025-12-27,regular,NYR,NYI,0,2,27,0.578947,0/3,0.0,12,24,17,9,4,26,0.421053,0/5,0.0,8,14,19,15,9
2025020589,2025-12-27,regular,BOS,BUF,1,4,23,0.576923,0/1,0.0,6,27,12,17,4,34,0.423077,0/3,0.0,2,18,13,19,8
2025020590,2025-12-27,regular,OTT,TOR,5,7,31,0.563636,0/1,0.0,8,30,6,18,4,33,0.436364,2/3,0.666667,4,32,7,17,6
2025020591,2025-12-27,regular,TBL,FLA,4,2,25,0.48,0/6,0.0,87,32,17,10,5,26,0.52,1/10,0.1,49,27,9,10,3
2025020592,2025-12-27,regular,WSH,NJD,4,3,33,0.660714,0/1,0.0,6,14,21,10,4,38,0.339286,1/2,0.5,4,17,10,15,8
2025020593,2025-12-27,regular,DET,CAR,2,5,20,0.569231,1/2,0.5,4,22,17,16,2,38,0.430769,0/1,0.0,6,22,6,17,8
2025020594,2025-12-27,regular,MIN,WPG,4,3,19,0.466667,1/4,0.25,11,19,18,17,5,26,0.533333,0/3,0.0,13,16,15,14,3
2025020595,2025-12-27,regular,NSH,STL,2,3,32,0.377358,0/2,0.0,4,17,3,13,3,20,0.622642,1/2,0.5,4,25,19,17,5
2025020596,2025-12-27,regular,CHI,DAL,4,3,33,0.431373,0/2,0.0,8,29,13,13,6,31,0.568627,0/4,0.0,4,16,14,18,5
2025020597,2025-12-27,regular,ANA,LAK,1,6,26,0.55102,1/2,0.5,12,16,13,18,4,30,0.44898,1/4,0.25,8,12,16,17,3
2025020598,2025-12-27,regular,EDM,CGY,2,3,31,0.632653,1/3,0.333333,6,13,21,25,7,32,0.367347,0/2,0.0,8,29,24,16,6
2025020599,2025-12-27,regular,SJS,VAN,6,3,37,0.444444,1/5,0.2,8,12,13,16,7,27,0.555556,1/4,0.25,10,25,9,19,2
2025020600,2025-12-27,regular,COL,VGK,6,5,39,0.532258,0/1,0.0,6,16,8,15,5,25,0.467742,0/3,0.0,2,21,27,19,5
2025020601,2025-12-28,regular,TOR,DET,2,3,27,0.466667,1/2,0.5,4,24,11,11,5,36,0.533333,0/1,0.0,6,12,14,15,4
2025020602,2025-12-28,regular,MTL,TBL,4,5,35,0.627119,0/4,0.0,7,26,11,13,8,21,0.372881,0/1,0.0,13,17,23,18,3
2025020603,2025-12-28,regular,NYI,CBJ,2,4,26,0.559322,0/2,0.0,21,15,20,12,5,35,0.440678,0/4,0.0,8,25,17,20,4
2025020604,2025-12-28,regular,PIT,CHI,7,3,24,0.534483,1/2,0.5,11,17,17,20,6,24,0.465517,0/3,0.0,9,26,4,15,4
2025020605,2025-12-28,regular,PHI,SEA,1,4,33,0.52,0/3,0.0,0,16,16,13,4,20,0.48,0/0,0.0,6,18,17,17,3
2025020606,2025-12-29,regular,CBJ,OTT,4,1,22,0.526316,0/3,0.0,13,23,16,20,5,28,0.473684,0/4,0.0,11,18,10,14,3
2025020607,2025-12-29,regular,WSH,FLA,3,5,27,0.534483,1/6,0.166667,12,19,21,15,6,29,0.465517,1/6,0.166667,12,16,6,17,4
2025020608,2025-12-29,regular,NYR,CAR,2,3,20,0.402778,1/2,0.5,8,23,18,15,4,35,0.597222,2/4,0.5,4,25,11,18,5
2025020609,2025-12-29,regular,EDM,WPG,3,1,21,0.6,1/1,1.0,11,22,17,21,9,42,0.4,0/3,0.0,7,32,8,13,3
2025020610,2025-12-29,regular,BUF,STL,4,2,34,0.555556,0/3,0.0,2,18,11,12,5,18,0.444444,0/1,0.0,6,27,18,17,3
2025020611,2025-12-29,regular,LAK,COL,2,5,25,0.5,1/3,0.333333,8,29,11,18,4,26,0.5,0/4,0.0,6,18,9,17,3
2025020612,2025-12-29,regular,NSH,UTA,4,3,26,0.471429,1/2,0.5,8,16,19,10,4,31,0.528571,1/4,0.25,4,16,16,15,3
2025020613,2025-12-29,regular,BOS,CGY,1,2,26,0.510638,0/3,0.0,10,18,17,17,11,20,0.489362,1/5,0.2,6,21,14,14,4
2025020614,2025-12-29,regular,MIN,VGK,5,2,27,0.529412,0/2,0.0,4,17,20,15,4,16,0.470588,0/2,0.0,17,30,13,13,4
2025020615,2025-12-29,regular,SJS,ANA,5,4,13,0.448276,0/2,0.0,6,17,19,18,4,42,0.551724,0/3,0.0,4,18,11,17,7
2025020616,2025-12-29,regular,VAN,SEA,3,2,24,0.546875,0/2,0.0,17,22,15,12,5,39,0.453125,1/6,0.166667,9,21,17,14,3
2025020617,2025-12-30,regular,NJD,TOR,0,4,33,0.442308,0/3,0.0,11,18,11,15,5,30,0.557692,1/3,0.333333,11,18,16,9,2
2025020618,2025-12-30,regular,MTL,FLA,3,2,29,0.557377,1/4,0.25,8,16,18,13,7,30,0.442623,1/4,0.25,8,30,11,9,1
2025020619,2025-12-30,regular,CAR,PIT,1,5,28,0.472727,0/0,0.0,4,21,15,21,4,28,0.527273,1/2,0.5,0,15,19,15,7
2025020620,2025-12-30,regular,NYI,CHI,3,2,21,0.54,1/3,0.333333,6,28,9,24,6,19,0.46,1/2,0.5,8,23,16,12,5
2025020621,2025-12-30,regular,PHI,VAN,6,3,33,0.561404,0/1,0.0,15,26,15,17,3,35,0.438596,0/4,0.0,9,29,16,19,5
2025020622,2025-12-31,regular,NYR,WSH,3,6,25,0.5,1/1,1.0,11,21,27,17,5,27,0.5,1/3,0.333333,7,21,21,18,5
2025020623,2025-12-31,regular,NSH,VGK,4,2,19,0.523077,2/4,0.5,6,26,18,12,7,31,0.476923,1/3,0.333333,18,26,11,17,4
2025020624,2025-12-31,regular,TBL,ANA,4,3,29,0.381818,1/3,0.333333,6,19,12,15,6,28,0.618182,1/3,0.333333,6,13,12,22,6
2025020625,2025-12-31,regular,MIN,SJS,3,4,23,0.446429,0/1,0.0,2,19,13,14,3,28,0.553571,1/1,1.0,2,19,22,19,5
2025020626,2025-12-31,regular,WPG,DET,1,2,24,0.489362,0/3,0.0,6,24,11,13,6,19,0.510638,1/3,0.333333,6,14,20,12,4
2025020627,2025-12-31,regular,NJD,CBJ,3,2,33,0.5,1/1,1.0,11,17,10,14,5,35,0.5,0/3,0.0,7,26,11,18,8
2025020628,2025-12-31,regular,BUF,DAL,4,1,31,0.583333,0/2,0.0,4,24,9,14,4,29,0.416667,0/2,0.0,4,15,12,12,3
2025020629,2025-12-31,regular,STL,COL,1,6,13,0.461538,0/3,0.0,6,22,24,20,4,43,0.538462,1/3,0.333333,6,6,7,12,5
2025020630,2025-12-31,regular,PHI,CGY,1,5,26,0.454545,0/2,0.0,8,23,18,13,6,26,0.545455,2/3,0.666667,6,15,15,12,7
2025020631,2025-12-31,regular,BOS,EDM,6,2,29,0.491803,1/3,0.333333,47,14,13,13,6,36,0.508197,0/5,0.0,43,18,14,16,4
2025020632,2026-01-01,regular,WSH,OTT,3,4,29,0.508772,1/4,0.25,17,15,19,9,5,32,0.491228,0/4,0.0,17,32,14,17,6
2025020633,2026-01-01,regular,UTA,NYI,7,2,21,0.489796,2/5,0.4,10,16,14,18,3,22,0.510204,1/5,0.2,10,13,13,9,6
2025020634,2026-01-01,regular,WPG,TOR,5,6,40,0.5,1/2,0.5,2,17,12,14,4,30,0.5,1/1,1.0,4,23,11,15,6
2025020635,2026-01-01,regular,DET,PIT,3,4,27,0.473684,2/8,0.25,6,21,17,11,4,31,0.526316,1/3,0.333333,16,15,18,11,4
2025020636,2026-01-01,regular,MTL,CAR,7,5,23,0.444444,0/1,0.0,6,26,15,18,4,25,0.555556,2/3,0.666667,2,18,10,19,9
2025020637,2026-01-01,regular,DAL,CHI,3,4,25,0.534884,0/1,0.0,8,29,16,17,4,21,0.465116,2/4,0.5,2,20,17,15,7
2025020638,2026-01-01,regular,NSH,SEA,1,4,25,0.533333,1/2,0.5,2,23,16,20,6,23,0.466667,0/1,0.0,4,20,21,17,4
2025020639,2026-01-01,regular,TBL,LAK,5,3,24,0.5,1/2,0.5,11,22,12,10,2,20,0.5,2/3,0.666667,9,20,21,19,6
2025020640,2026-01-02,regular,VGK,STL,3,4,25,0.431373,0/2,0.0,4,21,14,16,6,19,0.568627,0/2,0.0,4,19,9,18,6
2025020641,2026-01-02,regular,NYR,FLA,5,1,20,0.574074,2/3,0.666667,12,20,27,9,3,37,0.425926,1/6,0.166667,6,38,11,10,5
2025020642,2026-01-02,regular,SEA,VAN,4,3,28,0.444444,1/2,0.5,6,13,20,21,5,24,0.555556,2/3,0.666667,4,26,6,23,5
2025020643,2026-01-02,regular,MIN,ANA,5,2,34,0.472727,1/4,0.25,2,11,18,15,2,28,0.527273,0/1,0.0,8,22,20,22,6
2025020644,2026-01-03,regular,PIT,DET,4,1,31,0.541667,0/2,0.0,4,20,13,16,8,12,0.458333,0/2,0.0,4,21,12,19,2
2025020645,2026-01-03,regular,UTA,NJD,1,4,31,0.481481,0/2,0.0,6,28,8,12,4,30,0.518519,1/3,0.333333,4,24,14,17,5
2025020646,2026-01-03,regular,BUF,CBJ,1,5,33,0.525424,0/5,0.0,6,15,15,21,2,35,0.474576,0/1,0.0,14,23,13,14,5
2025020647,2026-01-03,regular,PHI,EDM,5,2,29,0.590164,0/2,0.0,11,15,15,12,3,25,0.409836,1/2,0.5,9,12,18,15,5
2025020648,2026-01-03,regular,MTL,STL,0,2,26,0.561404,0/4,0.0,4,15,10,14,5,19,0.438596,0/2,0.0,8,16,17,17,4
2025020649,2026-01-03,regular,TBL,SJS,7,3,26,0.440678,3/5,0.6,16,8,8,19,2,22,0.559322,1/3,0.333333,30,23,17,13,7
2025020650,2026-01-03,regular,WPG,OTT,2,4,23,0.589286,0/4,0.0,10,18,7,8,7,27,0.410714,2/5,0.4,18,20,19,10,5
2025020651,2026-01-03,regular,TOR,NYI,3,4,21,0.571429,0/1,0.0,4,19,11,19,2,25,0.428571,0/1,0.0,4,21,11,17,6
2025020652,2026-01-03,regular,CHI,WSH,3,2,33,0.489796,1/2,0.5,2,11,9,19,9,34,0.510204,0/1,0.0,4,23,19,17,2
2025020653,2026-01-03,regular,COL,CAR,5,3,34,0.629032,2/5,0.4,6,19,10,13,5,28,0.370968,1/3,0.333333,10,18,15,16,2
2025020654,2026-01-03,regular,NSH,CGY,4,3,36,0.575342,0/1,0.0,28,23,15,22,7,23,0.424658,0/2,0.0,26,26,12,17,4
2025020655,2026-01-03,regular,MIN,LAK,4,5,28,0.507937,1/4,0.25,6,17,21,16,5,38,0.492063,1/3,0.333333,8,15,18,19,4
2025020656,2026-01-03,regular,BOS,VAN,3,2,22,0.672414,2/3,0.666667,12,16,17,15,3,34,0.327586,1/6,0.166667,6,32,12,13,6
2025020657,2026-01-04,regular,MTL,DAL,4,3,28,0.422222,1/5,0.2,6,30,13,14,3,27,0.577778,0/3,0.0,10,15,16,15,7
2025020658,2026-01-04,regular,PIT,CBJ,5,4,43,0.53125,1/3,0.333333,0,14,14,14,5,25,0.46875,0/0,0.0,6,22,19,21,7
2025020659,2026-01-04,regular,COL,FLA,1,2,28,0.548387,0/4,0.0,6,15,8,19,4,25,0.451613,0/3,0.0,8,25,9,16,7
2025020660,2026-01-04,regular,CAR,NJD,3,1,29,0.559322,0/3,0.0,10,16,18,19,6,29,0.440678,0/5,0.0,6,22,9,12,3
2025020661,2026-01-04,regular,VGK,CHI,2,3,15,0.537037,0/1,0.0,4,34,19,14,2,20,0.462963,0/2,0.0,2,15,8,16,7
2025020662,2026-01-05,regular,UTA,NYR,3,2,27,0.5,0/1,0.0,10,18,9,14,7,24,0.5,2/4,0.5,4,38,14,16,5
2025020663,2026-01-05,regular,ANA,WSH,4,7,45,0.430769,0/3,0.0,14,13,7,12,6,29,0.569231,0/2,0.0,16,20,22,13,3
2025020664,2026-01-05,regular,DET,OTT,5,3,21,0.413333,1/5,0.2,12,13,11,13,4,37,0.586667,1/6,0.166667,10,20,12,18,5
2025020665,2026-01-05,regular,SEA,CGY,5,1,28,0.454545,0/1,0.0,2,20,14,16,2,42,0.545455,0/1,0.0,2,35,12,20,6
2025020666,2026-01-05,regular,MIN,LAK,2,4,35,0.481481,1/6,0.166667,4,22,19,15,7,33,0.518519,0/1,0.0,14,10,16,20,5
2025020667,2026-01-06,regular,VAN,BUF,3,5,37,0.464286,1/4,0.25,2,17,8,16,4,20,0.535714,0/1,0.0,8,16,14,15,5
2025020668,2026-01-06,regular,COL,TBL,2,4,33,0.690909,0/2,0.0,6,20,19,19,4,28,0.309091,1/2,0.5,18,21,16,12,5
2025020669,2026-01-06,regular,NJD,NYI,0,9,44,0.545455,0/3,0.0,0,18,5,20,5,24,0.454545,0/0,0.0,6,16,17,11,3
2025020670,2026-01-06,regular,ANA,PHI,2,5,18,0.369231,2/3,0.666667,39,19,15,15,2,39,0.630769,1/8,0.125,26,22,23,18,7
2025020671,2026-01-06,regular,DAL,CAR,3,6,23,0.451613,2/3,0.666667,10,29,10,14,5,33,0.548387,2/5,0.4,6,28,12,20,6
2025020672,2026-01-06,regular,FLA,TOR,1,4,32,0.482759,0/3,0.0,9,31,10,12,8,23,0.517241,0/2,0.0,11,21,18,14,2
2025020673,2026-01-06,regular,VGK,WPG,4,3,31,0.438596,2/4,0.5,9,27,10,13,5,20,0.561404,0/2,0.0,13,25,18,14,3
2025020674,2026-01-06,regular,NSH,EDM,2,6,26,0.433333,0/2,0.0,4,17,13,18,6,43,0.566667,1/2,0.5,4,15,16,16,7
2025020675,2026-01-06,regular,CBJ,SJS,2,5,36,0.577465,0/3,0.0,15,12,16,12,3,36,0.422535,1/5,0.2,11,20,15,12,7
2025020676,2026-01-06,regular,BOS,SEA,4,7,36,0.455882,1/3,0.333333,8,24,13,14,3,27,0.544118,3/4,0.75,6,12,17,20,9
2025020677,2026-01-07,regular,DAL,WSH,4,1,36,0.444444,0/2,0.0,11,16,11,13,3,24,0.555556,0/2,0.0,11,22,16,24,6
2025020678,2026-01-07,regular,CGY,MTL,1,4,29,0.516129,0/4,0.0,4,15,13,13,5,36,0.483871,0/2,0.0,8,24,19,11,4
2025020679,2026-01-07,regular,STL,CHI,3,7,30,0.391304,0/5,0.0,8,25,7,13,4,35,0.608696,3/4,0.75,20,19,16,18,7
2025020680,2026-01-07,regular,OTT,UTA,1,3,33,0.586207,0/3,0.0,8,26,13,16,2,21,0.413793,0/4,0.0,6,20,20,20,5
2025020681,2026-01-07,regular,SJS,LAK,4,3,28,0.553571,2/4,0.5,6,21,17,17,8,26,0.446429,0/3,0.0,8,12,14,18,3
2025020682,2026-01-08,regular,CGY,BOS,1,4,29,0.464286,0/2,0.0,6,27,19,16,8,30,0.535714,0/2,0.0,6,23,17,21,3
2025020683,2026-01-08,regular,FLA,MTL,2,6,27,0.576271,0/3,0.0,24,18,11,18,4,19,0.423729,0/4,0.0,22,18,20,10,7
2025020684,2026-01-08,regular,VAN,DET,1,5,24,0.54717,1/2,0.5,6,24,14,17,3,25,0.45283,1/3,0.333333,4,13,27,20,5
2025020685,2026-01-08,regular,BUF,NYR,5,2,21,0.392157,1/2,0.5,6,16,20,17,9,32,0.607843,0/3,0.0,4,32,12,13,5
2025020686,2026-01-08,regular,TOR,PHI,2,1,23,0.686275,0/2,0.0,6,20,13,17,6,23,0.313725,0/3,0.0,4,25,11,8,5
2025020687,2026-01-08,regular,NJD,PIT,1,4,29,0.559322,1/2,0.5,6,25,19,20,6,29,0.440678,1/3,0.333333,4,10,16,23,5
2025020688,2026-01-08,regular,ANA,CAR,2,5,13,0.359375,0/3,0.0,14,25,20,17,4,35,0.640625,0/2,0.0,6,16,8,23,6
2025020689,2026-01-08,regular,NYI,NSH,1,2,31,0.471698,0/2,0.0,8,20,23,22,4,27,0.528302,0/1,0.0,10,19,16,15,8
2025020690,2026-01-08,regular,EDM,WPG,4,3,30,0.522727,1/2,0.5,9,9,8,16,2,16,0.477273,0/2,0.0,9,24,9,16,5
2025020691,2026-01-08,regular,OTT,COL,2,8,31,0.459016,0/3,0.0,42,38,14,7,5,34,0.540984,2/6,0.333333,16,12,21,11,4
2025020692,2026-01-08,regular,CBJ,VGK,3,5,25,0.631579,0/1,0.0,4,28,12,18,4,26,0.368421,1/2,0.5,2,19,20,15,8
2025020693,2026-01-08,regular,MIN,SEA,3,2,34,0.403509,0/1,0.0,6,16,9,16,6,28,0.596491,1/3,0.333333,2,13,19,13,5
2025020694,2026-01-09,regular,WSH,CHI,5,1,24,0.461538,0/3,0.0,8,13,9,17,5,24,0.538462,1/4,0.25,6,23,6,19,5
2025020695,2026-01-09,regular,LAK,WPG,1,5,24,0.568966,0/3,0.0,4,22,12,9,7,20,0.431034,1/2,0.5,6,23,22,17,2
2025020696,2026-01-09,regular,STL,UTA,2,4,28,0.444444,0/4,0.0,20,28,19,15,2,23,0.555556,1/3,0.333333,22,14,15,11,6
2025020697,2026-01-10,regular,NYR,BOS,2,10,29,0.515625,1/2,0.5,18,27,9,20,5,34,0.484375,1/3,0.333333,26,29,14,11,4
2025020698,2026-01-10,regular,CGY,PIT,2,1,25,0.436364,0/3,0.0,10,17,18,14,3,28,0.563636,0/3,0.0,10,15,17,15,1
2025020699,2026-01-10,regular,CBJ,COL,0,4,29,0.467742,0/2,0.0,4,18,22,14,2,31,0.532258,0/2,0.0,4,6,17,10,3
2025020700,2026-01-10,regular,DAL,SJS,4,5,20,0.519231,0/2,0.0,12,12,14,16,5,31,0.480769,4/6,0.666667,4,21,11,20,4
2025020701,2026-01-10,regular,ANA,BUF,3,5,36,0.537313,0/2,0.0,13,29,7,20,4,32,0.462687,0/2,0.0,13,10,22,19,4
2025020702,2026-01-10,regular,VAN,TOR,0,5,29,0.303571,0/6,0.0,15,19,10,17,7,24,0.696429,2/4,0.5,19,15,20,16,4
2025020703,2026-01-10,regular,DET,MTL,4,0,24,0.576923,1/5,0.2,2,14,16,8,1,27,0.423077,0/1,0.0,10,27,17,12,9
2025020704,2026-01-10,regular,FLA,OTT,3,2,21,0.459016,2/4,0.5,12,24,6,12,6,19,0.540984,0/5,0.0,10,20,14,13,5
2025020705,2026-01-10,regular,TBL,PHI,7,2,23,0.630435,0/2,0.0,9,18,6,15,5,20,0.369565,1/2,0.5,9,32,14,14,5
2025020706,2026-01-10,regular,SEA,CAR,2,3,12,0.508197,0/1,0.0,2,25,12,18,7,36,0.491803,0/1,0.0,2,16,13,14,7
2025020707,2026-01-10,regular,CHI,NSH,3,0,21,0.453125,1/3,0.333333,8,18,8,14,2,36,0.546875,0/3,0.0,8,20,8,13,7
2025020708,2026-01-10,regular,NYI,MIN,4,3,27,0.580645,0/3,0.0,8,15,9,7,2,36,0.419355,1/4,0.25,6,18,14,16,5
2025020709,2026-01-10,regular,LAK,EDM,4,3,30,0.45614,1/2,0.5,8,20,12,19,4,26,0.54386,1/4,0.25,4,20,20,15,6
2025020710,2026-01-10,regular,STL,VGK,2,4,19,0.574074,1/1,1.0,7,30,17,12,3,25,0.425926,0/1,0.0,7,21,9,19,7
2025020711,2026-01-11,regular,NJD,WPG,3,4,27,0.519231,0/1,0.0,4,17,11,16,4,22,0.480769,0/2,0.0,2,15,13,22,5
2025020712,2026-01-11,regular,PIT,BOS,0,1,27,0.44,0/2,0.0,12,18,17,16,3,19,0.56,0/6,0.0,4,15,18,16,6
2025020713,2026-01-11,regular,WSH,NSH,2,3,32,0.545455,2/5,0.4,12,21,5,14,5,21,0.454545,2/6,0.333333,10,16,11,17,2
2025020714,2026-01-11,regular,CBJ,UTA,3,2,36,0.479167,2/3,0.666667,4,18,23,17,2,27,0.520833,0/2,0.0,6,15,21,11,5
2025020715,2026-01-11,regular,VGK,SJS,7,2,32,0.526316,2/4,0.5,10,19,11,24,4,20,0.473684,0/5,0.0,8,21,15,11,5
2025020716,2026-01-12,regular,FLA,BUF,4,3,32,0.483333,1/1,1.0,9,18,14,12,6,23,0.516667,0/2,0.0,7,22,19,24,4
2025020717,2026-01-12,regular,CAR,DET,3,4,34,0.630769,2/5,0.4,28,23,11,12,5,18,0.369231,1/4,0.25,10,19,25,21,6
2025020718,2026-01-12,regular,SEA,NYR,4,2,29,0.478261,0/2,0.0,4,20,19,17,8,22,0.521739,0/2,0.0,4,31,3,14,6
2025020719,2026-01-12,regular,TBL,PHI,5,1,26,0.354167,2/4,0.5,32,10,11,9,6,21,0.645833,0/2,0.0,46,32,17,19,1
2025020720,2026-01-12,regular,VAN,MTL,3,6,23,0.442308,0/2,0.0,2,12,9,18,4,41,0.557692,1/1,1.0,4,26,26,19,4
2025020721,2026-01-12,regular,NJD,MIN,5,2,29,0.576271,0/2,0.0,4,18,19,12,3,23,0.423729,1/2,0.5,4,16,14,15,4
2025020722,2026-01-12,regular,EDM,CHI,4,1,37,0.480769,0/2,0.0,4,13,16,15,2,30,0.519231,0/2,0.0,4,20,9,16,6
2025020723,2026-01-12,regular,TOR,COL,4,3,31,0.509091,0/2,0.0,8,13,22,15,8,34,0.490909,1/3,0.333333,6,14,12,22,3
2025020724,2026-01-12,regular,DAL,LAK,3,1,18,0.564103,0/0,0.0,6,17,13,15,7,25,0.435897,1/2,0.5,2,24,12,10,3
2025020725,2026-01-13,regular,VAN,OTT,1,2,20,0.425532,0/1,0.0,4,21,18,14,5,40,0.574468,0/2,0.0,2,25,16,11,5
2025020726,2026-01-13,regular,TBL,PIT,2,1,31,0.431818,0/3,0.0,33,15,8,18,4,27,0.568182,0/3,0.0,14,13,15,15,9
2025020727,2026-01-13,regular,MTL,WSH,2,3,25,0.542373,0/4,0.0,25,21,20,10,2,42,0.457627,0/5,0.0,23,18,15,16,5
2025020728,2026-01-13,regular,CGY,CBJ,3,5,32,0.446154,3/3,1.0,13,12,9,17,5,43,0.553846,1/4,0.25,11,21,14,14,3
2025020729,2026-01-13,regular,DET,BOS,0,3,24,0.394366,0/2,0.0,4,14,16,17,5,41,0.605634,0/2,0.0,4,18,10,18,3
2025020730,2026-01-13,regular,CAR,STL,0,3,33,0.515152,0/3,0.0,6,14,8,16,8,31,0.484848,1/3,0.333333,6,26,19,22,5
2025020731,2026-01-13,regular,EDM,NSH,3,4,31,0.479167,2/4,0.5,11,18,19,20,4,27,0.520833,0/3,0.0,13,22,11,20,7
2025020732,2026-01-13,regular,NYI,WPG,4,5,27,0.555556,0/1,0.0,6,13,12,20,6,22,0.444444,1/3,0.333333,2,18,9,16,5
2025020733,2026-01-13,regular,TOR,UTA,1,6,20,0.4375,0/3,0.0,6,21,21,17,5,41,0.5625,0/2,0.0,8,21,15,14,5
2025020734,2026-01-13,regular,DAL,ANA,1,3,25,0.509804,0/3,0.0,4,24,21,20,1,25,0.490196,0/2,0.0,6,29,17,16,8
2025020735,2026-01-14,regular,SEA,NJD,2,3,17,0.468085,1/2,0.5,4,20,17,18,3,26,0.531915,1/2,0.5,4,14,12,15,9
2025020736,2026-01-14,regular,PHI,BUF,2,5,22,0.525424,1/5,0.2,12,26,9,5,2,15,0.474576,2/6,0.333333,10,27,9,18,5
2025020737,2026-01-14,regular,OTT,NYR,8,4,30,0.339623,1/3,0.333333,2,13,16,12,3,22,0.660377,1/1,1.0,6,38,20,24,6
2025020738,2026-01-14,regular,VGK,LAK,3,2,27,0.432432,1/2,0.5,2,20,20,16,3,24,0.567568,0/1,0.0,4,24,13,21,5
2025020739,2026-01-15,regular,SEA,BOS,2,4,28,0.468085,2/4,0.5,9,22,14,14,5,24,0.531915,1/2,0.5,13,25,16,17,9
2025020740,2026-01-15,regular,MTL,BUF,3,5,23,0.589286,2/3,0.666667,12,26,18,14,4,27,0.410714,2/4,0.5,10,21,6,15,6
2025020741,2026-01-15,regular,PHI,PIT,3,6,34,0.471698,0/4,0.0,13,22,11,11,3,30,0.528302,3/4,0.75,13,20,14,14,7
2025020742,2026-01-15,regular,SJS,WSH,3,2,26,0.583333,0/3,0.0,4,16,10,22,4,23,0.416667,1/2,0.5,6,18,14,13,3
2025020743,2026-01-15,regular,VAN,CBJ,1,4,31,0.529412,1/2,0.5,4,11,18,18,6,36,0.470588,2/2,1.0,4,19,15,10,6
2025020744,2026-01-15,regular,WPG,MIN,6,2,29,0.5,2/4,0.5,6,19,12,8,2,34,0.5,0/3,0.0,8,11,7,14,5
2025020745,2026-01-15,regular,CGY,CHI,3,1,23,0.45614,1/4,0.25,19,29,12,18,4,23,0.54386,0/4,0.0,17,11,19,18,7
2025020746,2026-01-15,regular,DAL,UTA,1,2,27,0.328125,1/2,0.5,6,15,18,16,6,27,0.671875,0/2,0.0,6,18,15,21,5
2025020747,2026-01-15,regular,NYI,EDM,1,0,18,0.478261,1/1,1.0,4,15,16,15,6,35,0.521739,0/2,0.0,2,16,8,16,3
2025020748,2026-01-15,regular,TOR,VGK,5,6,28,0.623188,1/1,1.0,6,17,14,18,5,33,0.376812,2/3,0.666667,2,18,15,13,4
2025020749,2026-01-16,regular,SJS,DET,2,4,22,0.469388,0/1,0.0,4,16,16,22,2,25,0.530612,1/2,0.5,2,14,17,11,5
2025020750,2026-01-16,regular,FLA,CAR,1,9,16,0.344828,0/5,0.0,29,19,13,16,5,36,0.655172,4/5,0.8,19,30,8,20,8
2025020751,2026-01-16,regular,TBL,STL,2,3,36,0.538462,2/3,0.666667,4,12,10,18,3,21,0.461538,0/2,0.0,6,24,10,12,8
2025020752,2026-01-16,regular,NSH,COL,7,3,30,0.642857,1/1,1.0,4,16,12,16,5,43,0.357143,0/2,0.0,2,14,17,20,6
2025020753,2026-01-16,regular,ANA,LAK,3,2,28,0.5,0/2,0.0,8,21,18,16,5,28,0.5,0/3,0.0,6,15,11,16,6
2025020754,2026-01-17,regular,MIN,BUF,5,4,36,0.551724,1/4,0.25,15,31,9,11,6,24,0.448276,1/4,0.25,15,21,16,10,3
2025020755,2026-01-17,regular,NYR,PHI,6,3,28,0.640625,1/3,0.333333,4,26,21,17,3,28,0.359375,0/1,0.0,8,27,13,14,3
2025020756,2026-01-17,regular,NYI,CGY,2,4,30,0.632653,0/2,0.0,6,25,16,9,4,19,0.367347,0/3,0.0,4,9,14,18,4
2025020757,2026-01-17,regular,SEA,UTA,3,6,21,0.469697,0/3,0.0,4,13,18,14,5,31,0.530303,0/2,0.0,6,25,15,17,4
2025020758,2026-01-17,regular,MTL,OTT,6,5,19,0.533333,2/5,0.4,8,28,24,14,5,34,0.466667,2/3,0.666667,12,26,15,16,5
2025020759,2026-01-17,regular,CAR,NJD,4,1,35,0.440678,0/1,0.0,8,20,12,9,9,30,0.559322,1/4,0.25,2,22,15,19,2
2025020760,2026-01-17,regular,CBJ,PIT,4,3,26,0.419355,0/2,0.0,8,24,24,13,10,33,0.580645,0/3,0.0,6,17,14,14,3
2025020761,2026-01-17,regular,FLA,WSH,5,2,31,0.410714,1/2,0.5,4,22,8,15,9,24,0.589286,0/1,0.0,6,30,18,20,2
2025020762,2026-01-17,regular,TOR,WPG,4,3,37,0.612245,0/2,0.0,6,21,11,23,5,30,0.387755,0/3,0.0,4,17,11,13,2
2025020763,2026-01-17,regular,BOS,CHI,5,2,23,0.520833,1/1,1.0,2,18,11,16,8,24,0.479167,0/1,0.0,2,24,10,16,3
2025020764,2026-01-17,regular,EDM,VAN,6,0,35,0.422222,1/4,0.25,2,15,7,14,5,31,0.577778,0/1,0.0,8,19,8,19,3
2025020765,2026-01-17,regular,NSH,VGK,2,7,29,0.52381,1/3,0.333333,4,14,16,16,7,36,0.47619,0/1,0.0,8,25,16,20,4
2025020766,2026-01-17,regular,LAK,ANA,1,2,18,0.451613,1/6,0.166667,11,21,9,13,8,33,0.548387,0/3,0.0,17,30,22,10,3
2025020767,2026-01-18,regular,TBL,DAL,4,1,26,0.395833,0/2,0.0,6,21,14,17,6,20,0.604167,0/2,0.0,6,16,14,13,3
2025020768,2026-01-18,regular,OTT,DET,3,4,22,0.592593,2/3,0.666667,14,24,10,11,4,34,0.407407,2/5,0.4,10,19,11,18,3
2025020769,2026-01-18,regular,STL,EDM,0,5,27,0.517857,0/4,0.0,6,20,6,12,5,28,0.482143,1/3,0.333333,8,15,21,14,3
2025020770,2026-01-19,regular,BUF,CAR,1,2,18,0.458333,0/1,0.0,8,25,12,20,6,29,0.541667,1/2,0.5,6,23,6,17,7
2025020771,2026-01-19,regular,WSH,COL,2,5,24,0.522388,1/4,0.25,14,14,24,14,7,44,0.477612,1/6,0.166667,10,14,9,15,6
2025020772,2026-01-19,regular,PIT,SEA,6,3,32,0.566038,0/3,0.0,6,23,10,18,6,23,0.433962,1/3,0.333333,6,20,16,17,3
2025020773,2026-01-19,regular,SJS,FLA,4,1,28,0.492063,0/3,0.0,19,28,19,15,3,36,0.507937,0/3,0.0,19,22,13,16,5
2025020774,2026-01-19,regular,MIN,TOR,6,3,39,0.462963,2/3,0.666667,8,21,13,12,5,30,0.537037,1/4,0.25,6,23,15,12,5
2025020775,2026-01-19,regular,PHI,VGK,2,1,17,0.625,0/2,0.0,14,15,17,18,3,25,0.375,1/7,0.142857,4,23,11,13,7
2025020776,2026-01-19,regular,WPG,CHI,0,2,32,0.44186,0/2,0.0,6,26,13,8,3,24,0.55814,0/3,0.0,4,13,16,14,4
2025020777,2026-01-19,regular,NJD,CGY,2,1,32,0.644444,0/2,0.0,8,16,11,15,4,22,0.355556,0/4,0.0,4,22,14,18,3
2025020778,2026-01-19,regular,NYI,VAN,4,3,33,0.44898,1/3,0.333333,4,17,17,13,4,32,0.55102,0/2,0.0,6,20,7,14,3
2025020779,2026-01-19,regular,NYR,ANA,3,5,22,0.535714,2/4,0.5,6,20,14,18,5,26,0.464286,1/3,0.333333,8,29,11,20,7
2025020780,2026-01-20,regular,MIN,MTL,3,4,20,0.483333,2/4,0.5,6,17,22,16,2,33,0.516667,0/3,0.0,8,18,12,16,5
2025020781,2026-01-20,regular,SJS,TBL,1,4,23,0.56,0/1,0.0,2,29,18,13,7,20,0.44,0/1,0.0,2,13,14,18,1
2025020782,2026-01-20,regular,OTT,CBJ,4,1,21,0.596154,0/3,0.0,8,15,14,16,6,22,0.403846,0/3,0.0,8,27,13,19,3
2025020783,2026-01-20,regular,BOS,DAL,2,6,18,0.35,1/2,0.5,11,35,17,16,3,37,0.65,2/3,0.666667,9,13,12,13,8
2025020784,2026-01-20,regular,BUF,NSH,5,3,33,0.45,0/1,0.0,6,17,19,15,4,34,0.55,0/2,0.0,4,27,8,10,6
2025020785,2026-01-20,regular,STL,WPG,1,3,23,0.526316,1/4,0.25,6,20,12,17,5,16,0.473684,2/3,0.666667,8,16,23,12,4
2025020786,2026-01-20,regular,NJD,EDM,2,1,17,0.385965,0/1,0.0,11,14,12,12,4,23,0.614035,0/2,0.0,19,17,12,19,3
2025020787,2026-01-20,regular,NYR,LAK,3,4,36,0.714286,0/2,0.0,6,24,21,14,2,27,0.285714,0/3,0.0,4,15,14,15,7
2025020788,2026-01-21,regular,DET,TOR,2,1,41,0.507692,0/2,0.0,4,15,12,16,5,31,0.492308,0/2,0.0,4,22,16,16,4
2025020789,2026-01-21,regular,ANA,COL,2,1,16,0.45,0/1,0.0,4,27,24,13,5,41,0.55,0/2,0.0,2,16,15,24,7
2025020790,2026-01-21,regular,PHI,UTA,4,5,29,0.566667,2/6,0.333333,11,25,18,20,5,27,0.433333,1/3,0.333333,17,26,11,13,3
2025020791,2026-01-21,regular,PIT,CGY,4,1,25,0.436364,0/1,0.0,2,17,17,16,6,19,0.563636,0/1,0.0,2,24,11,16,3
2025020792,2026-01-21,regular,WSH,VAN,3,4,32,0.611111,2/3,0.666667,10,18,14,15,5,25,0.388889,0/3,0.0,10,17,13,18,4
2025020793,2026-01-21,regular,NYI,SEA,1,4,25,0.45098,1/7,0.142857,8,7,6,9,4,25,0.54902,1/4,0.25,14,15,18,13,5
2025020794,2026-01-22,regular,VGK,BOS,3,4,33,0.580645,1/4,0.25,13,28,14,18,3,29,0.419355,2/3,0.666667,15,19,20,13,9
2025020795,2026-01-22,regular,BUF,MTL,4,2,17,0.357143,0/2,0.0,10,26,18,9,5,34,0.642857,0/3,0.0,8,28,16,12,3
2025020796,2026-01-22,regular,CHI,CAR,4,3,22,0.35,0/1,0.0,15,22,14,11,6,31,0.65,0/5,0.0,7,29,6,13,4
2025020797,2026-01-22,regular,DAL,CBJ,0,1,28,0.490566,0/2,0.0,2,7,10,14,5,22,0.509434,0/1,0.0,4,35,17,14,4
2025020798,2026-01-22,regular,OTT,NSH,3,5,26,0.716981,0/3,0.0,12,16,11,13,4,27,0.283019,2/5,0.4,8,23,9,18,6
2025020799,2026-01-22,regular,FLA,WPG,2,1,20,0.45098,0/1,0.0,10,27,14,14,1,18,0.54902,0/2,0.0,8,24,9,18,7
2025020800,2026-01-22,regular,PIT,EDM,6,2,23,0.45098,0/2,0.0,4,13,10,17,4,32,0.54902,0/2,0.0,4,20,9,17,3
2025020801,2026-01-22,regular,DET,MIN,3,4,34,0.666667,1/2,0.5,8,15,18,14,4,39,0.333333,1/4,0.25,4,18,20,16,3
2025020802,2026-01-23,regular,VGK,TOR,6,3,31,0.42,0/1,0.0,2,11,15,18,6,21,0.58,0/1,0.0,2,21,8,15,2
2025020803,2026-01-23,regular,TBL,CHI,2,1,31,0.526316,0/3,0.0,11,18,10,16,4,19,0.473684,0/3,0.0,11,16,13,20,6
2025020804,2026-01-23,regular,STL,DAL,2,3,22,0.403509,1/3,0.333333,10,26,10,9,8,19,0.596491,2/5,0.4,6,16,16,12,5
2025020805,2026-01-23,regular,PHI,COL,7,3,20,0.52,1/2,0.5,8,21,21,23,5,35,0.48,0/4,0.0,4,15,10,11,3
2025020806,2026-01-23,regular,WSH,CGY,3,1,38,0.530303,0/3,0.0,16,17,22,18,3,26,0.469697,1/2,0.5,18,21,17,16,4
2025020807,2026-01-23,regular,NJD,VAN,5,4,24,0.520833,2/3,0.666667,4,17,15,11,2,25,0.479167,0/2,0.0,6,19,17,18,5
2025020808,2026-01-23,regular,NYR,SJS,1,3,29,0.568627,0/2,0.0,14,18,11,13,3,32,0.431373,2/7,0.285714,4,14,18,16,5
2025020809,2026-01-23,regular,ANA,SEA,4,2,31,0.517241,1/2,0.5,4,25,10,11,2,22,0.482759,0/2,0.0,4,21,11,12,4
2025020810,2026-01-24,regular,BUF,NYI,5,0,21,0.26,0/2,0.0,8,16,11,14,7,26,0.74,0/3,0.0,6,24,13,16,5
2025020811,2026-01-24,regular,UTA,NSH,5,2,30,0.538462,1/2,0.5,6,19,13,23,5,29,0.461538,1/3,0.333333,4,29,13,15,4
2025020812,2026-01-24,regular,MTL,BOS,3,4,25,0.492063,2/3,0.666667,13,16,10,18,6,20,0.507937,3/4,0.75,11,21,14,17,2
2025020813,2026-01-24,regular,CAR,OTT,4,1,19,0.321429,1/4,0.25,18,12,13,16,4,37,0.678571,0/4,0.0,8,34,14,13,8
2025020814,2026-01-24,regular,TBL,CBJ,5,8,30,0.610169,1/2,0.5,6,22,9,19,5,31,0.389831,1/2,0.5,6,27,15,14,5
2025020815,2026-01-24,regular,DET,WPG,5,1,31,0.55,0/3,0.0,2,22,14,15,6,27,0.45,0/1,0.0,6,22,15,12,4
2025020816,2026-01-24,regular,LAK,STL,5,4,28,0.530612,0/3,0.0,13,17,14,17,3,29,0.469388,1/3,0.333333,13,20,20,13,3
2025020817,2026-01-24,regular,FLA,MIN,4,3,34,0.535714,2/6,0.333333,17,17,15,13,3,21,0.464286,2/6,0.333333,17,17,10,20,5
2025020818,2026-01-24,regular,WSH,EDM,5,6,27,0.490196,1/5,0.2,12,8,17,16,5,40,0.509804,1/5,0.2,10,11,18,21,4
2025020819,2026-01-25,regular,COL,TOR,4,1,37,0.440678,0/2,0.0,6,14,8,17,3,33,0.559322,1/3,0.333333,4,28,16,14,6
2025020820,2026-01-25,regular,NJD,SEA,2,4,29,0.5,2/4,0.5,23,13,16,17,3,19,0.5,0/4,0.0,13,19,20,11,4
2025020821,2026-01-25,regular,VGK,OTT,1,7,20,0.54902,0/2,0.0,2,20,16,14,10,32,0.45098,0/1,0.0,4,34,18,10,3
2025020822,2026-01-25,regular,PIT,VAN,3,2,25,0.54902,0/0,0.0,4,27,14,18,2,32,0.45098,0/1,0.0,0,25,13,16,7
2025020823,2026-01-25,regular,FLA,CHI,5,1,25,0.535714,0/1,0.0,6,25,5,15,7,22,0.464286,0/3,0.0,2,11,14,12,2
2025020824,2026-01-25,regular,ANA,CGY,4,3,21,0.418182,0/2,0.0,2,25,16,17,3,35,0.581818,1/1,1.0,4,28,18,20,3
2025020825,2026-01-26,regular,UTA,TBL,0,2,28,0.519231,0/3,0.0,19,18,8,10,5,29,0.480769,2/4,0.5,17,18,20,10,3
2025020826,2026-01-26,regular,BOS,NYR,3,4,24,0.508772,0/1,0.0,8,17,13,16,3,28,0.491228,0/4,0.0,2,34,12,13,5
2025020827,2026-01-26,regular,NYI,PHI,4,0,23,0.578947,1/3,0.333333,8,15,11,11,7,21,0.421053,0/3,0.0,8,23,10,16,6
2025020828,2026-03-09,regular,LAK,CBJ,5,4,31,0.656716,0/3,0.0,8,25,13,18,4,32,0.343284,1/4,0.25,6,12,18,15,4
2025020829,2026-01-26,regular,ANA,EDM,4,7,41,0.522388,3/4,0.75,6,25,15,14,6,32,0.477612,1/3,0.333333,8,13,10,19,6
2025020830,2026-01-27,regular,NSH,BOS,2,3,30,0.4,1/4,0.25,8,16,8,16,5,28,0.6,0/3,0.0,10,25,11,19,4
2025020831,2026-01-27,regular,BUF,TOR,7,4,31,0.326923,1/2,0.5,0,16,19,24,5,23,0.673077,0/0,0.0,4,32,13,11,8
2025020832,2026-01-27,regular,VGK,MTL,2,3,34,0.55,0/3,0.0,8,24,15,12,4,26,0.45,0/4,0.0,6,24,18,8,5
2025020833,2026-01-27,regular,LAK,DET,3,1,22,0.314815,1/3,0.333333,8,21,16,20,5,28,0.685185,0/4,0.0,6,11,15,15,6
2025020834,2026-01-27,regular,UTA,FLA,4,3,20,0.583333,0/3,0.0,12,16,13,24,4,30,0.416667,0/4,0.0,10,31,7,15,4
2025020835,2026-01-27,regular,WPG,NJD,4,3,26,0.520833,0/2,0.0,4,24,21,20,2,29,0.479167,1/2,0.5,4,14,11,12,5
2025020836,2026-01-27,regular,DAL,STL,4,3,24,0.518519,2/3,0.666667,6,12,20,18,3,26,0.481481,0/3,0.0,6,43,16,13,5
2025020837,2026-01-27,regular,CHI,MIN,3,4,32,0.584615,0/5,0.0,2,10,5,14,6,23,0.415385,0/1,0.0,10,21,15,14,3
2025020838,2026-01-27,regular,SJS,VAN,5,2,33,0.370968,2/4,0.5,15,17,12,17,2,25,0.629032,1/4,0.25,15,30,18,14,7
2025020839,2026-01-27,regular,WSH,SEA,1,5,20,0.509434,1/5,0.2,13,17,16,20,3,32,0.490566,1/4,0.25,15,15,14,10,4
2025020840,2026-01-28,regular,PHI,CBJ,3,5,27,0.37931,0/5,0.0,6,21,18,9,5,31,0.62069,0/3,0.0,10,17,11,12,5
2025020841,2026-01-28,regular,COL,OTT,2,5,18,0.62,0/0,0.0,6,22,10,16,3,23,0.38,0/3,0.0,0,31,10,13,8
2025020842,2026-01-28,regular,NYR,NYI,2,5,16,0.425926,1/2,0.5,10,31,11,15,8,36,0.574074,2/5,0.4,6,23,16,16,3
2025020843,2026-01-29,regular,PHI,BOS,3,6,36,0.433962,1/3,0.333333,8,36,17,19,4,27,0.566038,0/1,0.0,12,15,9,19,6
2025020844,2026-01-29,regular,LAK,BUF,1,4,38,0.375,1/2,0.5,30,30,11,20,5,32,0.625,1/3,0.333333,28,9,13,16,6
2025020845,2026-01-29,regular,COL,MTL,3,7,29,0.45283,0/2,0.0,6,25,8,17,4,28,0.54717,1/2,0.5,6,22,21,14,6
2025020846,2026-01-29,regular,WSH,DET,4,3,23,0.54,0/2,0.0,8,26,22,6,4,21,0.46,0/4,0.0,4,13,17,14,3
2025020847,2026-01-29,regular,WPG,TBL,1,4,24,0.474576,0/2,0.0,4,29,13,15,3,37,0.525424,0/1,0.0,6,18,9,17,4
2025020848,2026-01-29,regular,NSH,NJD,2,3,29,0.5,0/2,0.0,6,17,14,16,3,35,0.5,0/3,0.0,4,27,19,18,6
2025020849,2026-01-29,regular,NYI,NYR,2,1,21,0.375,0/3,0.0,8,16,17,12,3,21,0.625,1/3,0.333333,8,31,10,16,2
2025020850,2026-01-29,regular,CHI,PIT,2,6,20,0.413793,0/2,0.0,6,13,16,17,4,45,0.586207,0/1,0.0,8,18,12,17,8
2025020851,2026-01-29,regular,UTA,CAR,4,5,25,0.45,0/2,0.0,10,28,19,24,5,33,0.55,2/5,0.4,4,23,8,17,6
2025020852,2026-01-29,regular,FLA,STL,4,5,20,0.537037,2/8,0.25,19,17,8,13,4,31,0.462963,1/5,0.2,25,26,17,11,5
2025020853,2026-01-29,regular,CGY,MIN,1,4,30,0.491525,0/3,0.0,9,16,17,18,6,24,0.508475,1/2,0.5,11,11,15,13,3
2025020854,2026-01-29,regular,SJS,EDM,3,4,21,0.396552,0/2,0.0,4,17,15,15,5,32,0.603448,0/1,0.0,6,24,8,15,3
2025020855,2026-01-29,regular,ANA,VAN,0,2,33,0.483871,0/3,0.0,6,21,13,12,3,26,0.516129,0/3,0.0,6,10,13,11,1
2025020856,2026-01-29,regular,DAL,VGK,5,4,27,0.491803,0/2,0.0,2,29,23,19,8,21,0.508197,0/1,0.0,4,26,11,15,1
2025020857,2026-01-29,regular,TOR,SEA,2,5,31,0.431034,1/3,0.333333,4,20,9,19,5,22,0.568966,0/2,0.0,6,13,11,17,4
2025020858,2026-01-30,regular,CBJ,CHI,4,2,26,0.6,1/3,0.333333,4,16,13,12,6,24,0.4,0/2,0.0,6,13,15,17,3
2025020859,2026-01-31,regular,LAK,PHI,3,2,21,0.470588,0/2,0.0,4,25,11,7,2,21,0.529412,1/2,0.5,4,29,16,18,4
2025020860,2026-01-31,regular,COL,DET,5,0,21,0.457627,0/2,0.0,6,12,13,19,6,28,0.542373,0/2,0.0,6,16,14,14,4
2025020861,2026-01-31,regular,NYR,PIT,5,6,20,0.608696,1/3,0.333333,12,26,10,12,2,34,0.391304,1/5,0.2,8,16,12,12,5
2025020862,2026-01-31,regular,WPG,FLA,2,1,21,0.588235,0/5,0.0,4,18,14,18,4,28,0.411765,0/2,0.0,10,30,7,9,4
2025020863,2026-01-31,regular,SJS,CGY,2,3,25,0.433333,1/4,0.25,24,14,19,18,3,42,0.566667,1/6,0.166667,10,21,18,9,5
2025020864,2026-01-31,regular,CAR,WSH,3,4,22,0.5,0/2,0.0,8,29,18,16,6,42,0.5,0/4,0.0,4,24,10,18,2
2025020865,2026-01-31,regular,MTL,BUF,4,2,31,0.701754,1/3,0.333333,8,29,20,13,5,38,0.298246,1/4,0.25,6,24,7,16,4
2025020866,2026-01-31,regular,NJD,OTT,1,4,27,0.567164,0/5,0.0,8,22,9,17,5,34,0.432836,2/3,0.666667,12,24,18,17,7
2025020867,2026-01-31,regular,NSH,NYI,4,3,42,0.425926,1/2,0.5,18,25,6,11,8,30,0.574074,0/2,0.0,8,23,10,18,4
2025020868,2026-01-31,regular,CBJ,STL,5,3,23,0.473684,1/2,0.5,8,20,11,15,5,33,0.526316,1/4,0.25,4,21,10,17,3
2025020869,2026-01-31,regular,TOR,VAN,3,2,41,0.5,0/0,0.0,2,17,10,15,4,30,0.5,0/0,0.0,2,14,23,19,7
2025020870,2026-01-31,regular,DAL,UTA,3,2,32,0.568627,2/4,0.5,6,25,12,10,4,14,0.431373,0/2,0.0,10,18,8,18,4
2025020871,2026-01-31,regular,MIN,EDM,7,3,29,0.47619,2/3,0.666667,4,17,22,17,3,42,0.52381,0/2,0.0,6,24,17,6,5
2025020872,2026-01-31,regular,SEA,VGK,3,2,22,0.531915,1/2,0.5,4,23,15,14,5,29,0.468085,1/2,0.5,4,24,11,17,2
2025020873,2026-02-01,regular,BOS,TBL,5,6,34,0.426471,1/3,0.333333,25,20,19,14,2,46,0.573529,3/8,0.375,15,22,12,19,5
2025020874,2026-02-01,regular,LAK,CAR,2,3,13,0.5,0/2,0.0,14,25,25,12,5,34,0.5,1/4,0.25,10,11,12,13,6
2025020875,2026-02-01,regular,VGK,ANA,3,4,31,0.483871,0/2,0.0,4,17,10,20,3,23,0.516129,1/2,0.5,4,28,16,15,6
2025020876,2026-02-02,regular,BUF,FLA,5,3,20,0.491803,1/3,0.333333,8,23,20,17,2,42,0.508197,1/4,0.25,6,22,13,17,7
2025020877,2026-02-02,regular,OTT,PIT,3,2,31,0.54,0/5,0.0,2,18,9,12,8,16,0.46,0/1,0.0,10,25,17,18,6
2025020878,2026-02-02,regular,NYI,WSH,1,4,30,0.5,0/2,0.0,13,18,12,14,4,25,0.5,0/4,0.0,9,27,23,16,6
2025020879,2026-02-02,regular,MTL,MIN,3,4,20,0.534483,0/1,0.0,6,16,13,12,6,24,0.465517,1/3,0.333333,2,18,15,14,6
2025020880,2026-02-02,regular,STL,NSH,5,6,34,0.459016,1/2,0.5,4,16,10,16,8,28,0.540984,1/2,0.5,4,15,11,14,4
2025020881,2026-02-02,regular,SJS,CHI,3,6,27,0.535714,0/4,0.0,8,36,6,19,4,17,0.464286,1/4,0.25,8,14,9,14,4
2025020882,2026-02-02,regular,WPG,DAL,3,4,27,0.42,1/3,0.333333,8,28,7,14,3,28,0.58,1/4,0.25,6,24,19,14,4
2025020883,2026-02-02,regular,DET,COL,2,0,25,0.479167,0/2,0.0,4,27,17,10,5,21,0.520833,0/2,0.0,14,29,15,16,2
2025020884,2026-02-02,regular,VAN,UTA,2,6,24,0.425532,0/4,0.0,14,21,10,19,6,19,0.574468,1/2,0.5,18,13,9,13,3
2025020885,2026-02-02,regular,TOR,CGY,4,2,22,0.622222,0/0,0.0,4,14,27,15,7,30,0.377778,0/1,0.0,2,20,17,18,3
2025020886,2026-02-03,regular,BUF,TBL,3,4,26,0.491803,1/3,0.333333,4,13,9,22,9,35,0.508197,1/2,0.5,6,26,10,15,6
2025020887,2026-02-03,regular,CBJ,NJD,3,0,25,0.538462,0/2,0.0,8,19,13,11,7,24,0.461538,0/3,0.0,6,18,11,13,4
2025020888,2026-02-03,regular,PIT,NYI,4,5,35,0.446429,0/2,0.0,4,25,10,17,8,23,0.553571,0/2,0.0,4,22,12,14,3
2025020889,2026-02-03,regular,WSH,PHI,2,4,28,0.509091,0/1,0.0,16,27,12,9,4,22,0.490909,1/3,0.333333,2,21,25,21,3
2025020890,2026-02-03,regular,OTT,CAR,3,4,27,0.5,2/3,0.666667,4,20,16,16,7,19,0.5,1/2,0.5,6,27,9,11,5
2025020891,2026-02-03,regular,TOR,EDM,5,2,27,0.537037,2/2,1.0,9,13,19,18,4,36,0.462963,0/1,0.0,21,19,7,13,3
2025020892,2026-02-03,regular,SEA,ANA,2,4,28,0.566667,0/0,0.0,20,12,20,12,6,31,0.433333,0/3,0.0,4,16,14,18,5
2025020893,2026-02-04,regular,BOS,FLA,4,5,29,0.520548,1/7,0.142857,17,24,12,21,4,26,0.479452,2/3,0.666667,25,26,20,16,4
2025020894,2026-02-04,regular,CHI,CBJ,0,4,21,0.384615,0/3,0.0,4,14,12,18,3,20,0.615385,0/1,0.0,8,12,11,7,6
2025020895,2026-02-04,regular,MTL,WPG,5,1,27,0.55,1/2,0.5,8,21,11,11,8,37,0.45,1/4,0.25,4,15,16,21,1
2025020896,2026-02-04,regular,MIN,NSH,6,5,43,0.409836,1/2,0.5,11,26,12,16,2,35,0.590164,2/3,0.666667,9,14,17,17,6
2025020897,2026-02-04,regular,SJS,COL,2,4,25,0.392857,0/3,0.0,8,24,21,23,5,42,0.607143,0/3,0.0,8,16,6,12,7
2025020898,2026-02-04,regular,DET,UTA,1,4,30,0.516129,1/4,0.25,11,24,5,12,4,25,0.483871,1/3,0.333333,13,15,15,9,3
2025020899,2026-02-04,regular,STL,DAL,4,5,18,0.468085,1/4,0.25,8,28,10,18,5,28,0.531915,1/3,0.333333,10,24,18,13,2
2025020900,2026-02-04,regular,EDM,CGY,3,4,39,0.6,2/4,0.5,13,6,11,7,4,25,0.4,2/3,0.666667,15,19,13,20,5
2025020901,2026-02-04,regular,VAN,VGK,2,5,23,0.508772,0/1,0.0,2,21,9,19,5,31,0.491228,0/1,0.0,2,18,11,20,5
2025020902,2026-02-04,regular,SEA,LAK,4,2,23,0.430769,2/6,0.333333,12,17,17,14,5,27,0.569231,2/4,0.5,16,18,15,12,4
2025020903,2026-02-05,regular,PIT,BUF,5,2,32,0.454545,0/3,0.0,15,20,8,17,6,27,0.545455,1/5,0.2,11,16,10,15,4
2025020904,2026-02-05,regular,FLA,TBL,1,6,34,0.553571,1/6,0.166667,76,17,5,16,3,28,0.446429,1/4,0.25,91,34,16,18,5
2025020905,2026-02-05,regular,NYI,NJD,3,1,14,0.673469,0/1,0.0,2,25,12,16,5,24,0.326531,0/1,0.0,2,13,14,23,5
2025020906,2026-02-05,regular,CAR,NYR,2,0,43,0.586957,0/3,0.0,4,11,10,18,5,16,0.413043,0/2,0.0,6,27,21,15,4
2025020907,2026-02-05,regular,OTT,PHI,2,1,27,0.543478,0/1,0.0,2,20,18,15,5,16,0.456522,0/1,0.0,2,23,6,21,3
2025020908,2026-02-05,regular,NSH,WSH,2,4,29,0.518519,0/4,0.0,12,18,8,15,4,30,0.481481,2/6,0.333333,8,26,18,15,3
2025020909,2026-02-05,regular,LAK,VGK,1,4,33,0.382353,0/5,0.0,9,18,12,20,7,22,0.617647,1/2,0.5,15,17,21,18,7
2025020910,2026-02-25,regular,BUF,NJD,2,1,30,0.462963,0/3,0.0,9,21,10,18,4,28,0.537037,0/2,0.0,11,24,13,17,4
2025020911,2026-02-25,regular,PHI,WSH,1,3,24,0.477273,0/2,0.0,2,26,19,13,2,29,0.522727,0/1,0.0,4,25,14,16,5
2025020912,2026-02-25,regular,TOR,TBL,2,4,34,0.548387,1/2,0.5,8,18,17,15,7,36,0.451613,0/4,0.0,4,17,11,9,3
2025020913,2026-02-25,regular,SEA,DAL,1,4,19,0.425926,0/4,0.0,13,21,12,20,5,32,0.574074,1/3,0.333333,15,25,11,18,3
2025020914,2026-02-25,regular,COL,UTA,4,2,26,0.394366,1/3,0.333333,10,11,17,16,7,30,0.605634,1/5,0.2,6,21,15,15,4
2025020915,2026-02-25,regular,WPG,VAN,3,2,28,0.507692,0/3,0.0,2,20,7,16,3,23,0.492308,0/1,0.0,6,24,21,16,6
2025020916,2026-02-25,regular,VGK,LAK,6,4,25,0.461538,1/2,0.5,7,26,24,8,3,19,0.538462,1/1,1.0,19,24,14,13,5
2025020917,2026-02-25,regular,EDM,ANA,5,6,27,0.578947,1/2,0.5,10,21,11,15,5,29,0.421053,1/5,0.2,4,23,15,24,8
2025020918,2026-02-26,regular,CBJ,BOS,2,4,40,0.411765,0/1,0.0,6,24,11,18,6,23,0.588235,1/3,0.333333,2,20,20,15,8
2025020919,2026-02-26,regular,NYI,MTL,4,3,26,0.484848,1/2,0.5,6,26,20,15,4,25,0.515152,2/3,0.666667,4,22,20,11,3
2025020920,2026-02-26,regular,DET,OTT,2,1,20,0.384615,1/2,0.5,13,18,21,9,4,27,0.615385,1/2,0.5,23,30,25,15,6
2025020921,2026-02-26,regular,TOR,FLA,1,5,30,0.442308,1/3,0.333333,8,21,12,15,4,37,0.557692,1/3,0.333333,8,19,10,14,3
2025020922,2026-02-26,regular,NJD,PIT,1,4,30,0.6,0/5,0.0,6,26,11,18,3,37,0.4,1/3,0.333333,10,15,20,15,6
2025020923,2026-02-26,regular,TBL,CAR,4,5,28,0.553846,1/2,0.5,4,15,20,20,6,33,0.446154,1/2,0.5,4,23,16,20,7
2025020924,2026-02-26,regular,PHI,NYR,3,2,24,0.367347,1/5,0.2,11,23,11,15,4,24,0.632653,0/3,0.0,15,23,15,9,4
2025020925,2026-02-26,regular,SEA,STL,1,5,24,0.519231,0/3,0.0,0,13,11,18,2,32,0.480769,0/0,0.0,6,20,12,15,2
2025020926,2026-02-26,regular,CHI,NSH,2,4,23,0.568182,1/5,0.2,4,15,6,15,2,26,0.431818,1/1,1.0,12,26,12,13,6
2025020927,2026-02-26,regular,MIN,COL,5,2,36,0.348485,2/6,0.333333,6,24,13,16,6,47,0.651515,0/3,0.0,12,24,12,19,5
2025020928,2026-02-26,regular,CGY,SJS,4,1,29,0.508772,0/3,0.0,6,16,23,21,3,35,0.491228,0/3,0.0,6,33,7,16,4
2025020929,2026-02-26,regular,EDM,LAK,8,1,37,0.666667,2/3,0.666667,4,11,14,11,4,22,0.333333,0/2,0.0,6,21,11,12,3
2025020930,2026-02-27,regular,BUF,FLA,3,2,39,0.373134,1/3,0.333333,8,14,18,15,7,29,0.626866,1/4,0.25,6,20,16,16,3
2025020931,2026-02-27,regular,VGK,WSH,2,3,26,0.481481,1/3,0.333333,10,20,12,20,3,30,0.518519,0/5,0.0,6,17,17,19,4
2025020932,2026-02-27,regular,MIN,UTA,2,5,23,0.462963,1/3,0.333333,8,18,19,17,7,37,0.537037,1/3,0.333333,6,12,8,16,6
2025020933,2026-02-27,regular,WPG,ANA,4,5,33,0.528302,1/4,0.25,9,14,6,13,4,40,0.471698,1/2,0.5,13,23,15,13,8
2025020934,2026-02-28,regular,PIT,NYR,2,3,34,0.230769,1/3,0.333333,4,15,19,15,6,25,0.769231,1/2,0.5,16,28,11,16,4
2025020935,2026-02-28,regular,BOS,PHI,1,3,27,0.534483,0/3,0.0,9,25,21,10,2,17,0.465517,0/2,0.0,11,29,14,17,7
2025020936,2026-02-28,regular,EDM,SJS,4,5,24,0.516667,1/3,0.333333,4,24,10,19,3,33,0.483333,1/2,0.5,6,22,15,22,6
2025020937,2026-02-28,regular,NYI,CBJ,4,3,27,0.566038,0/2,0.0,0,22,20,9,4,30,0.433962,0/0,0.0,4,32,20,20,4
2025020938,2026-02-28,regular,CHI,COL,1,3,15,0.4,1/5,0.2,8,20,13,16,4,35,0.6,0/4,0.0,10,13,11,18,5
2025020939,2026-02-28,regular,OTT,TOR,5,2,40,0.489796,1/3,0.333333,15,27,6,14,6,23,0.510204,0/2,0.0,27,24,15,14,5
2025020940,2026-02-28,regular,WSH,MTL,2,6,29,0.5,0/4,0.0,8,20,13,15,4,25,0.5,0/3,0.0,10,13,12,16,3
2025020941,2026-02-28,regular,BUF,TBL,6,2,35,0.484375,1/5,0.2,12,16,14,16,2,38,0.515625,0/3,0.0,28,28,5,11,6
2025020942,2026-02-28,regular,DET,CAR,2,5,29,0.45614,0/1,0.0,10,26,23,14,2,36,0.54386,1/4,0.25,4,20,6,20,8
2025020943,2026-02-28,regular,NJD,STL,3,1,33,0.509091,1/2,0.5,6,12,12,19,8,26,0.490909,0/3,0.0,4,29,11,12,4
2025020944,2026-02-28,regular,CGY,LAK,0,2,29,0.472727,0/0,0.0,0,20,14,10,4,37,0.527273,0/0,0.0,0,26,20,16,5
2025020945,2026-02-28,regular,NSH,DAL,2,3,27,0.581818,1/3,0.333333,11,26,16,14,5,25,0.418182,1/3,0.333333,11,20,13,14,2
2025020946,2026-02-28,regular,VAN,SEA,1,5,28,0.291667,0/2,0.0,16,10,9,18,7,25,0.708333,1/2,0.5,6,18,8,11,2
2025020947,2026-03-01,regular,VGK,PIT,0,5,22,0.653846,0/2,0.0,13,28,14,16,6,22,0.346154,2/4,0.5,9,19,18,23,6
2025020948,2026-03-01,regular,FLA,NYI,4,5,33,0.507692,1/3,0.333333,2,23,13,12,5,26,0.492308,0/1,0.0,6,25,17,15,6
2025020949,2026-03-01,regular,CHI,UTA,4,0,28,0.339286,1/3,0.333333,6,10,13,12,9,22,0.660714,0/2,0.0,18,21,10,19,2
2025020950,2026-03-01,regular,WPG,SJS,1,2,28,0.510204,0/3,0.0,8,20,16,12,7,33,0.489796,0/4,0.0,6,25,8,12,3
2025020951,2026-03-01,regular,STL,MIN,3,1,24,0.490196,0/1,0.0,4,19,6,17,4,23,0.509804,1/2,0.5,2,13,11,19,7
2025020952,2026-03-01,regular,CGY,ANA,2,3,34,0.486842,1/3,0.333333,10,14,22,16,5,36,0.513158,1/5,0.2,6,25,15,22,7
2025020953,2026-03-02,regular,CBJ,NYR,5,4,29,0.484848,1/1,1.0,2,15,21,13,3,33,0.515152,0/1,0.0,2,27,13,11,6
2025020954,2026-03-02,regular,PHI,TOR,3,2,25,0.407407,1/3,0.333333,6,19,14,17,8,31,0.592593,1/3,0.333333,6,26,16,13,4
2025020955,2026-03-02,regular,DET,NSH,4,2,31,0.483871,0/2,0.0,6,14,19,16,5,30,0.516129,1/3,0.333333,4,18,8,11,2
2025020956,2026-03-02,regular,DAL,VAN,6,1,37,0.5,1/2,0.5,4,19,8,14,4,14,0.5,0/2,0.0,4,19,14,21,3
2025020957,2026-03-02,regular,CAR,SEA,1,2,36,0.48,0/1,0.0,6,13,6,20,5,15,0.52,0/3,0.0,2,31,22,17,6
2025020958,2026-03-02,regular,COL,LAK,4,2,39,0.535714,1/1,1.0,4,13,11,23,2,21,0.464286,1/1,1.0,4,36,23,13,5
2025020959,2026-03-03,regular,PIT,BOS,1,2,35,0.333333,0/4,0.0,6,24,23,12,4,28,0.666667,0/3,0.0,8,23,12,17,4
2025020960,2026-03-03,regular,VGK,BUF,2,3,29,0.442623,0/1,0.0,2,28,10,14,5,28,0.557377,0/1,0.0,2,15,10,15,9
2025020961,2026-03-03,regular,FLA,NJD,1,5,21,0.339286,0/3,0.0,10,33,9,14,4,33,0.660714,0/2,0.0,10,17,10,13,6
2025020962,2026-03-03,regular,UTA,WSH,3,2,23,0.458333,2/2,1.0,4,15,15,10,5,25,0.541667,2/2,1.0,4,28,36,21,5
2025020963,2026-03-03,regular,NSH,CBJ,2,3,25,0.5,1/2,0.5,8,12,16,15,6,27,0.5,0/4,0.0,4,14,16,12,4
2025020964,2026-03-03,regular,CHI,WPG,2,3,19,0.568966,1/3,0.333333,4,19,18,14,3,32,0.431034,0/2,0.0,6,28,11,10,4
2025020965,2026-03-03,regular,DAL,CGY,6,1,35,0.6,1/5,0.2,8,16,11,16,5,21,0.4,0/3,0.0,12,18,20,22,5
2025020966,2026-03-03,regular,OTT,EDM,4,5,21,0.317073,1/3,0.333333,11,14,9,15,5,37,0.682927,2/3,0.666667,11,24,14,21,3
2025020967,2026-03-03,regular,TBL,MIN,1,5,25,0.480769,0/3,0.0,20,25,13,9,3,22,0.519231,1/5,0.2,8,22,15,11,4
2025020968,2026-03-03,regular,COL,ANA,5,1,26,0.509804,1/3,0.333333,6,16,11,12,5,28,0.490196,0/3,0.0,6,24,10,17,3
2025020969,2026-03-03,regular,MTL,SJS,5,7,36,0.546875,2/5,0.4,12,20,18,13,4,28,0.453125,2/4,0.5,14,21,9,17,6
2025020970,2026-03-04,regular,VGK,DET,4,3,25,0.446429,1/2,0.5,8,19,10,11,4,26,0.553571,0/4,0.0,4,11,16,13,5
2025020971,2026-03-04,regular,TOR,NJD,3,4,27,0.52,1/3,0.333333,6,16,13,16,6,47,0.48,0/3,0.0,6,10,11,18,7
2025020972,2026-03-04,regular,CAR,VAN,6,4,33,0.533333,2/3,0.666667,10,13,11,11,4,22,0.466667,2/4,0.5,8,30,17,18,2
2025020973,2026-03-04,regular,NYI,ANA,1,5,43,0.508475,1/4,0.25,8,19,16,18,7,26,0.491525,1/4,0.25,8,28,13,16,6
2025020974,2026-03-04,regular,STL,SEA,3,2,27,0.509434,0/2,0.0,8,18,12,13,4,36,0.490566,0/4,0.0,4,21,13,13,6
2025020975,2026-03-05,regular,TOR,NYR,2,6,32,0.535714,0/1,0.0,4,27,24,12,3,24,0.464286,1/2,0.5,2,22,9,13,5
2025020976,2026-03-05,regular,UTA,PHI,3,0,23,0.5,1/2,0.5,6,21,18,19,4,16,0.5,0/3,0.0,4,29,17,12,4
2025020977,2026-03-05,regular,BUF,PIT,5,1,26,0.595745,1/6,0.166667,12,20,11,13,3,28,0.404255,0/5,0.0,25,18,11,17,2
2025020978,2026-03-05,regular,FLA,CBJ,2,4,28,0.48,1/3,0.333333,8,19,6,15,3,28,0.52,1/3,0.333333,8,16,20,13,3
2025020979,2026-03-05,regular,BOS,NSH,3,6,23,0.622951,1/4,0.25,12,27,15,15,3,29,0.377049,1/5,0.2,10,23,18,10,6
2025020980,2026-03-05,regular,TBL,WPG,1,4,27,0.442623,1/2,0.5,4,23,17,17,1,30,0.557377,0/2,0.0,4,26,15,17,8
2025020981,2026-03-05,regular,OTT,CGY,4,1,37,0.561404,1/4,0.25,6,18,14,13,5,20,0.438596,0/3,0.0,8,18,17,18,3
2025020982,2026-03-05,regular,NYI,LAK,3,5,35,0.557377,0/3,0.0,6,20,17,14,4,35,0.442623,1/3,0.333333,6,24,21,10,6
2025020983,2026-03-06,regular,FLA,DET,3,1,23,0.32,1/3,0.333333,8,29,17,14,4,29,0.68,1/4,0.25,6,11,10,12,5
2025020984,2026-03-06,regular,COL,DAL,5,4,29,0.534483,2/5,0.4,8,24,11,16,2,21,0.465517,1/4,0.25,10,19,17,14,8
2025020985,2026-03-06,regular,VAN,CHI,6,3,22,0.672727,1/4,0.25,8,20,8,13,6,23,0.327273,0/3,0.0,10,17,4,13,3
2025020986,2026-03-06,regular,CAR,EDM,6,3,32,0.436364,0/3,0.0,4,15,9,19,8,16,0.563636,1/2,0.5,6,27,18,13,2
2025020987,2026-03-06,regular,MTL,ANA,5,6,28,0.55,1/4,0.25,4,21,15,17,3,33,0.45,1/2,0.5,8,17,12,15,4
2025020988,2026-03-06,regular,MIN,VGK,4,2,24,0.307692,0/1,0.0,26,22,10,10,4,31,0.692308,1/1,1.0,16,14,18,13,3
2025020989,2026-03-06,regular,STL,SJS,3,2,14,0.386364,0/2,0.0,14,19,12,17,5,25,0.613636,0/2,0.0,14,25,9,23,5
2025020990,2026-03-07,regular,WSH,BOS,1,3,23,0.528302,0/3,0.0,12,18,20,13,5,30,0.471698,1/6,0.166667,6,21,13,19,3
2025020991,2026-03-07,regular,NYR,NJD,3,6,20,0.548387,0/4,0.0,8,23,11,22,5,35,0.451613,3/3,1.0,10,9,12,13,2
2025020992,2026-03-07,regular,NSH,BUF,2,3,25,0.612903,1/3,0.333333,6,15,11,15,8,24,0.387097,0/2,0.0,8,20,17,14,5
2025020993,2026-03-07,regular,PHI,PIT,4,3,16,0.550725,0/2,0.0,17,26,15,12,4,23,0.449275,1/6,0.166667,9,19,5,14,6
2025020994,2026-03-07,regular,TBL,TOR,5,2,33,0.415094,1/4,0.25,11,26,11,12,5,29,0.584906,0/3,0.0,13,22,11,15,4
2025020995,2026-03-07,regular,UTA,CBJ,5,4,25,0.473684,0/1,0.0,16,13,25,19,7,31,0.526316,0/2,0.0,34,25,11,20,5
2025020996,2026-03-07,regular,VAN,WPG,2,3,23,0.434783,0/0,0.0,4,25,17,24,3,36,0.565217,1/2,0.5,0,15,5,16,3
2025020997,2026-03-07,regular,MTL,LAK,4,3,23,0.511111,1/1,1.0,6,21,16,10,3,39,0.488889,0/3,0.0,2,32,13,13,8
2025020998,2026-03-07,regular,CAR,CGY,4,5,29,0.52459,1/2,0.5,8,20,12,22,7,25,0.47541,1/3,0.333333,6,26,10,13,6
2025020999,2026-03-07,regular,NYI,SJS,2,1,34,0.551724,0/3,0.0,4,28,12,15,6,31,0.448276,0/2,0.0,6,27,21,15,3
2025021000,2026-03-07,regular,OTT,SEA,7,4,37,0.587302,0/2,0.0,23,26,8,10,5,21,0.412698,1/4,0.25,6,28,18,16,6
2025021001,2026-03-08,regular,MIN,COL,2,3,34,0.56,1/4,0.25,10,25,21,19,4,36,0.44,0/5,0.0,8,20,14,9,5
2025021002,2026-03-08,regular,BOS,PIT,4,5,28,0.5,1/3,0.333333,6,17,16,16,5,40,0.5,1/2,0.5,8,24,13,19,7
2025021003,2026-03-08,regular,TBL,BUF,7,8,28,0.5,1/2,0.5,57,40,6,11,2,42,0.5,4/7,0.571429,45,27,15,17,5
2025021004,2026-03-08,regular,CHI,DAL,3,4,19,0.309524,0/1,0.0,6,10,22,19,6,31,0.690476,1/3,0.333333,2,27,8,13,5
2025021005,2026-03-08,regular,DET,NJD,3,0,30,0.464286,1/5,0.2,6,17,15,18,6,31,0.535714,0/2,0.0,12,19,6,12,4
2025021006,2026-03-08,regular,STL,ANA,4,0,35,0.423077,1/3,0.333333,27,8,14,16,2,22,0.576923,0/5,0.0,14,20,16,18,5
2025021007,2026-03-08,regular,EDM,VGK,4,2,19,0.5,0/2,0.0,8,26,19,12,5,26,0.5,0/2,0.0,6,15,11,12,4
2025021008,2026-03-09,regular,NYR,PHI,6,2,27,0.454545,3/4,0.75,6,17,8,12,4,34,0.545455,1/3,0.333333,8,32,11,10,3
2025021009,2026-03-09,regular,CGY,WSH,3,7,26,0.433962,0/0,0.0,6,15,13,16,5,29,0.566038,1/3,0.333333,0,20,22,19,7
2025021010,2026-03-09,regular,UTA,CHI,2,3,25,0.470588,0/2,0.0,8,24,10,16,5,26,0.529412,1/4,0.25,4,20,14,11,7
2025021011,2026-03-09,regular,OTT,VAN,2,0,24,0.439024,0/4,0.0,6,22,9,11,2,16,0.560976,0/3,0.0,8,28,9,12,9
2025021012,2026-03-10,regular,LAK,BOS,1,2,16,0.44898,0/2,0.0,13,22,17,12,5,23,0.55102,0/4,0.0,9,21,13,16,4
2025021013,2026-03-10,regular,SJS,BUF,3,6,20,0.490909,1/3,0.333333,24,23,16,17,4,26,0.509091,0/1,0.0,18,21,14,14,7
2025021014,2026-03-10,regular,TOR,MTL,1,3,18,0.508772,0/2,0.0,11,23,15,12,3,33,0.491228,0/2,0.0,11,20,18,11,8
2025021015,2026-03-10,regular,CBJ,TBL,5,2,32,0.436364,2/4,0.5,13,21,15,17,9,18,0.563636,0/3,0.0,15,29,8,11,2
2025021016,2026-03-10,regular,DET,FLA,3,4,28,0.517241,0/2,0.0,6,16,18,15,4,28,0.482759,0/3,0.0,4,31,10,14,6
2025021017,2026-03-10,regular,CGY,NYR,0,4,21,0.5,0/2,0.0,6,25,9,21,4,29,0.5,1/3,0.333333,4,23,16,14,6
2025021018,2026-03-10,regular,PIT,CAR,4,5,28,0.537313,1/5,0.2,12,16,20,20,3,44,0.462687,1/5,0.2,12,28,14,16,7
2025021019,2026-03-10,regular,NYI,STL,4,3,49,0.511111,2/4,0.5,4,25,12,12,4,23,0.488889,0/2,0.0,8,21,12,13,5
2025021020,2026-03-10,regular,VGK,DAL,1,2,27,0.444444,0/3,0.0,10,32,10,14,2,16,0.555556,1/5,0.2,6,25,17,11,2
2025021021,2026-03-10,regular,UTA,MIN,0,5,25,0.45,0/3,0.0,13,14,16,21,3,30,0.55,0/4,0.0,11,22,12,16,8
2025021022,2026-03-10,regular,ANA,WPG,4,1,35,0.431373,0/2,0.0,6,15,11,13,4,13,0.568627,0/3,0.0,4,15,12,12,3
2025021023,2026-03-10,regular,EDM,COL,4,3,24,0.5,2/4,0.5,11,22,22,21,6,30,0.5,1/3,0.333333,26,11,8,15,4
2025021024,2026-03-10,regular,NSH,SEA,4,2,27,0.507246,0/1,0.0,7,13,8,13,5,45,0.492754,0/1,0.0,7,23,18,14,7
2025021025,2026-03-11,regular,MTL,OTT,3,2,23,0.490566,1/2,0.5,8,31,25,24,5,34,0.509434,1/3,0.333333,6,33,11,9,6
2025021026,2026-03-11,regular,WSH,PHI,1,4,23,0.553571,1/3,0.333333,10,20,11,10,3,22,0.446429,0/2,0.0,14,16,16,11,3
2025021027,2026-03-12,regular,SJS,BOS,4,2,28,0.403226,1/2,0.5,24,27,18,18,5,41,0.596774,0/2,0.0,14,17,8,13,5
2025021028,2026-03-12,regular,WSH,BUF,2,1,22,0.4,0/2,0.0,4,22,17,17,9,30,0.6,0/2,0.0,4,24,11,13,5
2025021029,2026-03-12,regular,ANA,TOR,4,6,40,0.433962,0/5,0.0,41,15,9,9,7,28,0.566038,3/7,0.428571,46,34,13,21,6
2025021030,2026-03-12,regular,DET,TBL,1,4,25,0.5,0/1,0.0,2,21,20,10,10,29,0.5,1/1,1.0,2,22,14,16,2
2025021031,2026-03-12,regular,CBJ,FLA,1,2,31,0.585366,0/2,0.0,4,13,10,14,7,21,0.414634,2/2,1.0,4,23,17,23,5
2025021032,2026-03-12,regular,CGY,NJD,5,4,29,0.436364,0/0,0.0,6,22,20,18,5,32,0.563636,2/3,0.666667,0,14,8,15,4
2025021033,2026-03-12,regular,STL,CAR,3,1,17,0.5,0/1,0.0,4,18,9,16,5,32,0.5,0/2,0.0,2,16,12,11,7
2025021034,2026-03-12,regular,EDM,DAL,2,7,32,0.509434,0/3,0.0,24,24,7,25,3,27,0.490566,2/4,0.5,22,14,7,14,7
2025021035,2026-03-12,regular,PHI,MIN,3,2,27,0.428571,0/4,0.0,6,21,10,19,8,23,0.571429,1/3,0.333333,8,32,11,16,3
2025021036,2026-03-12,regular,NYR,WPG,6,3,17,0.433962,1/2,0.5,2,24,18,20,6,26,0.566038,0/1,0.0,4,23,15,18,1
2025021037,2026-03-12,regular,CHI,UTA,3,2,23,0.428571,1/1,1.0,4,15,17,13,8,31,0.571429,0/1,0.0,4,35,11,12,8
2025021038,2026-03-12,regular,NSH,VAN,3,4,19,0.410256,0/2,0.0,4,22,16,14,4,27,0.589744,0/1,0.0,6,17,11,15,6
2025021039,2026-03-12,regular,PIT,VGK,2,6,26,0.311475,0/3,0.0,10,12,12,17,6,17,0.688525,0/2,0.0,12,27,21,23,2
2025021040,2026-03-12,regular,COL,SEA,5,1,26,0.436364,1/3,0.333333,4,17,19,21,4,29,0.563636,0/2,0.0,6,16,10,16,4
2025021041,2026-03-13,regular,LAK,NYI,3,2,27,0.413043,0/3,0.0,10,23,23,11,4,23,0.586957,0/3,0.0,8,23,14,9,5
2025021042,2026-03-13,regular,EDM,STL,2,3,38,0.510204,0/3,0.0,2,22,13,14,5,25,0.489796,0/1,0.0,6,18,12,18,6
2025021043,2026-03-14,regular,ANA,OTT,0,2,24,0.6,0/3,0.0,10,24,12,18,4,28,0.4,0/4,0.0,8,23,17,23,10
2025021044,2026-03-14,regular,BOS,WSH,3,2,34,0.574074,0/4,0.0,10,19,14,15,4,28,0.425926,0/3,0.0,12,20,12,14,4
2025021045,2026-03-14,regular,COL,WPG,1,3,29,0.574074,0/2,0.0,2,17,5,13,3,19,0.425926,0/1,0.0,4,20,24,16,8
2025021046,2026-03-14,regular,NYR,MIN,4,2,18,0.482759,1/3,0.333333,18,13,21,16,2,48,0.517241,1/7,0.142857,10,24,10,9,2
2025021047,2026-03-14,regular,TOR,BUF,2,3,18,0.529412,0/2,0.0,19,35,22,22,6,33,0.470588,1/4,0.25,15,21,9,15,5
2025021048,2026-03-14,regular,SJS,MTL,4,2,22,0.393443,0/1,0.0,6,23,14,23,5,27,0.606557,0/3,0.0,2,22,9,21,4
2025021049,2026-03-14,regular,CAR,TBL,4,2,35,0.536585,0/2,0.0,13,27,10,13,9,19,0.463415,0/3,0.0,11,26,14,14,4
2025021050,2026-03-14,regular,LAK,NJD,4,6,31,0.45614,2/3,0.666667,6,22,13,13,2,28,0.54386,2/3,0.666667,6,16,14,17,4
2025021051,2026-03-14,regular,CGY,NYI,2,3,32,0.422222,0/2,0.0,2,9,10,17,6,27,0.577778,0/1,0.0,4,22,18,16,7
2025021052,2026-03-14,regular,CBJ,PHI,2,1,28,0.52459,0/1,0.0,15,25,18,17,6,19,0.47541,0/4,0.0,9,20,19,16,4
2025021053,2026-03-14,regular,DET,DAL,2,3,24,0.54902,0/3,0.0,12,20,17,13,4,24,0.45098,1/4,0.25,10,21,12,13,4
2025021054,2026-03-14,regular,PIT,UTA,4,3,23,0.440678,2/6,0.333333,6,21,18,19,1,29,0.559322,1/3,0.333333,12,31,8,12,7
2025021055,2026-03-14,regular,SEA,VAN,5,2,33,0.38,1/3,0.333333,4,20,9,9,4,34,0.62,0/2,0.0,6,24,16,22,4
2025021056,2026-03-14,regular,CHI,VGK,0,4,21,0.563636,0/4,0.0,24,20,7,17,4,32,0.436364,2/5,0.4,22,20,7,12,4
2025021057,2026-03-15,regular,STL,WPG,2,3,31,0.340426,0/1,0.0,6,13,6,13,3,16,0.659574,0/3,0.0,2,26,15,17,4
2025021058,2026-03-15,regular,SJS,OTT,4,7,23,0.407407,0/2,0.0,6,23,19,20,5,24,0.592593,2/3,0.666667,4,30,12,11,4
2025021059,2026-03-15,regular,ANA,MTL,4,3,28,0.473684,0/1,0.0,10,17,15,8,3,30,0.526316,0/4,0.0,4,14,20,19,7
2025021060,2026-03-15,regular,TOR,MIN,4,2,26,0.527273,0/1,0.0,8,14,28,23,4,38,0.472727,0/2,0.0,6,22,13,16,6
2025021061,2026-03-15,regular,NSH,EDM,1,3,27,0.423077,0/4,0.0,13,12,9,18,5,30,0.576923,1/4,0.25,13,26,9,15,4
2025021062,2026-03-15,regular,FLA,SEA,2,6,25,0.57377,0/4,0.0,8,26,9,11,1,25,0.42623,1/4,0.25,8,17,14,13,7
2025021063,2026-03-16,regular,CGY,DET,2,5,27,0.595745,0/2,0.0,17,20,13,15,4,25,0.404255,1/4,0.25,13,26,13,13,6
2025021064,2026-03-16,regular,BOS,NJD,3,4,22,0.521127,0/3,0.0,18,22,19,18,6,34,0.478873,0/2,0.0,20,20,9,19,6
2025021065,2026-03-16,regular,LAK,NYR,4,1,26,0.488889,1/2,0.5,4,26,12,14,5,22,0.511111,1/2,0.5,4,20,12,20,4
2025021066,2026-03-16,regular,UTA,DAL,6,3,22,0.510204,1/3,0.333333,16,26,5,18,3,30,0.489796,0/3,0.0,16,26,16,17,3
2025021067,2026-03-16,regular,PIT,COL,7,2,20,0.491228,1/3,0.333333,15,19,19,18,5,27,0.508772,0/4,0.0,13,11,12,16,4
2025021068,2026-03-17,regular,NYI,TOR,3,1,34,0.514706,2/6,0.333333,11,9,8,11,5,27,0.485294,0/3,0.0,17,20,13,13,1
2025021069,2026-03-17,regular,BOS,MTL,2,3,28,0.471698,1/4,0.25,2,32,15,19,3,31,0.528302,0/1,0.0,8,26,12,11,6
2025021070,2026-03-17,regular,CAR,CBJ,1,5,29,0.349206,0/1,0.0,17,29,18,18,3,30,0.650794,2/5,0.4,9,11,23,17,4
2025021071,2026-03-17,regular,NSH,WPG,4,3,23,0.446429,1/1,1.0,8,21,17,8,6,39,0.553571,1/4,0.25,2,16,13,11,3
2025021072,2026-03-17,regular,MIN,CHI,4,3,37,0.583333,1/1,1.0,4,23,14,13,6,26,0.416667,0/2,0.0,2,9,15,16,5
2025021073,2026-03-17,regular,SJS,EDM,3,5,30,0.454545,0/1,0.0,8,22,16,15,4,37,0.545455,1/4,0.25,2,17,8,16,5
2025021074,2026-03-17,regular,FLA,VAN,2,5,23,0.411765,0/2,0.0,28,27,10,20,5,22,0.588235,2/4,0.5,24,20,12,14,7
2025021075,2026-03-17,regular,BUF,VGK,2,0,25,0.491525,0/2,0.0,8,19,14,12,6,29,0.508475,0/3,0.0,6,28,12,19,2
2025021076,2026-03-17,regular,TBL,SEA,6,2,26,0.543478,1/3,0.333333,11,21,7,16,5,18,0.456522,0/3,0.0,11,23,20,21,4
2025021077,2026-03-18,regular,NJD,NYR,6,3,39,0.507937,2/4,0.5,4,14,11,19,6,18,0.492063,0/2,0.0,8,25,8,24,5
2025021078,2026-03-18,regular,PIT,CAR,5,6,35,0.474576,1/4,0.25,6,24,16,16,5,44,0.525424,1/2,0.5,10,26,9,17,5
2025021079,2026-03-18,regular,OTT,WSH,1,4,35,0.672727,0/3,0.0,4,15,12,12,2,25,0.327273,1/2,0.5,6,25,20,12,5
2025021080,2026-03-18,regular,DAL,COL,2,1,18,0.423729,0/2,0.0,6,25,20,14,6,34,0.576271,1/2,0.5,6,29,6,12,5
2025021081,2026-03-18,regular,STL,CGY,1,2,26,0.509434,0/2,0.0,14,26,11,22,7,31,0.490566,0/4,0.0,10,17,10,14,6
2025021082,2026-03-18,regular,PHI,ANA,3,2,28,0.56,0/4,0.0,15,19,20,20,7,36,0.44,1/4,0.25,15,20,11,12,2
2025021083,2026-03-19,regular,WPG,BOS,1,6,24,0.4,1/4,0.25,2,10,8,20,4,27,0.6,0/1,0.0,8,24,10,11,5
2025021084,2026-03-19,regular,NYI,OTT,2,3,19,0.470588,0/4,0.0,14,19,10,14,5,27,0.529412,0/2,0.0,18,29,17,15,5
2025021085,2026-03-19,regular,MTL,DET,1,3,33,0.553571,1/2,0.5,8,27,14,18,2,28,0.446429,0/2,0.0,8,35,12,19,8
2025021086,2026-03-19,regular,NYR,CBJ,3,6,25,0.545455,1/6,0.166667,10,21,12,19,5,37,0.454545,1/5,0.2,12,11,8,11,10
2025021087,2026-03-19,regular,SEA,NSH,1,3,26,0.537037,0/2,0.0,8,14,13,16,3,28,0.462963,1/3,0.333333,6,18,8,15,4
2025021088,2026-03-19,regular,CHI,MIN,2,1,26,0.460317,0/3,0.0,18,10,10,12,4,29,0.539683,0/3,0.0,18,23,13,15,4
2025021089,2026-03-19,regular,FLA,EDM,4,0,23,0.457143,1/2,0.5,4,21,9,17,3,21,0.542857,0/2,0.0,4,28,14,16,7
2025021090,2026-03-19,regular,TBL,VAN,6,2,31,0.526316,0/1,0.0,4,12,14,16,6,21,0.473684,0/2,0.0,2,25,6,12,5
2025021091,2026-03-19,regular,UTA,VGK,4,0,18,0.5,0/2,0.0,9,25,9,24,3,28,0.5,0/2,0.0,9,22,12,13,6
2025021092,2026-03-19,regular,BUF,SJS,5,0,16,0.5,0/2,0.0,4,14,14,10,4,23,0.5,0/2,0.0,4,27,16,19,6
2025021093,2026-03-19,regular,PHI,LAK,4,3,20,0.339286,0/2,0.0,8,20,22,16,7,25,0.660714,1/4,0.25,4,18,17,13,3
2025021094,2026-03-20,regular,CAR,TOR,4,3,36,0.480769,1/5,0.2,4,20,11,10,5,26,0.519231,0/2,0.0,10,21,21,14,5
2025021095,2026-03-20,regular,NJD,WSH,1,2,31,0.481481,0/2,0.0,2,18,14,17,5,28,0.518519,0/1,0.0,4,17,11,18,4
2025021096,2026-03-20,regular,COL,CHI,4,1,49,0.591837,2/5,0.4,6,19,6,14,6,20,0.408163,0/3,0.0,10,19,21,15,4
2025021097,2026-03-20,regular,FLA,CGY,1,4,25,0.442308,0/2,0.0,25,27,7,11,4,36,0.557692,2/7,0.285714,6,18,11,18,6
2025021098,2026-03-20,regular,ANA,UTA,4,1,24,0.639344,0/5,0.0,23,20,28,14,5,30,0.360656,0/3,0.0,17,18,12,18,2
2025021099,2026-03-21,regular,WPG,PIT,4,5,25,0.589286,0/1,0.0,4,15,12,15,4,32,0.410714,0/2,0.0,2,29,14,14,5
2025021100,2026-03-21,regular,VGK,NSH,1,4,40,0.57971,1/4,0.25,12,13,8,14,2,20,0.42029,2/4,0.5,12,13,15,14,8
2025021101,2026-03-21,regular,DAL,MIN,1,2,30,0.611111,1/5,0.2,6,25,15,10,3,28,0.388889,0/2,0.0,12,36,22,16,2
2025021102,2026-03-21,regular,BUF,LAK,4,1,33,0.345455,1/1,1.0,6,15,16,10,7,27,0.654545,1/3,0.333333,2,27,15,11,4
2025021103,2026-03-21,regular,PHI,SJS,4,1,28,0.465517,1/5,0.2,18,23,17,11,6,25,0.534483,1/4,0.25,20,19,10,14,4
2025021104,2026-03-21,regular,SEA,CBJ,2,5,17,0.428571,1/1,1.0,6,14,13,19,4,28,0.571429,0/3,0.0,2,15,13,10,5
2025021105,2026-03-21,regular,NYI,MTL,3,7,22,0.5,2/3,0.666667,30,34,11,11,3,36,0.5,3/4,0.75,28,25,18,13,4
2025021106,2026-03-21,regular,TOR,OTT,2,5,14,0.440678,0/3,0.0,10,17,6,17,2,44,0.559322,1/4,0.25,8,22,13,14,10
2025021107,2026-03-21,regular,STL,VAN,3,1,21,0.325581,1/3,0.333333,4,18,15,13,6,15,0.674419,1/2,0.5,6,26,16,14,1
2025021108,2026-03-21,regular,BOS,DET,4,2,27,0.4,1/3,0.333333,8,21,12,16,4,44,0.6,1/4,0.25,6,22,13,9,3
2025021109,2026-03-21,regular,TBL,EDM,5,2,28,0.530612,1/3,0.333333,18,11,13,19,5,27,0.469388,0/3,0.0,18,28,17,18,2
2025021110,2026-03-22,regular,WPG,NYR,3,2,37,0.46875,1/4,0.25,6,19,9,11,3,29,0.53125,1/3,0.333333,8,31,12,20,5
2025021111,2026-03-22,regular,COL,WSH,3,2,24,0.595745,0/2,0.0,10,15,5,13,7,22,0.404255,1/5,0.2,4,18,14,12,2
2025021112,2026-03-22,regular,CAR,PIT,5,1,26,0.485714,3/5,0.6,8,21,14,15,6,19,0.514286,0/2,0.0,14,29,12,18,3
2025021113,2026-03-22,regular,NSH,CHI,3,2,33,0.520833,0/3,0.0,6,29,10,17,8,29,0.479167,0/3,0.0,6,19,5,16,8
2025021114,2026-03-22,regular,CBJ,NYI,0,1,26,0.4,0/0,0.0,6,24,16,15,1,22,0.6,0/3,0.0,0,24,16,16,5
2025021115,2026-03-22,regular,VGK,DAL,3,2,33,0.578947,1/4,0.25,6,26,12,14,3,15,0.421053,1/3,0.333333,8,24,25,11,5
2025021116,2026-03-22,regular,TBL,CGY,3,4,35,0.464286,0/1,0.0,0,16,4,17,5,29,0.535714,0/0,0.0,2,23,16,20,3
2025021117,2026-03-22,regular,BUF,ANA,5,6,29,0.603175,0/3,0.0,8,12,8,11,2,33,0.396825,3/4,0.75,6,23,13,14,9
2025021118,2026-03-22,regular,LAK,UTA,3,4,36,0.548387,0/1,0.0,2,30,14,16,5,34,0.451613,0/1,0.0,2,31,20,16,7
2025021119,2026-03-23,regular,OTT,NYR,2,1,33,0.380952,1/7,0.142857,8,20,12,16,5,10,0.619048,0/3,0.0,16,39,8,17,4
2025021120,2026-03-24,regular,TOR,BOS,4,2,35,0.348485,2/4,0.5,17,22,8,12,6,20,0.651515,1/5,0.2,16,16,6,28,3
2025021121,2026-03-24,regular,CAR,MTL,2,5,43,0.5,1/2,0.5,8,19,11,16,5,19,0.5,0/3,0.0,6,22,23,12,4
2025021122,2026-03-24,regular,OTT,DET,3,2,21,0.574074,1/2,0.5,15,26,9,19,6,35,0.425926,1/4,0.25,11,13,14,16,4
2025021123,2026-03-24,regular,SEA,FLA,4,5,27,0.545455,0/1,0.0,2,15,18,14,5,24,0.454545,0/1,0.0,2,34,11,16,8
2025021124,2026-03-24,regular,CHI,NYI,4,3,24,0.418182,0/2,0.0,4,17,14,15,4,47,0.581818,0/2,0.0,4,31,12,10,3
2025021125,2026-03-24,regular,CBJ,PHI,3,2,19,0.48,0/2,0.0,9,25,10,15,8,26,0.52,0/1,0.0,11,13,11,14,3
2025021126,2026-03-24,regular,COL,PIT,6,2,30,0.514706,1/3,0.333333,10,14,20,23,2,32,0.485294,0/4,0.0,8,16,10,15,6
2025021127,2026-03-24,regular,MIN,TBL,3,6,24,0.52459,2/4,0.5,20,20,19,17,7,25,0.47541,3/4,0.75,20,20,10,10,2
2025021128,2026-03-24,regular,WSH,STL,0,3,21,0.577778,0/2,0.0,18,17,19,19,6,27,0.422222,0/3,0.0,17,18,12,14,5
2025021129,2026-03-24,regular,SJS,NSH,3,6,30,0.523077,1/4,0.25,4,28,10,16,4,19,0.476923,1/2,0.5,8,20,16,16,6
2025021130,2026-03-24,regular,NJD,DAL,6,4,25,0.5,0/3,0.0,8,15,22,12,4,27,0.5,1/4,0.25,6,21,13,15,9
2025021131,2026-03-24,regular,VGK,WPG,1,4,27,0.480769,1/4,0.25,13,11,14,11,4,21,0.519231,0/4,0.0,13,22,9,9,6
2025021132,2026-03-24,regular,EDM,UTA,5,2,26,0.482143,0/0,0.0,4,19,24,14,4,18,0.517857,1/2,0.5,0,16,20,14,4
2025021133,2026-03-24,regular,LAK,CGY,2,3,25,0.490909,0/2,0.0,6,22,14,16,6,23,0.509091,1/3,0.333333,4,19,16,15,4
2025021134,2026-03-24,regular,ANA,VAN,5,3,34,0.4,1/3,0.333333,6,21,7,19,8,30,0.6,2/3,0.666667,6,13,8,14,4
2025021135,2026-03-25,regular,BOS,BUF,4,3,31,0.532258,0/2,0.0,10,28,19,15,3,25,0.467742,2/3,0.666667,8,21,13,11,4
2025021136,2026-03-25,regular,NYR,TOR,3,4,43,0.555556,2/4,0.5,4,25,12,15,3,18,0.444444,0/2,0.0,8,25,17,13,5
2025021137,2026-03-26,regular,CBJ,MTL,1,2,26,0.489362,0/1,0.0,6,27,8,17,5,20,0.510638,0/2,0.0,4,24,17,8,3
2025021138,2026-03-26,regular,PIT,OTT,4,3,40,0.307692,1/2,0.5,4,15,15,18,8,29,0.692308,1/2,0.5,4,31,12,18,3
2025021139,2026-03-26,regular,SEA,TBL,4,3,20,0.388889,0/1,0.0,13,20,27,11,6,33,0.611111,1/1,1.0,13,19,9,17,4
2025021140,2026-03-26,regular,MIN,FLA,3,2,50,0.514706,0/1,0.0,2,15,20,13,4,20,0.485294,0/1,0.0,2,21,9,13,5
2025021141,2026-03-26,regular,DAL,NYI,1,2,27,0.421053,0/2,0.0,6,21,10,18,5,25,0.578947,0/3,0.0,4,15,15,17,4
2025021142,2026-03-26,regular,CHI,PHI,1,5,26,0.381818,0/3,0.0,8,13,8,14,1,42,0.618182,0/4,0.0,6,22,11,14,6
2025021143,2026-03-26,regular,SJS,STL,1,2,25,0.423729,0/1,0.0,21,27,13,22,5,23,0.576271,0/2,0.0,9,27,21,12,5
2025021144,2026-03-26,regular,NJD,NSH,4,2,30,0.652174,1/3,0.333333,2,21,17,14,5,17,0.347826,0/1,0.0,26,13,13,13,3
2025021145,2026-03-26,regular,COL,WPG,3,2,35,0.5,1/4,0.25,15,14,7,14,4,24,0.5,0/4,0.0,15,25,22,14,3
2025021146,2026-03-26,regular,WSH,UTA,7,4,25,0.516667,1/3,0.333333,32,19,17,15,4,40,0.483333,2/4,0.5,50,20,10,15,5
2025021147,2026-03-26,regular,ANA,CGY,3,2,33,0.515625,2/5,0.4,2,22,14,16,6,25,0.484375,0/1,0.0,10,17,21,24,7
2025021148,2026-03-26,regular,EDM,VGK,4,3,29,0.517241,0/2,0.0,15,15,14,13,5,29,0.482759,0/3,0.0,13,21,20,15,8
2025021149,2026-03-26,regular,LAK,VAN,4,0,38,0.738095,1/2,0.5,29,23,13,11,2,19,0.261905,0/2,0.0,39,14,13,16,4
2025021150,2026-03-27,regular,DET,BUF,5,2,20,0.55814,2/6,0.333333,8,11,14,18,6,30,0.44186,0/3,0.0,14,27,6,18,6
2025021151,2026-03-27,regular,CHI,NYR,1,6,28,0.4,0/3,0.0,13,12,9,20,3,38,0.6,1/3,0.333333,13,22,9,14,6
2025021152,2026-03-28,regular,OTT,TBL,2,4,28,0.546875,0/2,0.0,10,23,24,18,7,27,0.453125,0/4,0.0,6,21,12,15,1
2025021153,2026-03-28,regular,FLA,NYI,2,5,21,0.346154,0/1,0.0,6,21,10,17,4,40,0.653846,1/3,0.333333,2,13,18,17,3
2025021154,2026-03-28,regular,ANA,EDM,2,4,33,0.59322,0/3,0.0,6,15,15,11,6,34,0.40678,0/3,0.0,6,22,18,15,1
2025021155,2026-03-28,regular,MIN,BOS,3,6,34,0.431034,1/3,0.333333,11,19,11,22,7,31,0.568966,0/2,0.0,13,20,23,18,3
2025021156,2026-03-28,regular,DAL,PIT,6,3,26,0.589286,2/5,0.4,8,12,24,12,4,12,0.410714,1/4,0.25,10,19,13,17,3
2025021157,2026-03-28,regular,NJD,CAR,2,5,19,0.5,0/3,0.0,2,26,15,17,4,34,0.5,1/1,1.0,6,12,9,23,7
2025021158,2026-03-28,regular,SJS,CBJ,3,2,36,0.474576,1/2,0.5,2,16,8,25,4,24,0.525424,0/1,0.0,4,17,11,12,6
2025021159,2026-03-28,regular,SEA,BUF,2,3,34,0.474576,0/4,0.0,11,14,17,14,6,36,0.525424,1/3,0.333333,13,27,10,18,6
2025021160,2026-03-28,regular,TOR,STL,1,5,13,0.458333,0/3,0.0,4,23,10,25,6,38,0.541667,1/2,0.5,6,13,6,9,3
2025021161,2026-03-28,regular,MTL,NSH,4,1,32,0.5,0/2,0.0,8,20,16,20,5,24,0.5,0/3,0.0,16,25,7,18,3
2025021162,2026-03-28,regular,WPG,COL,4,2,21,0.5,0/2,0.0,8,32,18,13,7,23,0.5,1/2,0.5,8,21,16,14,5
2025021163,2026-03-28,regular,PHI,DET,5,3,26,0.548387,2/2,1.0,6,25,14,14,4,35,0.451613,0/2,0.0,16,22,9,13,6
2025021164,2026-03-28,regular,UTA,LAK,6,2,28,0.467742,2/3,0.666667,4,21,13,13,6,31,0.532258,0/2,0.0,6,36,24,17,2
2025021165,2026-03-28,regular,VAN,CGY,3,7,34,0.459016,1/4,0.25,11,32,12,19,8,23,0.540984,2/3,0.666667,13,18,11,21,5
2025021166,2026-03-28,regular,WSH,VGK,5,4,22,0.483871,2/6,0.333333,8,18,13,20,8,29,0.516129,1/3,0.333333,12,15,11,20,3
2025021167,2026-03-29,regular,FLA,NYR,1,3,27,0.384615,0/3,0.0,7,15,10,9,4,22,0.615385,0/1,0.0,11,24,21,16,6
2025021168,2026-03-29,regular,NSH,TBL,2,3,31,0.538462,0/4,0.0,8,19,12,15,3,28,0.461538,0/4,0.0,18,18,13,13,6
2025021169,2026-03-29,regular,MTL,CAR,3,1,18,0.458333,1/4,0.25,6,21,32,14,4,35,0.541667,1/3,0.333333,8,29,12,13,4
2025021170,2026-03-29,regular,BOS,CBJ,4,3,39,0.542373,2/4,0.5,16,21,14,14,4,25,0.457627,1/2,0.5,20,23,24,16,5
2025021171,2026-03-29,regular,CHI,NJD,3,5,31,0.396552,1/3,0.333333,4,13,20,16,2,40,0.603448,1/2,0.5,6,23,14,24,6
2025021172,2026-03-29,regular,DAL,PHI,1,2,18,0.4375,0/2,0.0,6,14,5,9,4,30,0.5625,1/3,0.333333,4,31,10,12,7
2025021173,2026-03-30,regular,PIT,NYI,8,3,32,0.31746,0/1,0.0,11,16,17,16,6,23,0.68254,1/2,0.5,9,16,14,15,5
2025021174,2026-03-30,regular,CGY,COL,2,9,29,0.586207,0/1,0.0,8,15,15,15,5,49,0.413793,3/4,0.75,2,15,12,16,6
2025021175,2026-03-30,regular,VAN,VGK,2,4,24,0.516129,1/1,1.0,11,25,15,6,2,34,0.483871,0/2,0.0,9,33,4,10,4
2025021176,2026-03-30,regular,TOR,ANA,5,4,29,0.430769,2/4,0.5,66,28,15,15,4,32,0.569231,1/6,0.166667,32,15,10,23,6
2025021177,2026-03-30,regular,STL,SJS,4,5,26,0.537037,2/3,0.666667,8,15,15,11,1,29,0.462963,3/4,0.75,6,18,15,12,3
2025021178,2026-03-31,regular,DAL,BOS,3,6,16,0.358491,1/3,0.333333,4,24,12,17,4,24,0.641509,1/2,0.5,6,24,8,20,4
2025021179,2026-03-31,regular,NYI,BUF,3,4,28,0.542373,1/3,0.333333,15,26,10,12,6,33,0.457627,2/4,0.5,13,25,15,19,1
2025021180,2026-03-31,regular,MTL,TBL,4,1,23,0.540984,1/3,0.333333,32,23,17,9,4,37,0.459016,0/4,0.0,30,21,9,17,4
2025021181,2026-03-31,regular,OTT,FLA,3,6,26,0.548387,0/5,0.0,6,17,6,16,4,29,0.451613,2/3,0.666667,13,18,14,12,1
2025021182,2026-03-31,regular,NJD,NYR,1,4,23,0.518519,1/3,0.333333,13,19,10,21,6,23,0.481481,1/3,0.333333,13,33,17,15,4
2025021183,2026-03-31,regular,DET,PIT,1,5,23,0.52459,1/1,1.0,13,32,13,17,5,32,0.47541,0/3,0.0,9,18,13,14,6
2025021184,2026-03-31,regular,PHI,WSH,4,6,24,0.561404,0/3,0.0,10,34,11,18,3,18,0.438596,2/3,0.666667,12,25,21,9,7
2025021185,2026-03-31,regular,CAR,CBJ,5,2,33,0.606557,3/5,0.6,6,18,10,16,5,25,0.393443,0/3,0.0,10,23,15,13,4
2025021186,2026-03-31,regular,WPG,CHI,4,3,24,0.666667,1/1,1.0,4,27,12,12,5,21,0.333333,0/2,0.0,2,20,9,13,7
2025021187,2026-03-31,regular,SEA,EDM,0,3,27,0.510204,0/3,0.0,2,13,8,12,5,24,0.489796,0/1,0.0,6,17,16,8,7
2025021188,2026-04-01,regular,VAN,COL,8,6,26,0.557377,1/3,0.333333,6,21,14,8,5,30,0.442623,0/3,0.0,6,11,8,24,2
2025021189,2026-04-01,regular,STL,LAK,1,2,24,0.474576,0/3,0.0,11,15,14,17,4,26,0.525424,1/3,0.333333,11,26,23,21,7
2025021190,2026-04-01,regular,ANA,SJS,3,4,31,0.414286,0/3,0.0,11,20,15,9,5,21,0.585714,1/2,0.5,13,25,9,16,9
2025021191,2026-04-02,regular,BUF,OTT,1,4,22,0.508772,0/2,0.0,19,24,16,14,4,24,0.491228,0/2,0.0,9,32,10,13,3
2025021192,2026-04-02,regular,PIT,TBL,3,6,24,0.609375,1/4,0.25,8,21,18,15,4,33,0.390625,0/3,0.0,10,18,10,17,4
2025021193,2026-04-02,regular,BOS,FLA,1,2,29,0.633333,0/2,0.0,2,22,18,21,4,24,0.366667,0/1,0.0,4,22,18,11,6
2025021194,2026-04-02,regular,WSH,NJD,3,7,32,0.473684,1/3,0.333333,16,18,17,13,5,30,0.526316,1/2,0.5,18,12,18,24,3
2025021195,2026-04-02,regular,MTL,NYR,3,2,25,0.576923,0/2,0.0,6,22,13,15,3,24,0.423077,0/3,0.0,4,27,5,18,5
2025021196,2026-04-02,regular,DET,PHI,4,2,19,0.5,1/2,0.5,2,21,16,12,6,34,0.5,0/1,0.0,4,31,9,13,3
2025021197,2026-04-02,regular,CBJ,CAR,1,5,10,0.395349,0/3,0.0,6,18,14,17,8,21,0.604651,1/2,0.5,8,19,19,19,5
2025021198,2026-04-02,regular,WPG,DAL,0,3,22,0.55,0/3,0.0,19,14,5,11,3,21,0.45,1/1,1.0,23,20,15,21,5
2025021199,2026-04-02,regular,VAN,MIN,2,5,33,0.59322,1/2,0.5,4,22,11,16,4,39,0.40678,0/2,0.0,4,17,19,18,2
2025021200,2026-04-02,regular,CHI,EDM,1,3,18,0.5,0/1,0.0,6,9,14,13,7,39,0.5,1/3,0.333333,2,18,20,12,3
2025021201,2026-04-02,regular,CGY,VGK,3,6,22,0.548387,0/2,0.0,12,24,21,15,3,34,0.451613,1/6,0.166667,4,23,9,25,4
2025021202,2026-04-02,regular,TOR,SJS,1,4,20,0.466667,1/1,1.0,4,21,16,14,7,25,0.533333,0/2,0.0,2,17,16,19,4
2025021203,2026-04-02,regular,UTA,SEA,6,2,31,0.590164,3/6,0.5,6,13,13,20,7,27,0.409836,0/3,0.0,12,24,11,11,4
2025021204,2026-04-02,regular,NSH,LAK,5,4,34,0.438356,0/3,0.0,6,19,16,12,7,33,0.561644,0/3,0.0,6,32,15,20,1
2025021205,2026-04-03,regular,PHI,NYI,4,1,21,0.413793,0/2,0.0,6,25,23,13,5,22,0.586207,0/3,0.0,4,26,10,13,5
2025021206,2026-04-03,regular,STL,ANA,6,2,29,0.515625,2/4,0.5,8,19,14,16,6,27,0.484375,0/3,0.0,10,25,10,16,4
2025021207,2026-04-04,regular,DET,NYR,1,4,33,0.392857,0/4,0.0,9,14,15,10,4,20,0.607143,1/2,0.5,13,23,17,12,4
2025021208,2026-04-04,regular,MIN,OTT,4,1,23,0.433333,0/1,0.0,16,30,13,11,5,34,0.566667,0/2,0.0,14,18,11,14,6
2025021209,2026-04-04,regular,COL,DAL,2,0,22,0.55102,0/1,0.0,6,22,11,16,8,17,0.44898,0/2,0.0,4,17,12,11,1
2025021210,2026-04-04,regular,BOS,TBL,1,3,22,0.689655,0/4,0.0,2,11,14,15,4,23,0.310345,0/1,0.0,8,20,13,12,3
2025021211,2026-04-04,regular,FLA,PIT,4,9,23,0.461538,0/0,0.0,11,18,14,21,0,31,0.538462,3/3,1.0,5,10,11,19,6
2025021212,2026-04-04,regular,MTL,NJD,4,3,29,0.423729,1/5,0.2,2,16,6,12,6,38,0.576271,0/1,0.0,10,17,13,13,1
2025021213,2026-04-04,regular,BUF,WSH,2,6,39,0.515625,0/5,0.0,14,17,8,17,3,28,0.484375,0/2,0.0,20,14,11,18,9
2025021214,2026-04-04,regular,NYI,CAR,3,4,16,0.526316,0/1,0.0,8,23,19,15,4,40,0.473684,0/3,0.0,4,21,7,6,5
2025021215,2026-04-04,regular,WPG,CBJ,2,1,26,0.272727,0/1,0.0,2,28,12,17,3,16,0.727273,0/1,0.0,2,16,16,11,3
2025021216,2026-04-04,regular,UTA,VAN,7,4,25,0.467742,1/3,0.333333,14,15,15,12,4,23,0.532258,2/4,0.5,12,21,10,18,4
2025021217,2026-04-04,regular,TOR,LAK,6,7,20,0.387097,2/4,0.5,14,27,16,11,4,40,0.612903,0/5,0.0,12,18,12,13,2
2025021218,2026-04-04,regular,VGK,EDM,5,1,33,0.44,1/2,0.5,6,16,15,19,8,32,0.56,0/3,0.0,4,34,11,15,3
2025021219,2026-04-04,regular,CGY,ANA,5,3,20,0.555556,0/1,0.0,6,27,16,20,3,39,0.444444,1/3,0.333333,2,21,13,14,6
2025021220,2026-04-04,regular,NSH,SJS,6,3,34,0.529412,2/4,0.5,14,25,17,14,6,27,0.470588,0/4,0.0,14,32,17,14,4
2025021221,2026-04-04,regular,CHI,SEA,4,2,31,0.446154,1/3,0.333333,4,17,20,16,6,27,0.553846,0/2,0.0,6,16,12,13,6
2025021222,2026-04-05,regular,MIN,DET,5,4,20,0.385965,1/2,0.5,2,25,25,13,4,24,0.614035,0/1,0.0,4,18,8,14,4
2025021223,2026-04-05,regular,FLA,PIT,2,5,31,0.58,1/6,0.166667,23,28,9,16,4,23,0.42,1/7,0.142857,21,7,16,13,4
2025021224,2026-04-05,regular,BOS,PHI,1,2,19,0.40678,1/1,1.0,12,19,12,18,4,31,0.59322,1/5,0.2,4,21,14,8,5
2025021225,2026-04-05,regular,CAR,OTT,3,6,28,0.390625,1/2,0.5,4,30,11,16,3,31,0.609375,2/2,1.0,4,28,22,19,5
2025021226,2026-04-05,regular,NJD,MTL,3,0,20,0.557692,0/2,0.0,45,20,19,19,7,18,0.442308,0/4,0.0,11,27,11,13,3
2025021227,2026-04-05,regular,WSH,NYR,1,8,21,0.35,0/3,0.0,23,26,20,10,4,33,0.65,2/4,0.5,21,23,13,17,5
2025021228,2026-04-05,regular,STL,COL,3,2,29,0.5625,0/4,0.0,6,14,12,17,4,28,0.4375,0/3,0.0,8,13,9,15,4
2025021229,2026-04-06,regular,TBL,BUF,2,4,25,0.525424,1/5,0.2,12,28,10,18,5,30,0.474576,0/4,0.0,14,22,10,13,4
2025021230,2026-04-06,regular,SEA,WPG,2,6,24,0.416667,0/0,0.0,6,16,10,15,5,31,0.583333,3/3,1.0,0,27,11,13,3
2025021231,2026-04-06,regular,CHI,SJS,2,3,29,0.307692,1/3,0.333333,4,8,12,15,5,23,0.692308,0/2,0.0,6,27,8,19,2
2025021232,2026-04-06,regular,NSH,LAK,2,3,31,0.416667,1/2,0.5,0,24,20,18,3,28,0.583333,0/0,0.0,4,18,18,14,6
2025021233,2026-04-07,regular,FLA,MTL,3,4,33,0.430769,0/2,0.0,8,29,18,13,7,32,0.569231,1/4,0.25,4,26,11,13,5
2025021234,2026-04-07,regular,TBL,OTT,2,6,30,0.609375,0/2,0.0,8,15,12,18,4,32,0.390625,2/3,0.666667,6,19,12,11,4
2025021235,2026-04-07,regular,CBJ,DET,4,3,35,0.539683,1/4,0.25,4,20,23,15,6,37,0.460317,1/1,1.0,8,26,25,14,5
2025021236,2026-04-07,regular,PHI,NJD,5,1,20,0.574468,1/2,0.5,6,15,15,20,1,24,0.425532,0/3,0.0,4,17,3,18,7
2025021237,2026-04-07,regular,BOS,CAR,5,6,21,0.56338,0/2,0.0,8,18,10,23,2,41,0.43662,1/4,0.25,4,30,11,17,4
2025021238,2026-04-07,regular,COL,STL,3,1,37,0.545455,0/1,0.0,6,11,16,11,2,19,0.454545,0/3,0.0,2,22,14,19,5
2025021239,2026-04-07,regular,CGY,DAL,3,4,20,0.38,1/3,0.333333,10,13,14,22,7,25,0.62,1/5,0.2,6,19,16,17,5
2025021240,2026-04-07,regular,SEA,MIN,2,5,27,0.5,0/3,0.0,9,9,11,15,3,29,0.5,0/1,0.0,13,15,18,20,5
2025021241,2026-04-07,regular,EDM,UTA,5,6,26,0.538462,1/3,0.333333,6,24,13,14,2,31,0.461538,1/3,0.333333,6,19,6,27,5
2025021242,2026-04-07,regular,VGK,VAN,2,1,29,0.58,0/1,0.0,4,22,20,11,1,11,0.42,0/2,0.0,2,27,16,9,7
2025021243,2026-04-07,regular,NSH,ANA,5,0,25,0.462687,1/4,0.25,12,11,16,16,3,43,0.537313,0/6,0.0,8,19,9,16,4
2025021244,2026-04-08,regular,BUF,NYR,5,3,27,0.442308,0/4,0.0,6,19,19,17,6,20,0.557692,2/3,0.666667,8,26,11,12,4
2025021245,2026-04-08,regular,WSH,TOR,4,0,20,0.344828,0/2,0.0,6,16,18,14,7,22,0.655172,0/3,0.0,4,13,12,16,4
2025021246,2026-04-08,regular,EDM,SJS,5,2,26,0.488889,3/3,1.0,6,33,12,13,2,14,0.511111,1/3,0.333333,6,19,15,21,7
2025021247,2026-04-09,regular,CBJ,BUF,0,5,37,0.578947,0/4,0.0,4,18,9,16,4,24,0.421053,0/2,0.0,8,15,20,10,4
2025021248,2026-04-09,regular,TBL,MTL,1,2,18,0.47619,0/4,0.0,71,29,13,19,5,21,0.52381,0/7,0.0,55,34,9,16,6
2025021249,2026-04-09,regular,FLA,OTT,1,5,23,0.440678,0/1,0.0,2,28,13,13,4,26,0.559322,1/1,1.0,2,21,14,10,3
2025021250,2026-04-09,regular,PHI,DET,3,6,27,0.481481,1/6,0.166667,12,30,13,12,3,22,0.518519,3/4,0.75,16,20,12,9,4
2025021251,2026-04-09,regular,PIT,NJD,5,2,30,0.553191,0/1,0.0,2,7,8,15,4,21,0.446809,0/1,0.0,2,12,18,19,5
2025021252,2026-04-09,regular,TOR,NYI,3,5,16,0.462687,1/1,1.0,20,21,13,12,3,44,0.537313,2/5,0.4,2,24,11,16,3
2025021253,2026-04-09,regular,WPG,STL,3,2,34,0.651163,0/1,0.0,10,14,13,11,2,22,0.348837,1/5,0.2,2,19,10,14,3
2025021254,2026-04-09,regular,MIN,DAL,4,5,31,0.508772,3/5,0.6,12,25,11,9,5,20,0.491228,0/1,0.0,20,18,13,12,4
2025021255,2026-04-09,regular,CAR,CHI,7,2,22,0.491525,0/1,0.0,10,14,10,15,5,25,0.508475,0/4,0.0,4,14,16,19,3
2025021256,2026-04-09,regular,CGY,COL,1,3,29,0.509434,0/2,0.0,6,19,19,14,4,41,0.490566,1/3,0.333333,4,11,12,12,3
2025021257,2026-04-09,regular,NSH,UTA,1,4,30,0.56,1/2,0.5,16,18,11,18,2,27,0.44,1/3,0.333333,4,21,12,15,4
2025021258,2026-04-09,regular,SJS,ANA,1,6,19,0.422222,0/0,0.0,8,33,9,20,4,30,0.577778,2/3,0.666667,2,19,22,15,9
2025021259,2026-04-09,regular,VGK,SEA,3,4,35,0.483871,1/1,1.0,2,23,15,18,7,33,0.516129,1/1,1.0,2,20,13,16,8
2025021260,2026-04-09,regular,VAN,LAK,1,4,25,0.367347,0/0,0.0,2,21,11,17,4,26,0.632653,0/0,0.0,2,19,15,18,3
2025021261,2026-04-11,regular,TBL,BOS,2,1,24,0.380952,0/1,0.0,4,27,14,20,8,21,0.619048,0/1,0.0,4,23,13,18,5
2025021262,2026-04-11,regular,OTT,NYI,3,0,16,0.54902,1/5,0.2,15,27,15,12,3,23,0.45098,0/5,0.0,15,26,12,10,5
2025021263,2026-04-11,regular,WSH,PIT,6,3,32,0.574468,1/2,0.5,0,17,15,17,3,11,0.425532,0/0,0.0,4,21,16,18,3
2025021264,2026-04-11,regular,EDM,LAK,0,1,27,0.444444,0/1,0.0,4,28,16,15,6,21,0.555556,0/1,0.0,4,30,21,10,4
2025021265,2026-04-11,regular,NJD,DET,5,3,33,0.415094,0/0,0.0,2,13,11,11,2,28,0.584906,0/1,0.0,0,21,14,13,3
2025021266,2026-04-11,regular,STL,CHI,5,3,28,0.491228,1/1,1.0,4,14,9,23,4,34,0.508772,0/2,0.0,2,9,12,15,6
2025021267,2026-04-11,regular,MIN,NSH,1,2,22,0.477273,0/1,0.0,8,21,14,13,4,22,0.522727,0/4,0.0,4,18,15,17,5
2025021268,2026-04-11,regular,NYR,DAL,0,2,22,0.543478,0/5,0.0,15,22,9,13,6,19,0.456522,1/4,0.25,17,14,19,14,3
2025021269,2026-04-11,regular,CAR,UTA,4,1,29,0.585714,1/3,0.333333,15,17,18,10,4,27,0.414286,1/5,0.2,11,24,16,18,5
2025021270,2026-04-11,regular,FLA,TOR,6,2,25,0.357143,0/1,0.0,2,23,15,11,3,19,0.642857,1/1,1.0,2,26,14,12,4
2025021271,2026-04-11,regular,CBJ,MTL,5,2,33,0.555556,1/4,0.25,12,15,11,18,5,22,0.444444,1/4,0.25,12,22,18,14,1
2025021272,2026-04-11,regular,PHI,WPG,7,1,23,0.578947,0/2,0.0,6,25,17,10,5,28,0.421053,0/3,0.0,4,20,13,24,6
2025021273,2026-04-11,regular,CGY,SEA,1,4,27,0.537037,0/1,0.0,6,13,17,6,5,21,0.462963,0/3,0.0,2,12,11,16,7
2025021274,2026-04-11,regular,VGK,COL,3,2,29,0.538462,1/4,0.25,6,18,12,12,7,32,0.461538,1/3,0.333333,8,13,20,17,5
2025021275,2026-04-11,regular,VAN,SJS,4,3,41,0.568966,2/4,0.5,4,18,12,20,3,32,0.431034,0/2,0.0,8,28,13,17,4
2025021276,2026-04-12,regular,PIT,WSH,0,3,24,0.481481,0/2,0.0,2,10,13,15,8,27,0.518519,0/1,0.0,4,18,15,19,5
2025021277,2026-04-12,regular,MTL,NYI,4,1,22,0.468085,1/2,0.5,6,23,13,12,5,33,0.531915,0/2,0.0,6,16,11,9,4
2025021278,2026-04-12,regular,BOS,CBJ,3,2,22,0.45614,0/0,0.0,6,12,11,14,4,35,0.54386,0/3,0.0,0,20,4,13,3
2025021279,2026-04-12,regular,OTT,NJD,3,4,30,0.581818,1/4,0.25,8,16,9,11,8,30,0.418182,1/4,0.25,8,12,7,23,2
2025021280,2026-04-12,regular,VAN,ANA,4,3,26,0.474576,2/3,0.666667,14,16,10,15,4,27,0.525424,1/2,0.5,16,26,9,22,6
2025021281,2026-04-12,regular,UTA,CGY,1,4,29,0.45283,0/3,0.0,8,20,13,22,8,23,0.54717,0/4,0.0,6,7,16,18,5
2025021282,2026-04-13,regular,DET,TBL,3,4,30,0.589286,0/3,0.0,2,12,10,10,5,22,0.410714,0/1,0.0,6,12,15,16,2
2025021283,2026-04-13,regular,NYR,FLA,2,3,27,0.642857,0/3,0.0,4,28,14,13,3,16,0.357143,0/1,0.0,8,31,12,10,1
2025021284,2026-04-13,regular,CAR,PHI,2,3,26,0.340426,1/1,1.0,4,27,14,18,7,23,0.659574,1/2,0.5,2,32,23,15,5
2025021285,2026-04-13,regular,DAL,TOR,6,5,32,0.603774,1/3,0.333333,4,11,11,18,7,27,0.396226,1/2,0.5,6,27,10,13,3
2025021286,2026-04-13,regular,MIN,STL,3,6,31,0.411765,1/5,0.2,13,23,8,15,2,22,0.588235,0/4,0.0,15,15,6,18,5
2025021287,2026-04-13,regular,SJS,NSH,3,2,23,0.5,1/1,1.0,2,28,14,18,3,28,0.5,0/1,0.0,2,18,11,11,6
2025021288,2026-04-13,regular,BUF,CHI,5,1,26,0.553571,0/2,0.0,10,20,10,12,8,16,0.446429,0/5,0.0,4,8,8,23,2
2025021289,2026-04-13,regular,COL,EDM,2,1,32,0.472727,0/4,0.0,6,12,15,16,3,31,0.527273,0/3,0.0,8,22,26,12,3
2025021290,2026-04-13,regular,WPG,VGK,2,6,23,0.563636,1/5,0.2,18,16,12,9,3,38,0.436364,2/7,0.285714,14,16,10,14,6
2025021291,2026-04-13,regular,LAK,SEA,5,3,30,0.553846,1/2,0.5,7,16,18,19,2,33,0.446154,0/0,0.0,11,20,11,11,5
2025021292,2026-04-14,regular,NJD,BOS,0,4,21,0.357143,0/1,0.0,0,8,9,25,3,26,0.642857,0/0,0.0,2,13,22,15,7
2025021293,2026-04-14,regular,CAR,NYI,2,1,21,0.5,0/1,0.0,4,11,17,16,3,30,0.5,0/2,0.0,2,10,7,22,3
2025021294,2026-04-14,regular,MTL,PHI,2,4,29,0.568627,0/3,0.0,4,26,7,12,3,25,0.431373,0/0,0.0,10,21,15,21,4
2025021295,2026-04-14,regular,WSH,CBJ,2,1,21,0.533333,1/3,0.333333,2,14,11,13,2,28,0.466667,0/1,0.0,6,3,16,23,7
2025021296,2026-04-14,regular,ANA,MIN,2,3,37,0.534483,1/3,0.333333,4,16,7,27,4,20,0.465517,0/1,0.0,8,25,16,10,8
2025021297,2026-04-14,regular,WPG,UTA,3,5,24,0.508197,2/3,0.666667,10,17,15,14,3,36,0.491803,2/5,0.4,6,19,8,19,6
2025021298,2026-04-14,regular,COL,CGY,3,1,38,0.523077,0/4,0.0,4,9,8,18,5,31,0.476923,0/2,0.0,8,13,10,17,6
2025021299,2026-04-14,regular,PIT,STL,5,7,23,0.54386,0/2,0.0,6,15,10,21,7,31,0.45614,1/3,0.333333,4,20,14,15,4
2025021300,2026-04-14,regular,LAK,VAN,3,4,34,0.370968,0/2,0.0,11,18,13,10,3,25,0.629032,1/2,0.5,11,20,8,17,3
2025021301,2026-04-15,regular,DAL,BUF,4,3,28,0.461538,1/3,0.333333,6,21,14,12,8,24,0.538462,0/3,0.0,6,23,14,13,4
2025021302,2026-04-15,regular,NYR,TBL,4,2,21,0.527273,1/3,0.333333,10,23,16,12,4,31,0.472727,0/3,0.0,10,18,11,20,4
2025021303,2026-04-15,regular,DET,FLA,1,8,26,0.589744,0/3,0.0,2,17,9,20,4,28,0.410256,1/1,1.0,6,10,17,12,4
2025021304,2026-04-15,regular,TOR,OTT,1,3,20,0.425926,0/2,0.0,6,28,13,22,3,38,0.574074,2/3,0.666667,4,27,7,18,5
2025021305,2026-04-15,regular,SJS,CHI,2,5,17,0.52381,1/4,0.25,6,26,10,15,8,24,0.47619,0/3,0.0,8,13,14,11,3
2025021306,2026-04-15,regular,SEA,VGK,1,4,23,0.446809,0/0,0.0,4,22,15,13,4,26,0.553191,0/2,0.0,0,19,11,19,3
2025021307,2026-04-16,regular,ANA,NSH,5,4,40,0.508475,1/6,0.166667,6,16,11,13,5,21,0.491525,2/3,0.666667,12,10,16,16,5
2025021308,2026-04-16,regular,SJS,WPG,6,1,33,0.425926,1/2,0.5,18,15,10,10,7,27,0.574074,0/3,0.0,8,10,7,15,4
2025021309,2026-04-16,regular,STL,UTA,5,3,29,0.492537,0/1,0.0,2,17,13,12,5,23,0.507463,0/0,0.0,4,17,11,15,2
2025021310,2026-04-16,regular,LAK,CGY,1,3,28,0.448276,0/2,0.0,8,12,17,13,6,20,0.551724,1/3,0.333333,6,16,22,26,3
2025021311,2026-04-16,regular,VAN,EDM,1,6,12,0.355556,0/1,0.0,18,14,19,15,2,35,0.644444,2/3,0.666667,14,21,11,9,6
2025021312,2026-04-16,regular,SEA,COL,0,2,22,0.410714,0/2,0.0,10,22,19,17,6,35,0.589286,0/4,0.0,6,12,8,12,4
2025030111,2026-04-19,playoffs,BOS,BUF,3,4,20,0.507937,1/3,0.333333,12,38,14,13,5,38,0.492063,0/4,0.0,10,53,11,13,5
2025030112,2026-04-21,playoffs,BOS,BUF,4,2,27,0.545455,1/5,0.2,47,32,27,21,5,35,0.454545,0/5,0.0,47,30,10,15,2
2025030113,2026-04-23,playoffs,BUF,BOS,3,1,30,0.509804,0/5,0.0,10,38,9,9,6,25,0.490196,0/4,0.0,12,35,15,18,5
2025030114,2026-04-26,playoffs,BUF,BOS,6,1,35,0.333333,0/3,0.0,18,23,17,14,4,24,0.666667,0/1,0.0,25,42,12,17,3
2025030115,2026-04-28,playoffs,BOS,BUF,2,1,29,0.596491,0/3,0.0,6,43,23,21,7,26,0.403509,1/3,0.333333,6,27,16,22,2
2025030116,2026-05-01,playoffs,BUF,BOS,4,1,26,0.440678,0/4,0.0,2,27,19,19,3,26,0.559322,0/0,0.0,21,43,9,15,3
2025030121,2026-04-19,playoffs,MTL,TBL,4,3,19,0.610169,3/5,0.6,14,42,17,16,6,23,0.389831,2/5,0.4,14,44,10,9,7
2025030122,2026-04-21,playoffs,MTL,TBL,2,3,27,0.479452,1/4,0.25,25,43,25,21,7,34,0.520548,0/3,0.0,27,34,15,15,5
2025030123,2026-04-24,playoffs,TBL,MTL,2,3,17,0.541667,1/5,0.2,14,31,14,9,8,29,0.458333,0/4,0.0,16,36,19,17,3
2025030124,2026-04-26,playoffs,TBL,MTL,3,2,20,0.350877,1/7,0.142857,16,28,14,15,5,18,0.649123,1/6,0.166667,18,50,13,4,7
2025030125,2026-04-29,playoffs,MTL,TBL,3,2,24,0.66,0/2,0.0,8,37,16,11,6,40,0.34,0/3,0.0,6,23,18,18,4
2025030126,2026-05-01,playoffs,TBL,MTL,1,0,33,0.489362,0/3,0.0,8,38,13,17,6,30,0.510638,0/3,0.0,8,49,22,20,3
2025030127,2026-05-03,playoffs,MTL,TBL,2,1,9,0.533333,0/2,0.0,6,43,14,12,4,29,0.466667,1/3,0.333333,4,30,15,12,4
2025030131,2026-04-18,playoffs,OTT,CAR,0,2,22,0.563636,0/4,0.0,21,39,13,16,4,29,0.436364,0/5,0.0,15,57,11,15,5
2025030132,2026-04-20,playoffs,OTT,CAR,2,3,39,0.6375,0/3,0.0,4,52,26,29,11,49,0.3625,1/1,1.0,8,43,27,31,7
2025030133,2026-04-23,playoffs,CAR,OTT,2,1,27,0.540984,0/4,0.0,10,30,17,21,3,22,0.459016,0/5,0.0,8,45,18,15,4
2025030134,2026-04-25,playoffs,CAR,OTT,4,2,30,0.33871,1/5,0.2,22,33,13,11,6,27,0.66129,1/9,0.111111,14,37,21,19,2
2025030141,2026-04-18,playoffs,PHI,PIT,3,2,20,0.408163,0/3,0.0,8,40,14,11,5,18,0.591837,0/2,0.0,10,41,9,15,3
2025030142,2026-04-20,playoffs,PHI,PIT,3,0,24,0.565217,0/4,0.0,30,48,23,19,3,27,0.434783,0/5,0.0,52,32,8,13,4
2025030143,2026-04-22,playoffs,PIT,PHI,2,5,29,0.418182,2/5,0.4,22,27,13,12,2,29,0.581818,2/3,0.666667,28,44,13,15,7
2025030144,2026-04-25,playoffs,PIT,PHI,4,2,22,0.436364,1/3,0.333333,8,36,15,14,7,30,0.563636,0/3,0.0,18,29,18,15,3
2025030145,2026-04-27,playoffs,PHI,PIT,2,3,20,0.533333,0/2,0.0,10,42,16,11,4,21,0.466667,0/2,0.0,8,37,15,22,4
2025030146,2026-04-29,playoffs,PIT,PHI,0,1,42,0.516667,0/2,0.0,4,26,15,18,5,32,0.483333,0/2,0.0,4,45,10,22,6
2025030151,2026-04-19,playoffs,LAK,COL,1,2,25,0.555556,1/4,0.25,10,49,22,14,4,32,0.444444,0/4,0.0,10,35,21,14,6
2025030152,2026-04-21,playoffs,LAK,COL,1,2,25,0.534247,1/5,0.2,8,23,26,13,3,36,0.465753,0/3,0.0,12,29,26,19,5
2025030153,2026-04-23,playoffs,COL,LAK,4,2,23,0.584906,0/2,0.0,10,24,15,13,4,26,0.415094,1/4,0.25,6,32,15,12,3
2025030154,2026-04-26,playoffs,COL,LAK,5,1,32,0.538462,1/2,0.5,8,21,17,15,4,25,0.461538,0/3,0.0,26,50,13,13,6
2025030161,2026-04-18,playoffs,MIN,DAL,6,1,29,0.491525,2/4,0.5,10,49,17,8,3,28,0.508475,1/4,0.25,10,39,7,14,7
2025030162,2026-04-20,playoffs,MIN,DAL,2,4,30,0.548387,0/4,0.0,16,35,16,12,4,32,0.451613,2/5,0.4,14,27,14,11,5
2025030163,2026-04-22,playoffs,DAL,MIN,4,3,36,0.539326,3/8,0.375,16,34,31,16,4,32,0.460674,1/7,0.142857,18,37,17,16,9
2025030164,2026-04-25,playoffs,DAL,MIN,2,3,45,0.52459,2/2,1.0,8,22,20,15,3,42,0.47541,0/4,0.0,4,42,16,20,4
2025030165,2026-04-28,playoffs,MIN,DAL,4,2,28,0.518519,1/3,0.333333,10,24,26,17,3,22,0.481481,1/4,0.25,8,20,9,14,4
2025030166,2026-04-30,playoffs,DAL,MIN,2,5,23,0.416667,1/2,0.5,6,34,14,9,3,21,0.583333,0/3,0.0,4,32,14,10,4
2025030171,2026-04-19,playoffs,UTA,VGK,2,4,33,0.448276,0/1,0.0,8,31,19,20,4,31,0.551724,1/1,1.0,8,51,17,17,4
2025030172,2026-04-21,playoffs,UTA,VGK,3,2,29,0.5,0/4,0.0,14,39,17,17,6,21,0.5,1/4,0.25,14,33,15,15,5
2025030173,2026-04-24,playoffs,VGK,UTA,2,4,32,0.5,0/4,0.0,4,42,12,12,5,12,0.5,1/1,1.0,10,41,20,24,4
2025030174,2026-04-27,playoffs,VGK,UTA,5,4,36,0.506024,0/4,0.0,6,41,22,22,4,31,0.493976,0/3,0.0,8,57,21,19,5
2025030175,2026-04-29,playoffs,UTA,VGK,4,5,38,0.506173,0/4,0.0,12,44,16,23,9,38,0.493827,1/5,0.2,12,42,20,26,5
2025030176,2026-05-01,playoffs,VGK,UTA,5,1,26,0.611111,1/2,0.5,6,32,17,12,4,23,0.388889,0/3,0.0,4,38,15,20,3
2025030181,2026-04-20,playoffs,ANA,EDM,3,4,28,0.435484,1/2,0.5,4,37,19,14,2,34,0.564516,0/2,0.0,4,46,19,17,7
2025030182,2026-04-22,playoffs,ANA,EDM,6,4,28,0.508197,2/3,0.666667,8,32,13,15,5,37,0.491803,0/4,0.0,6,39,13,20,7
2025030183,2026-04-24,playoffs,EDM,ANA,4,7,25,0.492537,1/2,0.5,13,31,12,14,5,39,0.507463,1/3,0.333333,11,33,9,16,3
2025030184,2026-04-26,playoffs,EDM,ANA,3,4,27,0.469697,2/2,1.0,8,25,17,16,5,38,0.530303,2/4,0.5,4,35,14,18,4
2025030185,2026-04-28,playoffs,ANA,EDM,1,4,30,0.380952,1/2,0.5,12,40,7,17,4,20,0.619048,1/4,0.25,8,44,16,17,4
2025030186,2026-04-30,playoffs,EDM,ANA,2,5,27,0.466667,0/0,0.0,4,27,9,17,3,31,0.533333,1/2,0.5,0,33,17,11,6
2025030211,2026-05-06,playoffs,MTL,BUF,2,4,28,0.627451,1/2,0.5,6,31,12,7,4,16,0.372549,2/3,0.666667,4,27,13,15,5
2025030212,2026-05-08,playoffs,MTL,BUF,5,1,28,0.566038,0/5,0.0,22,18,18,11,7,29,0.433962,0/5,0.0,12,44,11,13,4
2025030213,2026-05-10,playoffs,BUF,MTL,2,6,28,0.377049,1/4,0.25,42,21,15,13,6,36,0.622951,2/6,0.333333,38,25,14,14,3
2025030214,2026-05-12,playoffs,BUF,MTL,3,2,22,0.52459,2/4,0.5,16,23,27,14,6,31,0.47541,1/7,0.142857,10,26,6,15,2
2025030215,2026-05-14,playoffs,MTL,BUF,6,3,26,0.559322,2/2,1.0,16,19,25,16,5,36,0.440678,0/2,0.0,16,22,11,11,4
2025030216,2026-05-16,playoffs,BUF,MTL,8,3,36,0.607143,4/6,0.666667,32,19,18,18,3,22,0.392857,1/3,0.333333,58,31,9,11,5
2025030217,2026-05-18,playoffs,MTL,BUF,3,2,25,0.463768,1/1,1.0,2,28,22,22,7,39,0.536232,0/1,0.0,2,21,11,16,3
2025030221,2026-05-02,playoffs,PHI,CAR,0,3,19,0.555556,0/4,0.0,34,49,14,15,6,23,0.444444,0/4,0.0,34,30,17,17,4
2025030222,2026-05-04,playoffs,PHI,CAR,2,3,36,0.39726,1/7,0.142857,14,43,15,19,4,42,0.60274,1/6,0.166667,16,42,8,20,5
2025030223,2026-05-07,playoffs,CAR,PHI,4,1,31,0.489796,2/9,0.222222,20,31,9,11,4,19,0.510204,0/5,0.0,38,41,17,16,4
2025030224,2026-05-09,playoffs,CAR,PHI,3,2,40,0.513889,0/3,0.0,6,29,7,14,6,17,0.486111,0/3,0.0,6,39,24,19,5
2025030231,2026-05-03,playoffs,MIN,COL,6,9,36,0.630769,0/3,0.0,8,24,12,17,3,43,0.369231,1/2,0.5,10,26,11,17,6
2025030232,2026-05-05,playoffs,MIN,COL,2,5,31,0.370968,0/2,0.0,10,31,13,11,2,23,0.629032,2/5,0.4,4,28,11,15,5
2025030233,2026-05-09,playoffs,COL,MIN,1,5,36,0.615385,1/3,0.333333,8,25,8,16,3,26,0.384615,2/3,0.666667,8,39,15,17,7
2025030234,2026-05-11,playoffs,COL,MIN,5,2,34,0.538462,1/2,0.5,10,32,12,13,5,21,0.461538,1/4,0.25,8,29,22,14,3
2025030235,2026-05-13,playoffs,MIN,COL,3,4,20,0.521739,0/1,0.0,2,31,23,12,4,34,0.478261,0/1,0.0,2,32,11,11,8
2025030241,2026-05-04,playoffs,ANA,VGK,1,3,34,0.491228,0/4,0.0,8,37,10,17,2,22,0.508772,0/2,0.0,12,26,16,23,8
2025030242,2026-05-06,playoffs,ANA,VGK,3,1,28,0.368421,0/5,0.0,8,39,14,15,2,22,0.631579,1/4,0.25,10,39,19,19,2
2025030243,2026-05-08,playoffs,VGK,ANA,6,2,28,0.568627,1/3,0.333333,4,23,20,16,8,33,0.431373,0/2,0.0,6,53,6,8,4
2025030244,2026-05-10,playoffs,VGK,ANA,3,4,21,0.529412,1/3,0.333333,8,27,14,14,7,23,0.470588,2/4,0.5,6,34,13,10,5
2025030245,2026-05-12,playoffs,ANA,VGK,2,3,36,0.469388,1/2,0.5,2,26,8,13,8,32,0.530612,1/1,1.0,15,29,18,17,5
2025030246,2026-05-14,playoffs,VGK,ANA,5,1,21,0.53125,1/2,0.5,12,24,13,17,4,32,0.46875,1/5,0.2,6,30,11,20,5
2025030311,2026-05-21,playoffs,MTL,CAR,6,2,22,0.5,0/2,0.0,8,18,29,12,3,28,0.5,0/2,0.0,8,44,12,16,5
2025030312,2026-05-23,playoffs,MTL,CAR,2,3,12,0.52381,0/2,0.0,6,16,19,16,4,26,0.47619,0/3,0.0,4,46,20,20,7
2025030313,2026-05-25,playoffs,CAR,MTL,3,2,39,0.522388,0/3,0.0,6,37,18,18,13,13,0.477612,1/2,0.5,8,31,33,21,3
2025030314,2026-05-27,playoffs,CAR,MTL,4,0,44,0.462687,1/6,0.166667,24,30,18,15,7,18,0.537313,0/2,0.0,32,30,23,18,3
2025030315,2026-05-29,playoffs,MTL,CAR,1,6,24,0.528302,1/5,0.2,10,11,3,10,3,30,0.471698,1/5,0.2,10,18,12,18,7
2025030321,2026-05-20,playoffs,VGK,COL,4,2,28,0.569231,1/2,0.5,6,34,23,24,7,38,0.430769,1/3,0.333333,4,31,11,9,4
2025030322,2026-05-22,playoffs,VGK,COL,3,1,25,0.413793,0/4,0.0,6,33,16,10,5,31,0.586207,0/2,0.0,8,27,20,16,5
2025030323,2026-05-24,playoffs,COL,VGK,3,5,35,0.446429,0/4,0.0,18,17,11,19,3,23,0.553571,1/3,0.333333,10,34,22,18,4
2025030324,2026-05-26,playoffs,COL,VGK,1,2,21,0.45283,0/1,0.0,4,30,11,16,2,26,0.54717,0/2,0.0,2,29,14,15,3
2025030411,2026-06-02,playoffs,VGK,CAR,5,4,23,0.507937,0/3,0.0,4,35,16,18,3,29,0.492063,0/2,0.0,6,26,13,16,7
2025030412,2026-06-04,playoffs,VGK,CAR,3,4,26,0.435484,0/4,0.0,8,25,25,12,4,26,0.564516,2/4,0.5,8,46,11,17,4
2025030413,2026-06-06,playoffs,CAR,VGK,4,5,33,0.593407,1/2,0.5,4,42,14,30,3,35,0.406593,1/2,0.5,4,66,30,25,11
2025030414,2026-06-09,playoffs,CAR,VGK,5,3,28,0.568627,1/3,0.333333,8,34,16,15,7,21,0.431373,0/3,0.0,8,38,12,23,3
2025030415,2026-06-11,playoffs,VGK,CAR,2,4,25,0.415094,1/3,0.333333,10,32,18,15,2,24,0.584906,2/5,0.4,6,34,12,17,6
2025030416,2026-06-14,playoffs,CAR,VGK,3,0,23,0.52381,0/3,0.0,6,32,12,16,10,22,0.47619,0/3,0.0,6,39,7,19,2
